2026-03-18 01:30:43,701 INFO  [background-preinit] org.hibernate.validator.internal.util.Version:<clinit>:21 - HV000001: Hibernate Validator 6.2.4.Final
2026-03-18 01:30:43,709 INFO  [main] com.example.quiz_project.QuizProjectApplication:logStarting:55 - Starting QuizProjectApplication using Java 1.8.0_452 on Haneko with PID 2588 (D:\Code_projects\target\classes started by 40108 in D:\Code_projects)
2026-03-18 01:30:43,710 INFO  [main] com.example.quiz_project.QuizProjectApplication:logStartupProfileInfo:634 - No active profile set, falling back to 1 default profile: "default"
2026-03-18 01:30:44,323 INFO  [main] org.springframework.data.repository.config.RepositoryConfigurationDelegate:registerRepositoriesIn:132 - Bootstrapping Spring Data JDBC repositories in DEFAULT mode.
2026-03-18 01:30:44,339 INFO  [main] org.springframework.data.repository.config.RepositoryConfigurationDelegate:registerRepositoriesIn:201 - Finished Spring Data repository scanning in 10 ms. Found 0 JDBC repository interfaces.
2026-03-18 01:30:44,995 INFO  [main] org.springframework.boot.web.embedded.tomcat.TomcatWebServer:initialize:108 - Tomcat initialized with port(s): 8080 (http)
2026-03-18 01:30:45,004 INFO  [main] org.apache.coyote.http11.Http11NioProtocol:log:173 - Initializing ProtocolHandler ["http-nio-8080"]
2026-03-18 01:30:45,005 INFO  [main] org.apache.catalina.core.StandardService:log:173 - Starting service [Tomcat]
2026-03-18 01:30:45,005 INFO  [main] org.apache.catalina.core.StandardEngine:log:173 - Starting Servlet engine: [Apache Tomcat/9.0.65]
2026-03-18 01:30:45,252 INFO  [main] org.apache.jasper.servlet.TldScanner:log:173 - At least one JAR was scanned for TLDs yet contained no TLDs. Enable debug logging for this logger for a complete list of JARs that were scanned but no TLDs were found in them. Skipping unneeded JARs during scanning can improve startup time and JSP compilation time.
2026-03-18 01:30:45,258 INFO  [main] org.apache.catalina.core.ContainerBase.[Tomcat].[localhost].[/]:log:173 - Initializing Spring embedded WebApplicationContext
2026-03-18 01:30:45,258 INFO  [main] org.springframework.boot.web.servlet.context.ServletWebServerApplicationContext:prepareWebApplicationContext:292 - Root WebApplicationContext: initialization completed in 1505 ms
2026-03-18 01:30:46,168 INFO  [main] org.apache.coyote.http11.Http11NioProtocol:log:173 - Starting ProtocolHandler ["http-nio-8080"]
2026-03-18 01:30:46,194 INFO  [main] org.springframework.boot.web.embedded.tomcat.TomcatWebServer:start:220 - Tomcat started on port(s): 8080 (http) with context path ''
2026-03-18 01:30:46,202 INFO  [main] com.example.quiz_project.QuizProjectApplication:logStarted:61 - Started QuizProjectApplication in 2.841 seconds (JVM running for 3.278)
2026-03-18 01:31:10,776 INFO  [http-nio-8080-exec-1] org.apache.catalina.core.ContainerBase.[Tomcat].[localhost].[/]:log:173 - Initializing Spring DispatcherServlet 'dispatcherServlet'
2026-03-18 01:31:10,776 INFO  [http-nio-8080-exec-1] org.springframework.web.servlet.DispatcherServlet:initServletBean:525 - Initializing Servlet 'dispatcherServlet'
2026-03-18 01:31:10,778 INFO  [http-nio-8080-exec-1] org.springframework.web.servlet.DispatcherServlet:initServletBean:547 - Completed initialization in 1 ms
2026-03-18 01:31:36,710 ERROR [http-nio-8080-exec-5] org.apache.catalina.core.ContainerBase.[Tomcat].[localhost].[/].[dispatcherServlet]:log:175 - Servlet.service() for servlet [dispatcherServlet] in context with path [] threw exception [Request processing failed; nested exception is org.springframework.jdbc.BadSqlGrammarException: PreparedStatementCallback; bad SQL grammar [SELECT quiz_id,count(*) AS score FROM quizquestion WHERE quiz_id IN (select quiz_id from quiz where user_id =?)   AND choice_id IN (SELECT choice_id FROM choice WHERE is_correct =1) GROUP BY quiz_id]; nested exception is java.sql.SQLSyntaxErrorException: Table 'quiz_db_new.quizquestion' doesn't exist] with root cause
java.sql.SQLSyntaxErrorException: Table 'quiz_db_new.quizquestion' doesn't exist
	at com.mysql.cj.jdbc.exceptions.SQLError.createSQLException(SQLError.java:120)
	at com.mysql.cj.jdbc.exceptions.SQLExceptionsMapping.translateException(SQLExceptionsMapping.java:122)
	at com.mysql.cj.jdbc.ClientPreparedStatement.executeInternal(ClientPreparedStatement.java:916)
	at com.mysql.cj.jdbc.ClientPreparedStatement.executeQuery(ClientPreparedStatement.java:972)
	at org.springframework.jdbc.core.JdbcTemplate$1.doInPreparedStatement(JdbcTemplate.java:722)
	at org.springframework.jdbc.core.JdbcTemplate.execute(JdbcTemplate.java:651)
	at org.springframework.jdbc.core.JdbcTemplate.query(JdbcTemplate.java:713)
	at org.springframework.jdbc.core.JdbcTemplate.query(JdbcTemplate.java:744)
	at org.springframework.jdbc.core.JdbcTemplate.query(JdbcTemplate.java:757)
	at org.springframework.jdbc.core.JdbcTemplate.query(JdbcTemplate.java:810)
	at org.springframework.jdbc.core.JdbcTemplate.queryForList(JdbcTemplate.java:942)
	at com.example.quiz_project.dao.QuizQuestionDao.getScoreByUser(QuizQuestionDao.java:50)
	at com.example.quiz_project.dao.QuizQuestionDao$$FastClassBySpringCGLIB$$4a84924d.invoke(<generated>)
	at org.springframework.cglib.proxy.MethodProxy.invoke(MethodProxy.java:218)
	at org.springframework.aop.framework.CglibAopProxy$CglibMethodInvocation.invokeJoinpoint(CglibAopProxy.java:793)
	at org.springframework.aop.framework.ReflectiveMethodInvocation.proceed(ReflectiveMethodInvocation.java:163)
	at org.springframework.aop.framework.CglibAopProxy$CglibMethodInvocation.proceed(CglibAopProxy.java:763)
	at org.springframework.dao.support.PersistenceExceptionTranslationInterceptor.invoke(PersistenceExceptionTranslationInterceptor.java:137)
	at org.springframework.aop.framework.ReflectiveMethodInvocation.proceed(ReflectiveMethodInvocation.java:186)
	at org.springframework.aop.framework.CglibAopProxy$CglibMethodInvocation.proceed(CglibAopProxy.java:763)
	at org.springframework.aop.framework.CglibAopProxy$DynamicAdvisedInterceptor.intercept(CglibAopProxy.java:708)
	at com.example.quiz_project.dao.QuizQuestionDao$$EnhancerBySpringCGLIB$$7d3b6989.getScoreByUser(<generated>)
	at com.example.quiz_project.service.QuizQuestionService.calScore(QuizQuestionService.java:30)
	at com.example.quiz_project.controller.QuizController.quizindex(QuizController.java:49)
	at sun.reflect.NativeMethodAccessorImpl.invoke0(Native Method)
	at sun.reflect.NativeMethodAccessorImpl.invoke(NativeMethodAccessorImpl.java:62)
	at sun.reflect.DelegatingMethodAccessorImpl.invoke(DelegatingMethodAccessorImpl.java:43)
	at java.lang.reflect.Method.invoke(Method.java:498)
	at org.springframework.web.method.support.InvocableHandlerMethod.doInvoke(InvocableHandlerMethod.java:205)
	at org.springframework.web.method.support.InvocableHandlerMethod.invokeForRequest(InvocableHandlerMethod.java:150)
	at org.springframework.web.servlet.mvc.method.annotation.ServletInvocableHandlerMethod.invokeAndHandle(ServletInvocableHandlerMethod.java:117)
	at org.springframework.web.servlet.mvc.method.annotation.RequestMappingHandlerAdapter.invokeHandlerMethod(RequestMappingHandlerAdapter.java:895)
	at org.springframework.web.servlet.mvc.method.annotation.RequestMappingHandlerAdapter.handleInternal(RequestMappingHandlerAdapter.java:808)
	at org.springframework.web.servlet.mvc.method.AbstractHandlerMethodAdapter.handle(AbstractHandlerMethodAdapter.java:87)
	at org.springframework.web.servlet.DispatcherServlet.doDispatch(DispatcherServlet.java:1070)
	at org.springframework.web.servlet.DispatcherServlet.doService(DispatcherServlet.java:963)
	at org.springframework.web.servlet.FrameworkServlet.processRequest(FrameworkServlet.java:1006)
	at org.springframework.web.servlet.FrameworkServlet.doGet(FrameworkServlet.java:898)
	at javax.servlet.http.HttpServlet.service(HttpServlet.java:655)
	at org.springframework.web.servlet.FrameworkServlet.service(FrameworkServlet.java:883)
	at javax.servlet.http.HttpServlet.service(HttpServlet.java:764)
	at org.apache.catalina.core.ApplicationFilterChain.internalDoFilter(ApplicationFilterChain.java:227)
	at org.apache.catalina.core.ApplicationFilterChain.doFilter(ApplicationFilterChain.java:162)
	at org.apache.tomcat.websocket.server.WsFilter.doFilter(WsFilter.java:53)
	at org.apache.catalina.core.ApplicationFilterChain.internalDoFilter(ApplicationFilterChain.java:189)
	at org.apache.catalina.core.ApplicationFilterChain.doFilter(ApplicationFilterChain.java:162)
	at com.example.quiz_project.filter.LoginFilter.doFilterInternal(LoginFilter.java:26)
	at org.springframework.web.filter.OncePerRequestFilter.doFilter(OncePerRequestFilter.java:117)
	at org.apache.catalina.core.ApplicationFilterChain.internalDoFilter(ApplicationFilterChain.java:189)
	at org.apache.catalina.core.ApplicationFilterChain.doFilter(ApplicationFilterChain.java:162)
	at org.springframework.web.filter.RequestContextFilter.doFilterInternal(RequestContextFilter.java:100)
	at org.springframework.web.filter.OncePerRequestFilter.doFilter(OncePerRequestFilter.java:117)
	at org.apache.catalina.core.ApplicationFilterChain.internalDoFilter(ApplicationFilterChain.java:189)
	at org.apache.catalina.core.ApplicationFilterChain.doFilter(ApplicationFilterChain.java:162)
	at org.springframework.web.filter.FormContentFilter.doFilterInternal(FormContentFilter.java:93)
	at org.springframework.web.filter.OncePerRequestFilter.doFilter(OncePerRequestFilter.java:117)
	at org.apache.catalina.core.ApplicationFilterChain.internalDoFilter(ApplicationFilterChain.java:189)
	at org.apache.catalina.core.ApplicationFilterChain.doFilter(ApplicationFilterChain.java:162)
	at org.springframework.web.filter.CharacterEncodingFilter.doFilterInternal(CharacterEncodingFilter.java:201)
	at org.springframework.web.filter.OncePerRequestFilter.doFilter(OncePerRequestFilter.java:117)
	at org.apache.catalina.core.ApplicationFilterChain.internalDoFilter(ApplicationFilterChain.java:189)
	at org.apache.catalina.core.ApplicationFilterChain.doFilter(ApplicationFilterChain.java:162)
	at org.apache.catalina.core.StandardWrapperValve.invoke(StandardWrapperValve.java:197)
	at org.apache.catalina.core.StandardContextValve.invoke(StandardContextValve.java:97)
	at org.apache.catalina.authenticator.AuthenticatorBase.invoke(AuthenticatorBase.java:541)
	at org.apache.catalina.core.StandardHostValve.invoke(StandardHostValve.java:135)
	at org.apache.catalina.valves.ErrorReportValve.invoke(ErrorReportValve.java:92)
	at org.apache.catalina.core.StandardEngineValve.invoke(StandardEngineValve.java:78)
	at org.apache.catalina.connector.CoyoteAdapter.service(CoyoteAdapter.java:360)
	at org.apache.coyote.http11.Http11Processor.service(Http11Processor.java:399)
	at org.apache.coyote.AbstractProcessorLight.process(AbstractProcessorLight.java:65)
	at org.apache.coyote.AbstractProtocol$ConnectionHandler.process(AbstractProtocol.java:890)
	at org.apache.tomcat.util.net.NioEndpoint$SocketProcessor.doRun(NioEndpoint.java:1789)
	at org.apache.tomcat.util.net.SocketProcessorBase.run(SocketProcessorBase.java:49)
	at org.apache.tomcat.util.threads.ThreadPoolExecutor.runWorker(ThreadPoolExecutor.java:1191)
	at org.apache.tomcat.util.threads.ThreadPoolExecutor$Worker.run(ThreadPoolExecutor.java:659)
	at org.apache.tomcat.util.threads.TaskThread$WrappingRunnable.run(TaskThread.java:61)
	at java.lang.Thread.run(Thread.java:750)
2026-03-18 01:36:51,971 INFO  [background-preinit] org.hibernate.validator.internal.util.Version:<clinit>:21 - HV000001: Hibernate Validator 6.2.4.Final
2026-03-18 01:36:51,975 INFO  [main] com.example.quiz_project.QuizProjectApplication:logStarting:55 - Starting QuizProjectApplication using Java 1.8.0_452 on Haneko with PID 25820 (D:\Code_projects\target\classes started by 40108 in D:\Code_projects)
2026-03-18 01:36:51,975 INFO  [main] com.example.quiz_project.QuizProjectApplication:logStartupProfileInfo:634 - No active profile set, falling back to 1 default profile: "default"
2026-03-18 01:36:52,470 INFO  [main] org.springframework.data.repository.config.RepositoryConfigurationDelegate:registerRepositoriesIn:132 - Bootstrapping Spring Data JDBC repositories in DEFAULT mode.
2026-03-18 01:36:52,484 INFO  [main] org.springframework.data.repository.config.RepositoryConfigurationDelegate:registerRepositoriesIn:201 - Finished Spring Data repository scanning in 9 ms. Found 0 JDBC repository interfaces.
2026-03-18 01:36:53,038 INFO  [main] org.springframework.boot.web.embedded.tomcat.TomcatWebServer:initialize:108 - Tomcat initialized with port(s): 8080 (http)
2026-03-18 01:36:53,045 INFO  [main] org.apache.coyote.http11.Http11NioProtocol:log:173 - Initializing ProtocolHandler ["http-nio-8080"]
2026-03-18 01:36:53,046 INFO  [main] org.apache.catalina.core.StandardService:log:173 - Starting service [Tomcat]
2026-03-18 01:36:53,046 INFO  [main] org.apache.catalina.core.StandardEngine:log:173 - Starting Servlet engine: [Apache Tomcat/9.0.65]
2026-03-18 01:36:53,265 INFO  [main] org.apache.jasper.servlet.TldScanner:log:173 - At least one JAR was scanned for TLDs yet contained no TLDs. Enable debug logging for this logger for a complete list of JARs that were scanned but no TLDs were found in them. Skipping unneeded JARs during scanning can improve startup time and JSP compilation time.
2026-03-18 01:36:53,271 INFO  [main] org.apache.catalina.core.ContainerBase.[Tomcat].[localhost].[/]:log:173 - Initializing Spring embedded WebApplicationContext
2026-03-18 01:36:53,271 INFO  [main] org.springframework.boot.web.servlet.context.ServletWebServerApplicationContext:prepareWebApplicationContext:292 - Root WebApplicationContext: initialization completed in 1258 ms
2026-03-18 01:36:54,128 INFO  [main] org.apache.coyote.http11.Http11NioProtocol:log:173 - Starting ProtocolHandler ["http-nio-8080"]
2026-03-18 01:36:54,149 INFO  [main] org.springframework.boot.web.embedded.tomcat.TomcatWebServer:start:220 - Tomcat started on port(s): 8080 (http) with context path ''
2026-03-18 01:36:54,155 INFO  [main] com.example.quiz_project.QuizProjectApplication:logStarted:61 - Started QuizProjectApplication in 2.5 seconds (JVM running for 2.833)
2026-03-18 01:36:57,741 INFO  [http-nio-8080-exec-1] org.apache.catalina.core.ContainerBase.[Tomcat].[localhost].[/]:log:173 - Initializing Spring DispatcherServlet 'dispatcherServlet'
2026-03-18 01:36:57,741 INFO  [http-nio-8080-exec-1] org.springframework.web.servlet.DispatcherServlet:initServletBean:525 - Initializing Servlet 'dispatcherServlet'
2026-03-18 01:36:57,742 INFO  [http-nio-8080-exec-1] org.springframework.web.servlet.DispatcherServlet:initServletBean:547 - Completed initialization in 1 ms
2026-03-18 01:37:43,312 ERROR [http-nio-8080-exec-8] org.apache.catalina.core.ContainerBase.[Tomcat].[localhost].[/].[dispatcherServlet]:log:175 - Servlet.service() for servlet [dispatcherServlet] in context with path [] threw exception [Request processing failed; nested exception is org.springframework.dao.DuplicateKeyException: PreparedStatementCallback; SQL [INSERT INTO user (user_name,user_password,firstname,lastname,email,phone,is_active,is_admin) VALUES(?,?,?,?,?,?,?,?)]; Duplicate entry 'tangscott959@gmail.com' for key 'user.idx_email'; nested exception is java.sql.SQLIntegrityConstraintViolationException: Duplicate entry 'tangscott959@gmail.com' for key 'user.idx_email'] with root cause
java.sql.SQLIntegrityConstraintViolationException: Duplicate entry 'tangscott959@gmail.com' for key 'user.idx_email'
	at com.mysql.cj.jdbc.exceptions.SQLError.createSQLException(SQLError.java:117)
	at com.mysql.cj.jdbc.exceptions.SQLExceptionsMapping.translateException(SQLExceptionsMapping.java:122)
	at com.mysql.cj.jdbc.ClientPreparedStatement.executeInternal(ClientPreparedStatement.java:916)
	at com.mysql.cj.jdbc.ClientPreparedStatement.executeUpdateInternal(ClientPreparedStatement.java:1061)
	at com.mysql.cj.jdbc.ClientPreparedStatement.executeUpdateInternal(ClientPreparedStatement.java:1009)
	at com.mysql.cj.jdbc.ClientPreparedStatement.executeLargeUpdate(ClientPreparedStatement.java:1320)
	at com.mysql.cj.jdbc.ClientPreparedStatement.executeUpdate(ClientPreparedStatement.java:994)
	at org.springframework.jdbc.core.JdbcTemplate.lambda$update$2(JdbcTemplate.java:965)
	at org.springframework.jdbc.core.JdbcTemplate.execute(JdbcTemplate.java:651)
	at org.springframework.jdbc.core.JdbcTemplate.update(JdbcTemplate.java:960)
	at org.springframework.jdbc.core.JdbcTemplate.update(JdbcTemplate.java:1015)
	at org.springframework.jdbc.core.JdbcTemplate.update(JdbcTemplate.java:1025)
	at com.example.quiz_project.dao.UserDao.AddUser(UserDao.java:38)
	at com.example.quiz_project.dao.UserDao$$FastClassBySpringCGLIB$$a78e3dd.invoke(<generated>)
	at org.springframework.cglib.proxy.MethodProxy.invoke(MethodProxy.java:218)
	at org.springframework.aop.framework.CglibAopProxy$CglibMethodInvocation.invokeJoinpoint(CglibAopProxy.java:793)
	at org.springframework.aop.framework.ReflectiveMethodInvocation.proceed(ReflectiveMethodInvocation.java:163)
	at org.springframework.aop.framework.CglibAopProxy$CglibMethodInvocation.proceed(CglibAopProxy.java:763)
	at org.springframework.dao.support.PersistenceExceptionTranslationInterceptor.invoke(PersistenceExceptionTranslationInterceptor.java:137)
	at org.springframework.aop.framework.ReflectiveMethodInvocation.proceed(ReflectiveMethodInvocation.java:186)
	at org.springframework.aop.framework.CglibAopProxy$CglibMethodInvocation.proceed(CglibAopProxy.java:763)
	at org.springframework.aop.framework.CglibAopProxy$DynamicAdvisedInterceptor.intercept(CglibAopProxy.java:708)
	at com.example.quiz_project.dao.UserDao$$EnhancerBySpringCGLIB$$934fd839.AddUser(<generated>)
	at com.example.quiz_project.controller.RegisterController.registration(RegisterController.java:35)
	at sun.reflect.NativeMethodAccessorImpl.invoke0(Native Method)
	at sun.reflect.NativeMethodAccessorImpl.invoke(NativeMethodAccessorImpl.java:62)
	at sun.reflect.DelegatingMethodAccessorImpl.invoke(DelegatingMethodAccessorImpl.java:43)
	at java.lang.reflect.Method.invoke(Method.java:498)
	at org.springframework.web.method.support.InvocableHandlerMethod.doInvoke(InvocableHandlerMethod.java:205)
	at org.springframework.web.method.support.InvocableHandlerMethod.invokeForRequest(InvocableHandlerMethod.java:150)
	at org.springframework.web.servlet.mvc.method.annotation.ServletInvocableHandlerMethod.invokeAndHandle(ServletInvocableHandlerMethod.java:117)
	at org.springframework.web.servlet.mvc.method.annotation.RequestMappingHandlerAdapter.invokeHandlerMethod(RequestMappingHandlerAdapter.java:895)
	at org.springframework.web.servlet.mvc.method.annotation.RequestMappingHandlerAdapter.handleInternal(RequestMappingHandlerAdapter.java:808)
	at org.springframework.web.servlet.mvc.method.AbstractHandlerMethodAdapter.handle(AbstractHandlerMethodAdapter.java:87)
	at org.springframework.web.servlet.DispatcherServlet.doDispatch(DispatcherServlet.java:1070)
	at org.springframework.web.servlet.DispatcherServlet.doService(DispatcherServlet.java:963)
	at org.springframework.web.servlet.FrameworkServlet.processRequest(FrameworkServlet.java:1006)
	at org.springframework.web.servlet.FrameworkServlet.doPost(FrameworkServlet.java:909)
	at javax.servlet.http.HttpServlet.service(HttpServlet.java:681)
	at org.springframework.web.servlet.FrameworkServlet.service(FrameworkServlet.java:883)
	at javax.servlet.http.HttpServlet.service(HttpServlet.java:764)
	at org.apache.catalina.core.ApplicationFilterChain.internalDoFilter(ApplicationFilterChain.java:227)
	at org.apache.catalina.core.ApplicationFilterChain.doFilter(ApplicationFilterChain.java:162)
	at org.apache.tomcat.websocket.server.WsFilter.doFilter(WsFilter.java:53)
	at org.apache.catalina.core.ApplicationFilterChain.internalDoFilter(ApplicationFilterChain.java:189)
	at org.apache.catalina.core.ApplicationFilterChain.doFilter(ApplicationFilterChain.java:162)
	at org.springframework.web.filter.OncePerRequestFilter.doFilter(OncePerRequestFilter.java:102)
	at org.apache.catalina.core.ApplicationFilterChain.internalDoFilter(ApplicationFilterChain.java:189)
	at org.apache.catalina.core.ApplicationFilterChain.doFilter(ApplicationFilterChain.java:162)
	at org.springframework.web.filter.RequestContextFilter.doFilterInternal(RequestContextFilter.java:100)
	at org.springframework.web.filter.OncePerRequestFilter.doFilter(OncePerRequestFilter.java:117)
	at org.apache.catalina.core.ApplicationFilterChain.internalDoFilter(ApplicationFilterChain.java:189)
	at org.apache.catalina.core.ApplicationFilterChain.doFilter(ApplicationFilterChain.java:162)
	at org.springframework.web.filter.FormContentFilter.doFilterInternal(FormContentFilter.java:93)
	at org.springframework.web.filter.OncePerRequestFilter.doFilter(OncePerRequestFilter.java:117)
	at org.apache.catalina.core.ApplicationFilterChain.internalDoFilter(ApplicationFilterChain.java:189)
	at org.apache.catalina.core.ApplicationFilterChain.doFilter(ApplicationFilterChain.java:162)
	at org.springframework.web.filter.CharacterEncodingFilter.doFilterInternal(CharacterEncodingFilter.java:201)
	at org.springframework.web.filter.OncePerRequestFilter.doFilter(OncePerRequestFilter.java:117)
	at org.apache.catalina.core.ApplicationFilterChain.internalDoFilter(ApplicationFilterChain.java:189)
	at org.apache.catalina.core.ApplicationFilterChain.doFilter(ApplicationFilterChain.java:162)
	at org.apache.catalina.core.StandardWrapperValve.invoke(StandardWrapperValve.java:197)
	at org.apache.catalina.core.StandardContextValve.invoke(StandardContextValve.java:97)
	at org.apache.catalina.authenticator.AuthenticatorBase.invoke(AuthenticatorBase.java:541)
	at org.apache.catalina.core.StandardHostValve.invoke(StandardHostValve.java:135)
	at org.apache.catalina.valves.ErrorReportValve.invoke(ErrorReportValve.java:92)
	at org.apache.catalina.core.StandardEngineValve.invoke(StandardEngineValve.java:78)
	at org.apache.catalina.connector.CoyoteAdapter.service(CoyoteAdapter.java:360)
	at org.apache.coyote.http11.Http11Processor.service(Http11Processor.java:399)
	at org.apache.coyote.AbstractProcessorLight.process(AbstractProcessorLight.java:65)
	at org.apache.coyote.AbstractProtocol$ConnectionHandler.process(AbstractProtocol.java:890)
	at org.apache.tomcat.util.net.NioEndpoint$SocketProcessor.doRun(NioEndpoint.java:1789)
	at org.apache.tomcat.util.net.SocketProcessorBase.run(SocketProcessorBase.java:49)
	at org.apache.tomcat.util.threads.ThreadPoolExecutor.runWorker(ThreadPoolExecutor.java:1191)
	at org.apache.tomcat.util.threads.ThreadPoolExecutor$Worker.run(ThreadPoolExecutor.java:659)
	at org.apache.tomcat.util.threads.TaskThread$WrappingRunnable.run(TaskThread.java:61)
	at java.lang.Thread.run(Thread.java:750)
2026-03-18 01:41:11,629 INFO  [background-preinit] org.hibernate.validator.internal.util.Version:<clinit>:21 - HV000001: Hibernate Validator 6.2.4.Final
2026-03-18 01:41:11,633 INFO  [main] com.example.quiz_project.QuizProjectApplication:logStarting:55 - Starting QuizProjectApplication using Java 1.8.0_452 on Haneko with PID 23024 (D:\Code_projects\target\classes started by 40108 in D:\Code_projects)
2026-03-18 01:41:11,633 INFO  [main] com.example.quiz_project.QuizProjectApplication:logStartupProfileInfo:634 - No active profile set, falling back to 1 default profile: "default"
2026-03-18 01:41:12,098 INFO  [main] org.springframework.data.repository.config.RepositoryConfigurationDelegate:registerRepositoriesIn:132 - Bootstrapping Spring Data JDBC repositories in DEFAULT mode.
2026-03-18 01:41:12,111 INFO  [main] org.springframework.data.repository.config.RepositoryConfigurationDelegate:registerRepositoriesIn:201 - Finished Spring Data repository scanning in 8 ms. Found 0 JDBC repository interfaces.
2026-03-18 01:41:12,628 INFO  [main] org.springframework.boot.web.embedded.tomcat.TomcatWebServer:initialize:108 - Tomcat initialized with port(s): 8080 (http)
2026-03-18 01:41:12,636 INFO  [main] org.apache.coyote.http11.Http11NioProtocol:log:173 - Initializing ProtocolHandler ["http-nio-8080"]
2026-03-18 01:41:12,636 INFO  [main] org.apache.catalina.core.StandardService:log:173 - Starting service [Tomcat]
2026-03-18 01:41:12,636 INFO  [main] org.apache.catalina.core.StandardEngine:log:173 - Starting Servlet engine: [Apache Tomcat/9.0.65]
2026-03-18 01:41:12,847 INFO  [main] org.apache.jasper.servlet.TldScanner:log:173 - At least one JAR was scanned for TLDs yet contained no TLDs. Enable debug logging for this logger for a complete list of JARs that were scanned but no TLDs were found in them. Skipping unneeded JARs during scanning can improve startup time and JSP compilation time.
2026-03-18 01:41:12,852 INFO  [main] org.apache.catalina.core.ContainerBase.[Tomcat].[localhost].[/]:log:173 - Initializing Spring embedded WebApplicationContext
2026-03-18 01:41:12,853 INFO  [main] org.springframework.boot.web.servlet.context.ServletWebServerApplicationContext:prepareWebApplicationContext:292 - Root WebApplicationContext: initialization completed in 1183 ms
2026-03-18 01:41:13,579 INFO  [main] org.apache.coyote.http11.Http11NioProtocol:log:173 - Starting ProtocolHandler ["http-nio-8080"]
2026-03-18 01:41:13,602 INFO  [main] org.springframework.boot.web.embedded.tomcat.TomcatWebServer:start:220 - Tomcat started on port(s): 8080 (http) with context path ''
2026-03-18 01:41:13,610 INFO  [main] com.example.quiz_project.QuizProjectApplication:logStarted:61 - Started QuizProjectApplication in 2.283 seconds (JVM running for 2.58)
2026-03-18 01:41:16,556 INFO  [http-nio-8080-exec-1] org.apache.catalina.core.ContainerBase.[Tomcat].[localhost].[/]:log:173 - Initializing Spring DispatcherServlet 'dispatcherServlet'
2026-03-18 01:41:16,557 INFO  [http-nio-8080-exec-1] org.springframework.web.servlet.DispatcherServlet:initServletBean:525 - Initializing Servlet 'dispatcherServlet'
2026-03-18 01:41:16,558 INFO  [http-nio-8080-exec-1] org.springframework.web.servlet.DispatcherServlet:initServletBean:547 - Completed initialization in 1 ms
2026-03-18 01:42:51,768 INFO  [background-preinit] org.hibernate.validator.internal.util.Version:<clinit>:21 - HV000001: Hibernate Validator 6.2.4.Final
2026-03-18 01:42:51,773 INFO  [main] com.example.quiz_project.QuizProjectApplication:logStarting:55 - Starting QuizProjectApplication using Java 1.8.0_452 on Haneko with PID 11040 (D:\Code_projects\target\classes started by 40108 in D:\Code_projects)
2026-03-18 01:42:51,774 INFO  [main] com.example.quiz_project.QuizProjectApplication:logStartupProfileInfo:634 - No active profile set, falling back to 1 default profile: "default"
2026-03-18 01:42:52,217 INFO  [main] org.springframework.data.repository.config.RepositoryConfigurationDelegate:registerRepositoriesIn:132 - Bootstrapping Spring Data JDBC repositories in DEFAULT mode.
2026-03-18 01:42:52,229 INFO  [main] org.springframework.data.repository.config.RepositoryConfigurationDelegate:registerRepositoriesIn:201 - Finished Spring Data repository scanning in 8 ms. Found 0 JDBC repository interfaces.
2026-03-18 01:42:52,751 INFO  [main] org.springframework.boot.web.embedded.tomcat.TomcatWebServer:initialize:108 - Tomcat initialized with port(s): 8080 (http)
2026-03-18 01:42:52,758 INFO  [main] org.apache.coyote.http11.Http11NioProtocol:log:173 - Initializing ProtocolHandler ["http-nio-8080"]
2026-03-18 01:42:52,758 INFO  [main] org.apache.catalina.core.StandardService:log:173 - Starting service [Tomcat]
2026-03-18 01:42:52,758 INFO  [main] org.apache.catalina.core.StandardEngine:log:173 - Starting Servlet engine: [Apache Tomcat/9.0.65]
2026-03-18 01:42:52,994 INFO  [main] org.apache.jasper.servlet.TldScanner:log:173 - At least one JAR was scanned for TLDs yet contained no TLDs. Enable debug logging for this logger for a complete list of JARs that were scanned but no TLDs were found in them. Skipping unneeded JARs during scanning can improve startup time and JSP compilation time.
2026-03-18 01:42:53,004 INFO  [main] org.apache.catalina.core.ContainerBase.[Tomcat].[localhost].[/]:log:173 - Initializing Spring embedded WebApplicationContext
2026-03-18 01:42:53,004 INFO  [main] org.springframework.boot.web.servlet.context.ServletWebServerApplicationContext:prepareWebApplicationContext:292 - Root WebApplicationContext: initialization completed in 1197 ms
2026-03-18 01:42:53,723 INFO  [main] org.apache.coyote.http11.Http11NioProtocol:log:173 - Starting ProtocolHandler ["http-nio-8080"]
2026-03-18 01:42:53,745 INFO  [main] org.springframework.boot.web.embedded.tomcat.TomcatWebServer:start:220 - Tomcat started on port(s): 8080 (http) with context path ''
2026-03-18 01:42:53,752 INFO  [main] com.example.quiz_project.QuizProjectApplication:logStarted:61 - Started QuizProjectApplication in 2.28 seconds (JVM running for 2.588)
2026-03-18 01:42:54,492 INFO  [http-nio-8080-exec-1] org.apache.catalina.core.ContainerBase.[Tomcat].[localhost].[/]:log:173 - Initializing Spring DispatcherServlet 'dispatcherServlet'
2026-03-18 01:42:54,492 INFO  [http-nio-8080-exec-1] org.springframework.web.servlet.DispatcherServlet:initServletBean:525 - Initializing Servlet 'dispatcherServlet'
2026-03-18 01:42:54,493 INFO  [http-nio-8080-exec-1] org.springframework.web.servlet.DispatcherServlet:initServletBean:547 - Completed initialization in 1 ms
2026-03-18 01:43:43,931 INFO  [main] com.example.quiz_project.QuizProjectApplication:logStarting:55 - Starting QuizProjectApplication using Java 1.8.0_452 on Haneko with PID 21560 (D:\Code_projects\target\classes started by 40108 in D:\Code_projects)
2026-03-18 01:43:43,929 INFO  [background-preinit] org.hibernate.validator.internal.util.Version:<clinit>:21 - HV000001: Hibernate Validator 6.2.4.Final
2026-03-18 01:43:43,933 INFO  [main] com.example.quiz_project.QuizProjectApplication:logStartupProfileInfo:634 - No active profile set, falling back to 1 default profile: "default"
2026-03-18 01:43:44,391 INFO  [main] org.springframework.data.repository.config.RepositoryConfigurationDelegate:registerRepositoriesIn:132 - Bootstrapping Spring Data JDBC repositories in DEFAULT mode.
2026-03-18 01:43:44,404 INFO  [main] org.springframework.data.repository.config.RepositoryConfigurationDelegate:registerRepositoriesIn:201 - Finished Spring Data repository scanning in 8 ms. Found 0 JDBC repository interfaces.
2026-03-18 01:43:44,915 INFO  [main] org.springframework.boot.web.embedded.tomcat.TomcatWebServer:initialize:108 - Tomcat initialized with port(s): 8080 (http)
2026-03-18 01:43:44,923 INFO  [main] org.apache.coyote.http11.Http11NioProtocol:log:173 - Initializing ProtocolHandler ["http-nio-8080"]
2026-03-18 01:43:44,923 INFO  [main] org.apache.catalina.core.StandardService:log:173 - Starting service [Tomcat]
2026-03-18 01:43:44,923 INFO  [main] org.apache.catalina.core.StandardEngine:log:173 - Starting Servlet engine: [Apache Tomcat/9.0.65]
2026-03-18 01:43:45,133 INFO  [main] org.apache.jasper.servlet.TldScanner:log:173 - At least one JAR was scanned for TLDs yet contained no TLDs. Enable debug logging for this logger for a complete list of JARs that were scanned but no TLDs were found in them. Skipping unneeded JARs during scanning can improve startup time and JSP compilation time.
2026-03-18 01:43:45,138 INFO  [main] org.apache.catalina.core.ContainerBase.[Tomcat].[localhost].[/]:log:173 - Initializing Spring embedded WebApplicationContext
2026-03-18 01:43:45,138 INFO  [main] org.springframework.boot.web.servlet.context.ServletWebServerApplicationContext:prepareWebApplicationContext:292 - Root WebApplicationContext: initialization completed in 1171 ms
2026-03-18 01:43:45,837 INFO  [main] org.apache.coyote.http11.Http11NioProtocol:log:173 - Starting ProtocolHandler ["http-nio-8080"]
2026-03-18 01:43:45,860 INFO  [main] org.springframework.boot.web.embedded.tomcat.TomcatWebServer:start:220 - Tomcat started on port(s): 8080 (http) with context path ''
2026-03-18 01:43:45,867 INFO  [main] com.example.quiz_project.QuizProjectApplication:logStarted:61 - Started QuizProjectApplication in 2.238 seconds (JVM running for 2.541)
2026-03-18 01:43:47,418 INFO  [http-nio-8080-exec-1] org.apache.catalina.core.ContainerBase.[Tomcat].[localhost].[/]:log:173 - Initializing Spring DispatcherServlet 'dispatcherServlet'
2026-03-18 01:43:47,418 INFO  [http-nio-8080-exec-1] org.springframework.web.servlet.DispatcherServlet:initServletBean:525 - Initializing Servlet 'dispatcherServlet'
2026-03-18 01:43:47,419 INFO  [http-nio-8080-exec-1] org.springframework.web.servlet.DispatcherServlet:initServletBean:547 - Completed initialization in 1 ms
2026-03-18 01:43:57,651 ERROR [http-nio-8080-exec-5] org.apache.catalina.core.ContainerBase.[Tomcat].[localhost].[/].[dispatcherServlet]:log:175 - Servlet.service() for servlet [dispatcherServlet] in context with path [] threw exception [Request processing failed; nested exception is org.springframework.jdbc.UncategorizedSQLException: PreparedStatementCallback; uncategorized SQLException for SQL [SELECT * FROM  question WHERE  category_id = ? AND is_active =1 ORDER BY RAND() LIMIT 5]; SQL state [S0022]; error code [0]; Column 'quiz_description' not found.; nested exception is java.sql.SQLException: Column 'quiz_description' not found.] with root cause
java.sql.SQLException: Column 'quiz_description' not found.
	at com.mysql.cj.jdbc.exceptions.SQLError.createSQLException(SQLError.java:129)
	at com.mysql.cj.jdbc.exceptions.SQLError.createSQLException(SQLError.java:97)
	at com.mysql.cj.jdbc.exceptions.SQLError.createSQLException(SQLError.java:89)
	at com.mysql.cj.jdbc.exceptions.SQLError.createSQLException(SQLError.java:63)
	at com.mysql.cj.jdbc.result.ResultSetImpl.findColumn(ResultSetImpl.java:584)
	at com.mysql.cj.jdbc.result.ResultSetImpl.getString(ResultSetImpl.java:896)
	at com.example.quiz_project.dao.QuestionRowMapper.mapRow(QuestionRowMapper.java:19)
	at com.example.quiz_project.dao.QuestionRowMapper.mapRow(QuestionRowMapper.java:11)
	at com.example.quiz_project.dao.QuestionRowMapper$$FastClassBySpringCGLIB$$a0f2b80b.invoke(<generated>)
	at org.springframework.cglib.proxy.MethodProxy.invoke(MethodProxy.java:218)
	at org.springframework.aop.framework.CglibAopProxy$CglibMethodInvocation.invokeJoinpoint(CglibAopProxy.java:793)
	at org.springframework.aop.framework.ReflectiveMethodInvocation.proceed(ReflectiveMethodInvocation.java:163)
	at org.springframework.aop.framework.CglibAopProxy$CglibMethodInvocation.proceed(CglibAopProxy.java:763)
	at org.springframework.dao.support.PersistenceExceptionTranslationInterceptor.invoke(PersistenceExceptionTranslationInterceptor.java:137)
	at org.springframework.aop.framework.ReflectiveMethodInvocation.proceed(ReflectiveMethodInvocation.java:186)
	at org.springframework.aop.framework.CglibAopProxy$CglibMethodInvocation.proceed(CglibAopProxy.java:763)
	at org.springframework.aop.framework.CglibAopProxy$DynamicAdvisedInterceptor.intercept(CglibAopProxy.java:708)
	at com.example.quiz_project.dao.QuestionRowMapper$$EnhancerBySpringCGLIB$$aea404e3.mapRow(<generated>)
	at org.springframework.jdbc.core.RowMapperResultSetExtractor.extractData(RowMapperResultSetExtractor.java:94)
	at org.springframework.jdbc.core.RowMapperResultSetExtractor.extractData(RowMapperResultSetExtractor.java:61)
	at org.springframework.jdbc.core.JdbcTemplate$1.doInPreparedStatement(JdbcTemplate.java:723)
	at org.springframework.jdbc.core.JdbcTemplate.execute(JdbcTemplate.java:651)
	at org.springframework.jdbc.core.JdbcTemplate.query(JdbcTemplate.java:713)
	at org.springframework.jdbc.core.JdbcTemplate.query(JdbcTemplate.java:744)
	at org.springframework.jdbc.core.JdbcTemplate.query(JdbcTemplate.java:757)
	at org.springframework.jdbc.core.JdbcTemplate.query(JdbcTemplate.java:815)
	at com.example.quiz_project.dao.QuestionDao.getRandom5ByType(QuestionDao.java:34)
	at com.example.quiz_project.dao.QuestionDao$$FastClassBySpringCGLIB$$8f5fdee2.invoke(<generated>)
	at org.springframework.cglib.proxy.MethodProxy.invoke(MethodProxy.java:218)
	at org.springframework.aop.framework.CglibAopProxy$CglibMethodInvocation.invokeJoinpoint(CglibAopProxy.java:793)
	at org.springframework.aop.framework.ReflectiveMethodInvocation.proceed(ReflectiveMethodInvocation.java:163)
	at org.springframework.aop.framework.CglibAopProxy$CglibMethodInvocation.proceed(CglibAopProxy.java:763)
	at org.springframework.dao.support.PersistenceExceptionTranslationInterceptor.invoke(PersistenceExceptionTranslationInterceptor.java:137)
	at org.springframework.aop.framework.ReflectiveMethodInvocation.proceed(ReflectiveMethodInvocation.java:186)
	at org.springframework.aop.framework.CglibAopProxy$CglibMethodInvocation.proceed(CglibAopProxy.java:763)
	at org.springframework.aop.framework.CglibAopProxy$DynamicAdvisedInterceptor.intercept(CglibAopProxy.java:708)
	at com.example.quiz_project.dao.QuestionDao$$EnhancerBySpringCGLIB$$f3f2f7c8.getRandom5ByType(<generated>)
	at com.example.quiz_project.service.QuestionService.getRandom5(QuestionService.java:28)
	at com.example.quiz_project.controller.QuizController.pageQuestions(QuizController.java:117)
	at sun.reflect.NativeMethodAccessorImpl.invoke0(Native Method)
	at sun.reflect.NativeMethodAccessorImpl.invoke(NativeMethodAccessorImpl.java:62)
	at sun.reflect.DelegatingMethodAccessorImpl.invoke(DelegatingMethodAccessorImpl.java:43)
	at java.lang.reflect.Method.invoke(Method.java:498)
	at org.springframework.web.method.support.InvocableHandlerMethod.doInvoke(InvocableHandlerMethod.java:205)
	at org.springframework.web.method.support.InvocableHandlerMethod.invokeForRequest(InvocableHandlerMethod.java:150)
	at org.springframework.web.servlet.mvc.method.annotation.ServletInvocableHandlerMethod.invokeAndHandle(ServletInvocableHandlerMethod.java:117)
	at org.springframework.web.servlet.mvc.method.annotation.RequestMappingHandlerAdapter.invokeHandlerMethod(RequestMappingHandlerAdapter.java:895)
	at org.springframework.web.servlet.mvc.method.annotation.RequestMappingHandlerAdapter.handleInternal(RequestMappingHandlerAdapter.java:808)
	at org.springframework.web.servlet.mvc.method.AbstractHandlerMethodAdapter.handle(AbstractHandlerMethodAdapter.java:87)
	at org.springframework.web.servlet.DispatcherServlet.doDispatch(DispatcherServlet.java:1070)
	at org.springframework.web.servlet.DispatcherServlet.doService(DispatcherServlet.java:963)
	at org.springframework.web.servlet.FrameworkServlet.processRequest(FrameworkServlet.java:1006)
	at org.springframework.web.servlet.FrameworkServlet.doGet(FrameworkServlet.java:898)
	at javax.servlet.http.HttpServlet.service(HttpServlet.java:655)
	at org.springframework.web.servlet.FrameworkServlet.service(FrameworkServlet.java:883)
	at javax.servlet.http.HttpServlet.service(HttpServlet.java:764)
	at org.apache.catalina.core.ApplicationFilterChain.internalDoFilter(ApplicationFilterChain.java:227)
	at org.apache.catalina.core.ApplicationFilterChain.doFilter(ApplicationFilterChain.java:162)
	at org.apache.tomcat.websocket.server.WsFilter.doFilter(WsFilter.java:53)
	at org.apache.catalina.core.ApplicationFilterChain.internalDoFilter(ApplicationFilterChain.java:189)
	at org.apache.catalina.core.ApplicationFilterChain.doFilter(ApplicationFilterChain.java:162)
	at com.example.quiz_project.filter.LoginFilter.doFilterInternal(LoginFilter.java:26)
	at org.springframework.web.filter.OncePerRequestFilter.doFilter(OncePerRequestFilter.java:117)
	at org.apache.catalina.core.ApplicationFilterChain.internalDoFilter(ApplicationFilterChain.java:189)
	at org.apache.catalina.core.ApplicationFilterChain.doFilter(ApplicationFilterChain.java:162)
	at org.springframework.web.filter.RequestContextFilter.doFilterInternal(RequestContextFilter.java:100)
	at org.springframework.web.filter.OncePerRequestFilter.doFilter(OncePerRequestFilter.java:117)
	at org.apache.catalina.core.ApplicationFilterChain.internalDoFilter(ApplicationFilterChain.java:189)
	at org.apache.catalina.core.ApplicationFilterChain.doFilter(ApplicationFilterChain.java:162)
	at org.springframework.web.filter.FormContentFilter.doFilterInternal(FormContentFilter.java:93)
	at org.springframework.web.filter.OncePerRequestFilter.doFilter(OncePerRequestFilter.java:117)
	at org.apache.catalina.core.ApplicationFilterChain.internalDoFilter(ApplicationFilterChain.java:189)
	at org.apache.catalina.core.ApplicationFilterChain.doFilter(ApplicationFilterChain.java:162)
	at org.springframework.web.filter.CharacterEncodingFilter.doFilterInternal(CharacterEncodingFilter.java:201)
	at org.springframework.web.filter.OncePerRequestFilter.doFilter(OncePerRequestFilter.java:117)
	at org.apache.catalina.core.ApplicationFilterChain.internalDoFilter(ApplicationFilterChain.java:189)
	at org.apache.catalina.core.ApplicationFilterChain.doFilter(ApplicationFilterChain.java:162)
	at org.apache.catalina.core.StandardWrapperValve.invoke(StandardWrapperValve.java:197)
	at org.apache.catalina.core.StandardContextValve.invoke(StandardContextValve.java:97)
	at org.apache.catalina.authenticator.AuthenticatorBase.invoke(AuthenticatorBase.java:541)
	at org.apache.catalina.core.StandardHostValve.invoke(StandardHostValve.java:135)
	at org.apache.catalina.valves.ErrorReportValve.invoke(ErrorReportValve.java:92)
	at org.apache.catalina.core.StandardEngineValve.invoke(StandardEngineValve.java:78)
	at org.apache.catalina.connector.CoyoteAdapter.service(CoyoteAdapter.java:360)
	at org.apache.coyote.http11.Http11Processor.service(Http11Processor.java:399)
	at org.apache.coyote.AbstractProcessorLight.process(AbstractProcessorLight.java:65)
	at org.apache.coyote.AbstractProtocol$ConnectionHandler.process(AbstractProtocol.java:890)
	at org.apache.tomcat.util.net.NioEndpoint$SocketProcessor.doRun(NioEndpoint.java:1789)
	at org.apache.tomcat.util.net.SocketProcessorBase.run(SocketProcessorBase.java:49)
	at org.apache.tomcat.util.threads.ThreadPoolExecutor.runWorker(ThreadPoolExecutor.java:1191)
	at org.apache.tomcat.util.threads.ThreadPoolExecutor$Worker.run(ThreadPoolExecutor.java:659)
	at org.apache.tomcat.util.threads.TaskThread$WrappingRunnable.run(TaskThread.java:61)
	at java.lang.Thread.run(Thread.java:750)
2026-03-18 01:46:23,713 INFO  [background-preinit] org.hibernate.validator.internal.util.Version:<clinit>:21 - HV000001: Hibernate Validator 6.2.4.Final
2026-03-18 01:46:23,717 INFO  [main] com.example.quiz_project.QuizProjectApplication:logStarting:55 - Starting QuizProjectApplication using Java 1.8.0_452 on Haneko with PID 16000 (D:\Code_projects\target\classes started by 40108 in D:\Code_projects)
2026-03-18 01:46:23,718 INFO  [main] com.example.quiz_project.QuizProjectApplication:logStartupProfileInfo:634 - No active profile set, falling back to 1 default profile: "default"
2026-03-18 01:46:24,216 INFO  [main] org.springframework.data.repository.config.RepositoryConfigurationDelegate:registerRepositoriesIn:132 - Bootstrapping Spring Data JDBC repositories in DEFAULT mode.
2026-03-18 01:46:24,228 INFO  [main] org.springframework.data.repository.config.RepositoryConfigurationDelegate:registerRepositoriesIn:201 - Finished Spring Data repository scanning in 8 ms. Found 0 JDBC repository interfaces.
2026-03-18 01:46:24,778 INFO  [main] org.springframework.boot.web.embedded.tomcat.TomcatWebServer:initialize:108 - Tomcat initialized with port(s): 8080 (http)
2026-03-18 01:46:24,785 INFO  [main] org.apache.coyote.http11.Http11NioProtocol:log:173 - Initializing ProtocolHandler ["http-nio-8080"]
2026-03-18 01:46:24,786 INFO  [main] org.apache.catalina.core.StandardService:log:173 - Starting service [Tomcat]
2026-03-18 01:46:24,786 INFO  [main] org.apache.catalina.core.StandardEngine:log:173 - Starting Servlet engine: [Apache Tomcat/9.0.65]
2026-03-18 01:46:25,000 INFO  [main] org.apache.jasper.servlet.TldScanner:log:173 - At least one JAR was scanned for TLDs yet contained no TLDs. Enable debug logging for this logger for a complete list of JARs that were scanned but no TLDs were found in them. Skipping unneeded JARs during scanning can improve startup time and JSP compilation time.
2026-03-18 01:46:25,006 INFO  [main] org.apache.catalina.core.ContainerBase.[Tomcat].[localhost].[/]:log:173 - Initializing Spring embedded WebApplicationContext
2026-03-18 01:46:25,006 INFO  [main] org.springframework.boot.web.servlet.context.ServletWebServerApplicationContext:prepareWebApplicationContext:292 - Root WebApplicationContext: initialization completed in 1249 ms
2026-03-18 01:46:25,728 INFO  [main] org.apache.coyote.http11.Http11NioProtocol:log:173 - Starting ProtocolHandler ["http-nio-8080"]
2026-03-18 01:46:25,753 INFO  [main] org.springframework.boot.web.embedded.tomcat.TomcatWebServer:start:220 - Tomcat started on port(s): 8080 (http) with context path ''
2026-03-18 01:46:25,760 INFO  [main] com.example.quiz_project.QuizProjectApplication:logStarted:61 - Started QuizProjectApplication in 2.36 seconds (JVM running for 2.736)
2026-03-18 01:46:30,236 INFO  [http-nio-8080-exec-1] org.apache.catalina.core.ContainerBase.[Tomcat].[localhost].[/]:log:173 - Initializing Spring DispatcherServlet 'dispatcherServlet'
2026-03-18 01:46:30,237 INFO  [http-nio-8080-exec-1] org.springframework.web.servlet.DispatcherServlet:initServletBean:525 - Initializing Servlet 'dispatcherServlet'
2026-03-18 01:46:30,238 INFO  [http-nio-8080-exec-1] org.springframework.web.servlet.DispatcherServlet:initServletBean:547 - Completed initialization in 1 ms
2026-03-18 01:46:44,090 INFO  [http-nio-8080-exec-8] com.example.quiz_project.controller.QuizController:quizDetails:85 - qclist [QuestionChoice(questionId=1, description=What is 2 + 2?, userChoice=2, choiceList=[Choice(choice_id=1, question_id=1, choice_description=3, is_correct=0), Choice(choice_id=2, question_id=1, choice_description=4, is_correct=1), Choice(choice_id=3, question_id=1, choice_description=5, is_correct=0), Choice(choice_id=4, question_id=1, choice_description=6, is_correct=0)]), QuestionChoice(questionId=2, description=What is 10 × 5?, userChoice=5, choiceList=[Choice(choice_id=5, question_id=2, choice_description=50, is_correct=1), Choice(choice_id=6, question_id=2, choice_description=40, is_correct=0), Choice(choice_id=7, question_id=2, choice_description=60, is_correct=0), Choice(choice_id=8, question_id=2, choice_description=55, is_correct=0)])]
2026-03-18 09:17:51,324 INFO  [background-preinit] org.hibernate.validator.internal.util.Version:<clinit>:21 - HV000001: Hibernate Validator 6.2.4.Final
2026-03-18 09:17:51,333 INFO  [main] com.example.quiz_project.QuizProjectApplication:logStarting:55 - Starting QuizProjectApplication using Java 1.8.0_452 on Haneko with PID 5580 (D:\Code_projects\target\classes started by 40108 in D:\Code_projects)
2026-03-18 09:17:51,334 INFO  [main] com.example.quiz_project.QuizProjectApplication:logStartupProfileInfo:634 - No active profile set, falling back to 1 default profile: "default"
2026-03-18 09:17:52,503 INFO  [main] org.springframework.data.repository.config.RepositoryConfigurationDelegate:registerRepositoriesIn:132 - Bootstrapping Spring Data JDBC repositories in DEFAULT mode.
2026-03-18 09:17:52,530 INFO  [main] org.springframework.data.repository.config.RepositoryConfigurationDelegate:registerRepositoriesIn:201 - Finished Spring Data repository scanning in 19 ms. Found 0 JDBC repository interfaces.
2026-03-18 09:17:53,695 INFO  [main] org.springframework.boot.web.embedded.tomcat.TomcatWebServer:initialize:108 - Tomcat initialized with port(s): 8080 (http)
2026-03-18 09:17:53,710 INFO  [main] org.apache.coyote.http11.Http11NioProtocol:log:173 - Initializing ProtocolHandler ["http-nio-8080"]
2026-03-18 09:17:53,711 INFO  [main] org.apache.catalina.core.StandardService:log:173 - Starting service [Tomcat]
2026-03-18 09:17:53,712 INFO  [main] org.apache.catalina.core.StandardEngine:log:173 - Starting Servlet engine: [Apache Tomcat/9.0.65]
2026-03-18 09:17:54,214 INFO  [main] org.apache.jasper.servlet.TldScanner:log:173 - At least one JAR was scanned for TLDs yet contained no TLDs. Enable debug logging for this logger for a complete list of JARs that were scanned but no TLDs were found in them. Skipping unneeded JARs during scanning can improve startup time and JSP compilation time.
2026-03-18 09:17:54,226 INFO  [main] org.apache.catalina.core.ContainerBase.[Tomcat].[localhost].[/]:log:173 - Initializing Spring embedded WebApplicationContext
2026-03-18 09:17:54,226 INFO  [main] org.springframework.boot.web.servlet.context.ServletWebServerApplicationContext:prepareWebApplicationContext:292 - Root WebApplicationContext: initialization completed in 2815 ms
2026-03-18 09:17:56,003 INFO  [main] org.apache.coyote.http11.Http11NioProtocol:log:173 - Starting ProtocolHandler ["http-nio-8080"]
2026-03-18 09:17:56,054 INFO  [main] org.springframework.boot.web.embedded.tomcat.TomcatWebServer:start:220 - Tomcat started on port(s): 8080 (http) with context path ''
2026-03-18 09:17:56,068 INFO  [main] com.example.quiz_project.QuizProjectApplication:logStarted:61 - Started QuizProjectApplication in 5.396 seconds (JVM running for 6.177)
2026-03-18 09:18:11,354 INFO  [http-nio-8080-exec-1] org.apache.catalina.core.ContainerBase.[Tomcat].[localhost].[/]:log:173 - Initializing Spring DispatcherServlet 'dispatcherServlet'
2026-03-18 09:18:11,355 INFO  [http-nio-8080-exec-1] org.springframework.web.servlet.DispatcherServlet:initServletBean:525 - Initializing Servlet 'dispatcherServlet'
2026-03-18 09:18:11,356 INFO  [http-nio-8080-exec-1] org.springframework.web.servlet.DispatcherServlet:initServletBean:547 - Completed initialization in 1 ms
2026-03-18 09:18:26,424 ERROR [http-nio-8080-exec-7] org.apache.catalina.core.ContainerBase.[Tomcat].[localhost].[/].[dispatcherServlet]:log:175 - Servlet.service() for servlet [dispatcherServlet] in context with path [] threw exception [Request processing failed; nested exception is org.springframework.jdbc.BadSqlGrammarException: PreparedStatementCallback; bad SQL grammar [INSERT INTO feedback (feedback_text, rating, created_at) VALUES(?,?,?)]; nested exception is java.sql.SQLSyntaxErrorException: Unknown column 'feedback_text' in 'field list'] with root cause
java.sql.SQLSyntaxErrorException: Unknown column 'feedback_text' in 'field list'
	at com.mysql.cj.jdbc.exceptions.SQLError.createSQLException(SQLError.java:120)
	at com.mysql.cj.jdbc.exceptions.SQLExceptionsMapping.translateException(SQLExceptionsMapping.java:122)
	at com.mysql.cj.jdbc.ClientPreparedStatement.executeInternal(ClientPreparedStatement.java:916)
	at com.mysql.cj.jdbc.ClientPreparedStatement.executeUpdateInternal(ClientPreparedStatement.java:1061)
	at com.mysql.cj.jdbc.ClientPreparedStatement.executeUpdateInternal(ClientPreparedStatement.java:1009)
	at com.mysql.cj.jdbc.ClientPreparedStatement.executeLargeUpdate(ClientPreparedStatement.java:1320)
	at com.mysql.cj.jdbc.ClientPreparedStatement.executeUpdate(ClientPreparedStatement.java:994)
	at org.springframework.jdbc.core.JdbcTemplate.lambda$update$2(JdbcTemplate.java:965)
	at org.springframework.jdbc.core.JdbcTemplate.execute(JdbcTemplate.java:651)
	at org.springframework.jdbc.core.JdbcTemplate.update(JdbcTemplate.java:960)
	at org.springframework.jdbc.core.JdbcTemplate.update(JdbcTemplate.java:1015)
	at org.springframework.jdbc.core.JdbcTemplate.update(JdbcTemplate.java:1025)
	at com.example.quiz_project.dao.FeedbackDao.addFeedback(FeedbackDao.java:30)
	at com.example.quiz_project.dao.FeedbackDao$$FastClassBySpringCGLIB$$84216e3.invoke(<generated>)
	at org.springframework.cglib.proxy.MethodProxy.invoke(MethodProxy.java:218)
	at org.springframework.aop.framework.CglibAopProxy$CglibMethodInvocation.invokeJoinpoint(CglibAopProxy.java:793)
	at org.springframework.aop.framework.ReflectiveMethodInvocation.proceed(ReflectiveMethodInvocation.java:163)
	at org.springframework.aop.framework.CglibAopProxy$CglibMethodInvocation.proceed(CglibAopProxy.java:763)
	at org.springframework.dao.support.PersistenceExceptionTranslationInterceptor.invoke(PersistenceExceptionTranslationInterceptor.java:137)
	at org.springframework.aop.framework.ReflectiveMethodInvocation.proceed(ReflectiveMethodInvocation.java:186)
	at org.springframework.aop.framework.CglibAopProxy$CglibMethodInvocation.proceed(CglibAopProxy.java:763)
	at org.springframework.aop.framework.CglibAopProxy$DynamicAdvisedInterceptor.intercept(CglibAopProxy.java:708)
	at com.example.quiz_project.dao.FeedbackDao$$EnhancerBySpringCGLIB$$b798d98e.addFeedback(<generated>)
	at com.example.quiz_project.controller.FeedbackController.feedback(FeedbackController.java:31)
	at sun.reflect.NativeMethodAccessorImpl.invoke0(Native Method)
	at sun.reflect.NativeMethodAccessorImpl.invoke(NativeMethodAccessorImpl.java:62)
	at sun.reflect.DelegatingMethodAccessorImpl.invoke(DelegatingMethodAccessorImpl.java:43)
	at java.lang.reflect.Method.invoke(Method.java:498)
	at org.springframework.web.method.support.InvocableHandlerMethod.doInvoke(InvocableHandlerMethod.java:205)
	at org.springframework.web.method.support.InvocableHandlerMethod.invokeForRequest(InvocableHandlerMethod.java:150)
	at org.springframework.web.servlet.mvc.method.annotation.ServletInvocableHandlerMethod.invokeAndHandle(ServletInvocableHandlerMethod.java:117)
	at org.springframework.web.servlet.mvc.method.annotation.RequestMappingHandlerAdapter.invokeHandlerMethod(RequestMappingHandlerAdapter.java:895)
	at org.springframework.web.servlet.mvc.method.annotation.RequestMappingHandlerAdapter.handleInternal(RequestMappingHandlerAdapter.java:808)
	at org.springframework.web.servlet.mvc.method.AbstractHandlerMethodAdapter.handle(AbstractHandlerMethodAdapter.java:87)
	at org.springframework.web.servlet.DispatcherServlet.doDispatch(DispatcherServlet.java:1070)
	at org.springframework.web.servlet.DispatcherServlet.doService(DispatcherServlet.java:963)
	at org.springframework.web.servlet.FrameworkServlet.processRequest(FrameworkServlet.java:1006)
	at org.springframework.web.servlet.FrameworkServlet.doPost(FrameworkServlet.java:909)
	at javax.servlet.http.HttpServlet.service(HttpServlet.java:681)
	at org.springframework.web.servlet.FrameworkServlet.service(FrameworkServlet.java:883)
	at javax.servlet.http.HttpServlet.service(HttpServlet.java:764)
	at org.apache.catalina.core.ApplicationFilterChain.internalDoFilter(ApplicationFilterChain.java:227)
	at org.apache.catalina.core.ApplicationFilterChain.doFilter(ApplicationFilterChain.java:162)
	at org.apache.tomcat.websocket.server.WsFilter.doFilter(WsFilter.java:53)
	at org.apache.catalina.core.ApplicationFilterChain.internalDoFilter(ApplicationFilterChain.java:189)
	at org.apache.catalina.core.ApplicationFilterChain.doFilter(ApplicationFilterChain.java:162)
	at com.example.quiz_project.filter.LoginFilter.doFilterInternal(LoginFilter.java:26)
	at org.springframework.web.filter.OncePerRequestFilter.doFilter(OncePerRequestFilter.java:117)
	at org.apache.catalina.core.ApplicationFilterChain.internalDoFilter(ApplicationFilterChain.java:189)
	at org.apache.catalina.core.ApplicationFilterChain.doFilter(ApplicationFilterChain.java:162)
	at org.springframework.web.filter.RequestContextFilter.doFilterInternal(RequestContextFilter.java:100)
	at org.springframework.web.filter.OncePerRequestFilter.doFilter(OncePerRequestFilter.java:117)
	at org.apache.catalina.core.ApplicationFilterChain.internalDoFilter(ApplicationFilterChain.java:189)
	at org.apache.catalina.core.ApplicationFilterChain.doFilter(ApplicationFilterChain.java:162)
	at org.springframework.web.filter.FormContentFilter.doFilterInternal(FormContentFilter.java:93)
	at org.springframework.web.filter.OncePerRequestFilter.doFilter(OncePerRequestFilter.java:117)
	at org.apache.catalina.core.ApplicationFilterChain.internalDoFilter(ApplicationFilterChain.java:189)
	at org.apache.catalina.core.ApplicationFilterChain.doFilter(ApplicationFilterChain.java:162)
	at org.springframework.web.filter.CharacterEncodingFilter.doFilterInternal(CharacterEncodingFilter.java:201)
	at org.springframework.web.filter.OncePerRequestFilter.doFilter(OncePerRequestFilter.java:117)
	at org.apache.catalina.core.ApplicationFilterChain.internalDoFilter(ApplicationFilterChain.java:189)
	at org.apache.catalina.core.ApplicationFilterChain.doFilter(ApplicationFilterChain.java:162)
	at org.apache.catalina.core.StandardWrapperValve.invoke(StandardWrapperValve.java:197)
	at org.apache.catalina.core.StandardContextValve.invoke(StandardContextValve.java:97)
	at org.apache.catalina.authenticator.AuthenticatorBase.invoke(AuthenticatorBase.java:541)
	at org.apache.catalina.core.StandardHostValve.invoke(StandardHostValve.java:135)
	at org.apache.catalina.valves.ErrorReportValve.invoke(ErrorReportValve.java:92)
	at org.apache.catalina.core.StandardEngineValve.invoke(StandardEngineValve.java:78)
	at org.apache.catalina.connector.CoyoteAdapter.service(CoyoteAdapter.java:360)
	at org.apache.coyote.http11.Http11Processor.service(Http11Processor.java:399)
	at org.apache.coyote.AbstractProcessorLight.process(AbstractProcessorLight.java:65)
	at org.apache.coyote.AbstractProtocol$ConnectionHandler.process(AbstractProtocol.java:890)
	at org.apache.tomcat.util.net.NioEndpoint$SocketProcessor.doRun(NioEndpoint.java:1789)
	at org.apache.tomcat.util.net.SocketProcessorBase.run(SocketProcessorBase.java:49)
	at org.apache.tomcat.util.threads.ThreadPoolExecutor.runWorker(ThreadPoolExecutor.java:1191)
	at org.apache.tomcat.util.threads.ThreadPoolExecutor$Worker.run(ThreadPoolExecutor.java:659)
	at org.apache.tomcat.util.threads.TaskThread$WrappingRunnable.run(TaskThread.java:61)
	at java.lang.Thread.run(Thread.java:750)
2026-03-18 09:19:38,902 INFO  [background-preinit] org.hibernate.validator.internal.util.Version:<clinit>:21 - HV000001: Hibernate Validator 6.2.4.Final
2026-03-18 09:19:38,909 INFO  [main] com.example.quiz_project.QuizProjectApplication:logStarting:55 - Starting QuizProjectApplication using Java 1.8.0_452 on Haneko with PID 5812 (D:\Code_projects\target\classes started by 40108 in D:\Code_projects)
2026-03-18 09:19:38,912 INFO  [main] com.example.quiz_project.QuizProjectApplication:logStartupProfileInfo:634 - No active profile set, falling back to 1 default profile: "default"
2026-03-18 09:19:40,137 INFO  [main] org.springframework.data.repository.config.RepositoryConfigurationDelegate:registerRepositoriesIn:132 - Bootstrapping Spring Data JDBC repositories in DEFAULT mode.
2026-03-18 09:19:40,167 INFO  [main] org.springframework.data.repository.config.RepositoryConfigurationDelegate:registerRepositoriesIn:201 - Finished Spring Data repository scanning in 22 ms. Found 0 JDBC repository interfaces.
2026-03-18 09:19:41,382 INFO  [main] org.springframework.boot.web.embedded.tomcat.TomcatWebServer:initialize:108 - Tomcat initialized with port(s): 8080 (http)
2026-03-18 09:19:41,406 INFO  [main] org.apache.coyote.http11.Http11NioProtocol:log:173 - Initializing ProtocolHandler ["http-nio-8080"]
2026-03-18 09:19:41,409 INFO  [main] org.apache.catalina.core.StandardService:log:173 - Starting service [Tomcat]
2026-03-18 09:19:41,409 INFO  [main] org.apache.catalina.core.StandardEngine:log:173 - Starting Servlet engine: [Apache Tomcat/9.0.65]
2026-03-18 09:19:41,986 INFO  [main] org.apache.jasper.servlet.TldScanner:log:173 - At least one JAR was scanned for TLDs yet contained no TLDs. Enable debug logging for this logger for a complete list of JARs that were scanned but no TLDs were found in them. Skipping unneeded JARs during scanning can improve startup time and JSP compilation time.
2026-03-18 09:19:42,000 INFO  [main] org.apache.catalina.core.ContainerBase.[Tomcat].[localhost].[/]:log:173 - Initializing Spring embedded WebApplicationContext
2026-03-18 09:19:42,001 INFO  [main] org.springframework.boot.web.servlet.context.ServletWebServerApplicationContext:prepareWebApplicationContext:292 - Root WebApplicationContext: initialization completed in 2959 ms
2026-03-18 09:19:43,979 INFO  [main] org.apache.coyote.http11.Http11NioProtocol:log:173 - Starting ProtocolHandler ["http-nio-8080"]
2026-03-18 09:19:44,027 INFO  [main] org.springframework.boot.web.embedded.tomcat.TomcatWebServer:start:220 - Tomcat started on port(s): 8080 (http) with context path ''
2026-03-18 09:19:44,045 INFO  [main] com.example.quiz_project.QuizProjectApplication:logStarted:61 - Started QuizProjectApplication in 5.873 seconds (JVM running for 6.64)
2026-03-18 09:19:44,671 INFO  [http-nio-8080-exec-1] org.apache.catalina.core.ContainerBase.[Tomcat].[localhost].[/]:log:173 - Initializing Spring DispatcherServlet 'dispatcherServlet'
2026-03-18 09:19:44,672 INFO  [http-nio-8080-exec-1] org.springframework.web.servlet.DispatcherServlet:initServletBean:525 - Initializing Servlet 'dispatcherServlet'
2026-03-18 09:19:44,674 INFO  [http-nio-8080-exec-1] org.springframework.web.servlet.DispatcherServlet:initServletBean:547 - Completed initialization in 2 ms
2026-03-18 09:20:14,481 ERROR [http-nio-8080-exec-9] org.apache.catalina.core.ContainerBase.[Tomcat].[localhost].[/].[dispatcherServlet]:log:175 - Servlet.service() for servlet [dispatcherServlet] in context with path [] threw exception [Request processing failed; nested exception is org.springframework.jdbc.BadSqlGrammarException: PreparedStatementCallback; bad SQL grammar [insert into contact (name, email, message) values(?,?,?)]; nested exception is java.sql.SQLSyntaxErrorException: Unknown column 'name' in 'field list'] with root cause
java.sql.SQLSyntaxErrorException: Unknown column 'name' in 'field list'
	at com.mysql.cj.jdbc.exceptions.SQLError.createSQLException(SQLError.java:120)
	at com.mysql.cj.jdbc.exceptions.SQLExceptionsMapping.translateException(SQLExceptionsMapping.java:122)
	at com.mysql.cj.jdbc.ClientPreparedStatement.executeInternal(ClientPreparedStatement.java:916)
	at com.mysql.cj.jdbc.ClientPreparedStatement.executeUpdateInternal(ClientPreparedStatement.java:1061)
	at com.mysql.cj.jdbc.ClientPreparedStatement.executeUpdateInternal(ClientPreparedStatement.java:1009)
	at com.mysql.cj.jdbc.ClientPreparedStatement.executeLargeUpdate(ClientPreparedStatement.java:1320)
	at com.mysql.cj.jdbc.ClientPreparedStatement.executeUpdate(ClientPreparedStatement.java:994)
	at org.springframework.jdbc.core.JdbcTemplate.lambda$update$2(JdbcTemplate.java:965)
	at org.springframework.jdbc.core.JdbcTemplate.execute(JdbcTemplate.java:651)
	at org.springframework.jdbc.core.JdbcTemplate.update(JdbcTemplate.java:960)
	at org.springframework.jdbc.core.JdbcTemplate.update(JdbcTemplate.java:1015)
	at org.springframework.jdbc.core.JdbcTemplate.update(JdbcTemplate.java:1025)
	at com.example.quiz_project.dao.ContactDao.AddContact(ContactDao.java:29)
	at com.example.quiz_project.dao.ContactDao$$FastClassBySpringCGLIB$$6e34177c.invoke(<generated>)
	at org.springframework.cglib.proxy.MethodProxy.invoke(MethodProxy.java:218)
	at org.springframework.aop.framework.CglibAopProxy$CglibMethodInvocation.invokeJoinpoint(CglibAopProxy.java:793)
	at org.springframework.aop.framework.ReflectiveMethodInvocation.proceed(ReflectiveMethodInvocation.java:163)
	at org.springframework.aop.framework.CglibAopProxy$CglibMethodInvocation.proceed(CglibAopProxy.java:763)
	at org.springframework.dao.support.PersistenceExceptionTranslationInterceptor.invoke(PersistenceExceptionTranslationInterceptor.java:137)
	at org.springframework.aop.framework.ReflectiveMethodInvocation.proceed(ReflectiveMethodInvocation.java:186)
	at org.springframework.aop.framework.CglibAopProxy$CglibMethodInvocation.proceed(CglibAopProxy.java:763)
	at org.springframework.aop.framework.CglibAopProxy$DynamicAdvisedInterceptor.intercept(CglibAopProxy.java:708)
	at com.example.quiz_project.dao.ContactDao$$EnhancerBySpringCGLIB$$80ae579e.AddContact(<generated>)
	at com.example.quiz_project.service.ContactService.addContact(ContactService.java:21)
	at com.example.quiz_project.controller.ContactController.contact(ContactController.java:31)
	at sun.reflect.NativeMethodAccessorImpl.invoke0(Native Method)
	at sun.reflect.NativeMethodAccessorImpl.invoke(NativeMethodAccessorImpl.java:62)
	at sun.reflect.DelegatingMethodAccessorImpl.invoke(DelegatingMethodAccessorImpl.java:43)
	at java.lang.reflect.Method.invoke(Method.java:498)
	at org.springframework.web.method.support.InvocableHandlerMethod.doInvoke(InvocableHandlerMethod.java:205)
	at org.springframework.web.method.support.InvocableHandlerMethod.invokeForRequest(InvocableHandlerMethod.java:150)
	at org.springframework.web.servlet.mvc.method.annotation.ServletInvocableHandlerMethod.invokeAndHandle(ServletInvocableHandlerMethod.java:117)
	at org.springframework.web.servlet.mvc.method.annotation.RequestMappingHandlerAdapter.invokeHandlerMethod(RequestMappingHandlerAdapter.java:895)
	at org.springframework.web.servlet.mvc.method.annotation.RequestMappingHandlerAdapter.handleInternal(RequestMappingHandlerAdapter.java:808)
	at org.springframework.web.servlet.mvc.method.AbstractHandlerMethodAdapter.handle(AbstractHandlerMethodAdapter.java:87)
	at org.springframework.web.servlet.DispatcherServlet.doDispatch(DispatcherServlet.java:1070)
	at org.springframework.web.servlet.DispatcherServlet.doService(DispatcherServlet.java:963)
	at org.springframework.web.servlet.FrameworkServlet.processRequest(FrameworkServlet.java:1006)
	at org.springframework.web.servlet.FrameworkServlet.doPost(FrameworkServlet.java:909)
	at javax.servlet.http.HttpServlet.service(HttpServlet.java:681)
	at org.springframework.web.servlet.FrameworkServlet.service(FrameworkServlet.java:883)
	at javax.servlet.http.HttpServlet.service(HttpServlet.java:764)
	at org.apache.catalina.core.ApplicationFilterChain.internalDoFilter(ApplicationFilterChain.java:227)
	at org.apache.catalina.core.ApplicationFilterChain.doFilter(ApplicationFilterChain.java:162)
	at org.apache.tomcat.websocket.server.WsFilter.doFilter(WsFilter.java:53)
	at org.apache.catalina.core.ApplicationFilterChain.internalDoFilter(ApplicationFilterChain.java:189)
	at org.apache.catalina.core.ApplicationFilterChain.doFilter(ApplicationFilterChain.java:162)
	at com.example.quiz_project.filter.LoginFilter.doFilterInternal(LoginFilter.java:26)
	at org.springframework.web.filter.OncePerRequestFilter.doFilter(OncePerRequestFilter.java:117)
	at org.apache.catalina.core.ApplicationFilterChain.internalDoFilter(ApplicationFilterChain.java:189)
	at org.apache.catalina.core.ApplicationFilterChain.doFilter(ApplicationFilterChain.java:162)
	at org.springframework.web.filter.RequestContextFilter.doFilterInternal(RequestContextFilter.java:100)
	at org.springframework.web.filter.OncePerRequestFilter.doFilter(OncePerRequestFilter.java:117)
	at org.apache.catalina.core.ApplicationFilterChain.internalDoFilter(ApplicationFilterChain.java:189)
	at org.apache.catalina.core.ApplicationFilterChain.doFilter(ApplicationFilterChain.java:162)
	at org.springframework.web.filter.FormContentFilter.doFilterInternal(FormContentFilter.java:93)
	at org.springframework.web.filter.OncePerRequestFilter.doFilter(OncePerRequestFilter.java:117)
	at org.apache.catalina.core.ApplicationFilterChain.internalDoFilter(ApplicationFilterChain.java:189)
	at org.apache.catalina.core.ApplicationFilterChain.doFilter(ApplicationFilterChain.java:162)
	at org.springframework.web.filter.CharacterEncodingFilter.doFilterInternal(CharacterEncodingFilter.java:201)
	at org.springframework.web.filter.OncePerRequestFilter.doFilter(OncePerRequestFilter.java:117)
	at org.apache.catalina.core.ApplicationFilterChain.internalDoFilter(ApplicationFilterChain.java:189)
	at org.apache.catalina.core.ApplicationFilterChain.doFilter(ApplicationFilterChain.java:162)
	at org.apache.catalina.core.StandardWrapperValve.invoke(StandardWrapperValve.java:197)
	at org.apache.catalina.core.StandardContextValve.invoke(StandardContextValve.java:97)
	at org.apache.catalina.authenticator.AuthenticatorBase.invoke(AuthenticatorBase.java:541)
	at org.apache.catalina.core.StandardHostValve.invoke(StandardHostValve.java:135)
	at org.apache.catalina.valves.ErrorReportValve.invoke(ErrorReportValve.java:92)
	at org.apache.catalina.core.StandardEngineValve.invoke(StandardEngineValve.java:78)
	at org.apache.catalina.connector.CoyoteAdapter.service(CoyoteAdapter.java:360)
	at org.apache.coyote.http11.Http11Processor.service(Http11Processor.java:399)
	at org.apache.coyote.AbstractProcessorLight.process(AbstractProcessorLight.java:65)
	at org.apache.coyote.AbstractProtocol$ConnectionHandler.process(AbstractProtocol.java:890)
	at org.apache.tomcat.util.net.NioEndpoint$SocketProcessor.doRun(NioEndpoint.java:1789)
	at org.apache.tomcat.util.net.SocketProcessorBase.run(SocketProcessorBase.java:49)
	at org.apache.tomcat.util.threads.ThreadPoolExecutor.runWorker(ThreadPoolExecutor.java:1191)
	at org.apache.tomcat.util.threads.ThreadPoolExecutor$Worker.run(ThreadPoolExecutor.java:659)
	at org.apache.tomcat.util.threads.TaskThread$WrappingRunnable.run(TaskThread.java:61)
	at java.lang.Thread.run(Thread.java:750)
2026-03-18 09:21:17,402 INFO  [background-preinit] org.hibernate.validator.internal.util.Version:<clinit>:21 - HV000001: Hibernate Validator 6.2.4.Final
2026-03-18 09:21:17,411 INFO  [main] com.example.quiz_project.QuizProjectApplication:logStarting:55 - Starting QuizProjectApplication using Java 1.8.0_452 on Haneko with PID 12416 (D:\Code_projects\target\classes started by 40108 in D:\Code_projects)
2026-03-18 09:21:17,412 INFO  [main] com.example.quiz_project.QuizProjectApplication:logStartupProfileInfo:634 - No active profile set, falling back to 1 default profile: "default"
2026-03-18 09:21:18,967 INFO  [main] org.springframework.data.repository.config.RepositoryConfigurationDelegate:registerRepositoriesIn:132 - Bootstrapping Spring Data JDBC repositories in DEFAULT mode.
2026-03-18 09:21:19,013 INFO  [main] org.springframework.data.repository.config.RepositoryConfigurationDelegate:registerRepositoriesIn:201 - Finished Spring Data repository scanning in 33 ms. Found 0 JDBC repository interfaces.
2026-03-18 09:21:20,511 INFO  [main] org.springframework.boot.web.embedded.tomcat.TomcatWebServer:initialize:108 - Tomcat initialized with port(s): 8080 (http)
2026-03-18 09:21:20,531 INFO  [main] org.apache.coyote.http11.Http11NioProtocol:log:173 - Initializing ProtocolHandler ["http-nio-8080"]
2026-03-18 09:21:20,533 INFO  [main] org.apache.catalina.core.StandardService:log:173 - Starting service [Tomcat]
2026-03-18 09:21:20,533 INFO  [main] org.apache.catalina.core.StandardEngine:log:173 - Starting Servlet engine: [Apache Tomcat/9.0.65]
2026-03-18 09:21:21,172 INFO  [main] org.apache.jasper.servlet.TldScanner:log:173 - At least one JAR was scanned for TLDs yet contained no TLDs. Enable debug logging for this logger for a complete list of JARs that were scanned but no TLDs were found in them. Skipping unneeded JARs during scanning can improve startup time and JSP compilation time.
2026-03-18 09:21:21,187 INFO  [main] org.apache.catalina.core.ContainerBase.[Tomcat].[localhost].[/]:log:173 - Initializing Spring embedded WebApplicationContext
2026-03-18 09:21:21,188 INFO  [main] org.springframework.boot.web.servlet.context.ServletWebServerApplicationContext:prepareWebApplicationContext:292 - Root WebApplicationContext: initialization completed in 3654 ms
2026-03-18 09:21:23,265 INFO  [main] org.apache.coyote.http11.Http11NioProtocol:log:173 - Starting ProtocolHandler ["http-nio-8080"]
2026-03-18 09:21:23,323 INFO  [main] org.springframework.boot.web.embedded.tomcat.TomcatWebServer:start:220 - Tomcat started on port(s): 8080 (http) with context path ''
2026-03-18 09:21:23,343 INFO  [main] com.example.quiz_project.QuizProjectApplication:logStarted:61 - Started QuizProjectApplication in 6.667 seconds (JVM running for 7.638)
2026-03-18 09:21:31,446 INFO  [http-nio-8080-exec-1] org.apache.catalina.core.ContainerBase.[Tomcat].[localhost].[/]:log:173 - Initializing Spring DispatcherServlet 'dispatcherServlet'
2026-03-18 09:21:31,447 INFO  [http-nio-8080-exec-1] org.springframework.web.servlet.DispatcherServlet:initServletBean:525 - Initializing Servlet 'dispatcherServlet'
2026-03-18 09:21:31,449 INFO  [http-nio-8080-exec-1] org.springframework.web.servlet.DispatcherServlet:initServletBean:547 - Completed initialization in 2 ms
2026-03-18 09:21:44,613 ERROR [http-nio-8080-exec-4] org.apache.catalina.core.ContainerBase.[Tomcat].[localhost].[/].[dispatcherServlet]:log:175 - Servlet.service() for servlet [dispatcherServlet] in context with path [] threw exception [Request processing failed; nested exception is org.springframework.dao.DataIntegrityViolationException: PreparedStatementCallback; SQL [insert into contact (firstname, lastname, subject, message) values(?,?,?,?)]; Field 'email' doesn't have a default value; nested exception is java.sql.SQLException: Field 'email' doesn't have a default value] with root cause
java.sql.SQLException: Field 'email' doesn't have a default value
	at com.mysql.cj.jdbc.exceptions.SQLError.createSQLException(SQLError.java:129)
	at com.mysql.cj.jdbc.exceptions.SQLExceptionsMapping.translateException(SQLExceptionsMapping.java:122)
	at com.mysql.cj.jdbc.ClientPreparedStatement.executeInternal(ClientPreparedStatement.java:916)
	at com.mysql.cj.jdbc.ClientPreparedStatement.executeUpdateInternal(ClientPreparedStatement.java:1061)
	at com.mysql.cj.jdbc.ClientPreparedStatement.executeUpdateInternal(ClientPreparedStatement.java:1009)
	at com.mysql.cj.jdbc.ClientPreparedStatement.executeLargeUpdate(ClientPreparedStatement.java:1320)
	at com.mysql.cj.jdbc.ClientPreparedStatement.executeUpdate(ClientPreparedStatement.java:994)
	at org.springframework.jdbc.core.JdbcTemplate.lambda$update$2(JdbcTemplate.java:965)
	at org.springframework.jdbc.core.JdbcTemplate.execute(JdbcTemplate.java:651)
	at org.springframework.jdbc.core.JdbcTemplate.update(JdbcTemplate.java:960)
	at org.springframework.jdbc.core.JdbcTemplate.update(JdbcTemplate.java:1015)
	at org.springframework.jdbc.core.JdbcTemplate.update(JdbcTemplate.java:1025)
	at com.example.quiz_project.dao.ContactDao.AddContact(ContactDao.java:29)
	at com.example.quiz_project.dao.ContactDao$$FastClassBySpringCGLIB$$6e34177c.invoke(<generated>)
	at org.springframework.cglib.proxy.MethodProxy.invoke(MethodProxy.java:218)
	at org.springframework.aop.framework.CglibAopProxy$CglibMethodInvocation.invokeJoinpoint(CglibAopProxy.java:793)
	at org.springframework.aop.framework.ReflectiveMethodInvocation.proceed(ReflectiveMethodInvocation.java:163)
	at org.springframework.aop.framework.CglibAopProxy$CglibMethodInvocation.proceed(CglibAopProxy.java:763)
	at org.springframework.dao.support.PersistenceExceptionTranslationInterceptor.invoke(PersistenceExceptionTranslationInterceptor.java:137)
	at org.springframework.aop.framework.ReflectiveMethodInvocation.proceed(ReflectiveMethodInvocation.java:186)
	at org.springframework.aop.framework.CglibAopProxy$CglibMethodInvocation.proceed(CglibAopProxy.java:763)
	at org.springframework.aop.framework.CglibAopProxy$DynamicAdvisedInterceptor.intercept(CglibAopProxy.java:708)
	at com.example.quiz_project.dao.ContactDao$$EnhancerBySpringCGLIB$$95332e76.AddContact(<generated>)
	at com.example.quiz_project.service.ContactService.addContact(ContactService.java:21)
	at com.example.quiz_project.controller.ContactController.contact(ContactController.java:31)
	at sun.reflect.NativeMethodAccessorImpl.invoke0(Native Method)
	at sun.reflect.NativeMethodAccessorImpl.invoke(NativeMethodAccessorImpl.java:62)
	at sun.reflect.DelegatingMethodAccessorImpl.invoke(DelegatingMethodAccessorImpl.java:43)
	at java.lang.reflect.Method.invoke(Method.java:498)
	at org.springframework.web.method.support.InvocableHandlerMethod.doInvoke(InvocableHandlerMethod.java:205)
	at org.springframework.web.method.support.InvocableHandlerMethod.invokeForRequest(InvocableHandlerMethod.java:150)
	at org.springframework.web.servlet.mvc.method.annotation.ServletInvocableHandlerMethod.invokeAndHandle(ServletInvocableHandlerMethod.java:117)
	at org.springframework.web.servlet.mvc.method.annotation.RequestMappingHandlerAdapter.invokeHandlerMethod(RequestMappingHandlerAdapter.java:895)
	at org.springframework.web.servlet.mvc.method.annotation.RequestMappingHandlerAdapter.handleInternal(RequestMappingHandlerAdapter.java:808)
	at org.springframework.web.servlet.mvc.method.AbstractHandlerMethodAdapter.handle(AbstractHandlerMethodAdapter.java:87)
	at org.springframework.web.servlet.DispatcherServlet.doDispatch(DispatcherServlet.java:1070)
	at org.springframework.web.servlet.DispatcherServlet.doService(DispatcherServlet.java:963)
	at org.springframework.web.servlet.FrameworkServlet.processRequest(FrameworkServlet.java:1006)
	at org.springframework.web.servlet.FrameworkServlet.doPost(FrameworkServlet.java:909)
	at javax.servlet.http.HttpServlet.service(HttpServlet.java:681)
	at org.springframework.web.servlet.FrameworkServlet.service(FrameworkServlet.java:883)
	at javax.servlet.http.HttpServlet.service(HttpServlet.java:764)
	at org.apache.catalina.core.ApplicationFilterChain.internalDoFilter(ApplicationFilterChain.java:227)
	at org.apache.catalina.core.ApplicationFilterChain.doFilter(ApplicationFilterChain.java:162)
	at org.apache.tomcat.websocket.server.WsFilter.doFilter(WsFilter.java:53)
	at org.apache.catalina.core.ApplicationFilterChain.internalDoFilter(ApplicationFilterChain.java:189)
	at org.apache.catalina.core.ApplicationFilterChain.doFilter(ApplicationFilterChain.java:162)
	at com.example.quiz_project.filter.LoginFilter.doFilterInternal(LoginFilter.java:26)
	at org.springframework.web.filter.OncePerRequestFilter.doFilter(OncePerRequestFilter.java:117)
	at org.apache.catalina.core.ApplicationFilterChain.internalDoFilter(ApplicationFilterChain.java:189)
	at org.apache.catalina.core.ApplicationFilterChain.doFilter(ApplicationFilterChain.java:162)
	at org.springframework.web.filter.RequestContextFilter.doFilterInternal(RequestContextFilter.java:100)
	at org.springframework.web.filter.OncePerRequestFilter.doFilter(OncePerRequestFilter.java:117)
	at org.apache.catalina.core.ApplicationFilterChain.internalDoFilter(ApplicationFilterChain.java:189)
	at org.apache.catalina.core.ApplicationFilterChain.doFilter(ApplicationFilterChain.java:162)
	at org.springframework.web.filter.FormContentFilter.doFilterInternal(FormContentFilter.java:93)
	at org.springframework.web.filter.OncePerRequestFilter.doFilter(OncePerRequestFilter.java:117)
	at org.apache.catalina.core.ApplicationFilterChain.internalDoFilter(ApplicationFilterChain.java:189)
	at org.apache.catalina.core.ApplicationFilterChain.doFilter(ApplicationFilterChain.java:162)
	at org.springframework.web.filter.CharacterEncodingFilter.doFilterInternal(CharacterEncodingFilter.java:201)
	at org.springframework.web.filter.OncePerRequestFilter.doFilter(OncePerRequestFilter.java:117)
	at org.apache.catalina.core.ApplicationFilterChain.internalDoFilter(ApplicationFilterChain.java:189)
	at org.apache.catalina.core.ApplicationFilterChain.doFilter(ApplicationFilterChain.java:162)
	at org.apache.catalina.core.StandardWrapperValve.invoke(StandardWrapperValve.java:197)
	at org.apache.catalina.core.StandardContextValve.invoke(StandardContextValve.java:97)
	at org.apache.catalina.authenticator.AuthenticatorBase.invoke(AuthenticatorBase.java:541)
	at org.apache.catalina.core.StandardHostValve.invoke(StandardHostValve.java:135)
	at org.apache.catalina.valves.ErrorReportValve.invoke(ErrorReportValve.java:92)
	at org.apache.catalina.core.StandardEngineValve.invoke(StandardEngineValve.java:78)
	at org.apache.catalina.connector.CoyoteAdapter.service(CoyoteAdapter.java:360)
	at org.apache.coyote.http11.Http11Processor.service(Http11Processor.java:399)
	at org.apache.coyote.AbstractProcessorLight.process(AbstractProcessorLight.java:65)
	at org.apache.coyote.AbstractProtocol$ConnectionHandler.process(AbstractProtocol.java:890)
	at org.apache.tomcat.util.net.NioEndpoint$SocketProcessor.doRun(NioEndpoint.java:1789)
	at org.apache.tomcat.util.net.SocketProcessorBase.run(SocketProcessorBase.java:49)
	at org.apache.tomcat.util.threads.ThreadPoolExecutor.runWorker(ThreadPoolExecutor.java:1191)
	at org.apache.tomcat.util.threads.ThreadPoolExecutor$Worker.run(ThreadPoolExecutor.java:659)
	at org.apache.tomcat.util.threads.TaskThread$WrappingRunnable.run(TaskThread.java:61)
	at java.lang.Thread.run(Thread.java:750)
2026-03-18 09:23:20,104 INFO  [background-preinit] org.hibernate.validator.internal.util.Version:<clinit>:21 - HV000001: Hibernate Validator 6.2.4.Final
2026-03-18 09:23:20,113 INFO  [main] com.example.quiz_project.QuizProjectApplication:logStarting:55 - Starting QuizProjectApplication using Java 1.8.0_452 on Haneko with PID 19184 (D:\Code_projects\target\classes started by 40108 in D:\Code_projects)
2026-03-18 09:23:20,115 INFO  [main] com.example.quiz_project.QuizProjectApplication:logStartupProfileInfo:634 - No active profile set, falling back to 1 default profile: "default"
2026-03-18 09:23:21,693 INFO  [main] org.springframework.data.repository.config.RepositoryConfigurationDelegate:registerRepositoriesIn:132 - Bootstrapping Spring Data JDBC repositories in DEFAULT mode.
2026-03-18 09:23:21,737 INFO  [main] org.springframework.data.repository.config.RepositoryConfigurationDelegate:registerRepositoriesIn:201 - Finished Spring Data repository scanning in 31 ms. Found 0 JDBC repository interfaces.
2026-03-18 09:23:23,427 INFO  [main] org.springframework.boot.web.embedded.tomcat.TomcatWebServer:initialize:108 - Tomcat initialized with port(s): 8080 (http)
2026-03-18 09:23:23,456 INFO  [main] org.apache.coyote.http11.Http11NioProtocol:log:173 - Initializing ProtocolHandler ["http-nio-8080"]
2026-03-18 09:23:23,458 INFO  [main] org.apache.catalina.core.StandardService:log:173 - Starting service [Tomcat]
2026-03-18 09:23:23,459 INFO  [main] org.apache.catalina.core.StandardEngine:log:173 - Starting Servlet engine: [Apache Tomcat/9.0.65]
2026-03-18 09:23:24,305 INFO  [main] org.apache.jasper.servlet.TldScanner:log:173 - At least one JAR was scanned for TLDs yet contained no TLDs. Enable debug logging for this logger for a complete list of JARs that were scanned but no TLDs were found in them. Skipping unneeded JARs during scanning can improve startup time and JSP compilation time.
2026-03-18 09:23:24,325 INFO  [main] org.apache.catalina.core.ContainerBase.[Tomcat].[localhost].[/]:log:173 - Initializing Spring embedded WebApplicationContext
2026-03-18 09:23:24,326 INFO  [main] org.springframework.boot.web.servlet.context.ServletWebServerApplicationContext:prepareWebApplicationContext:292 - Root WebApplicationContext: initialization completed in 4105 ms
2026-03-18 09:23:26,935 INFO  [main] org.apache.coyote.http11.Http11NioProtocol:log:173 - Starting ProtocolHandler ["http-nio-8080"]
2026-03-18 09:23:27,021 INFO  [main] org.springframework.boot.web.embedded.tomcat.TomcatWebServer:start:220 - Tomcat started on port(s): 8080 (http) with context path ''
2026-03-18 09:23:27,051 INFO  [main] com.example.quiz_project.QuizProjectApplication:logStarted:61 - Started QuizProjectApplication in 7.825 seconds (JVM running for 8.861)
2026-03-18 09:23:27,166 INFO  [http-nio-8080-exec-1] org.apache.catalina.core.ContainerBase.[Tomcat].[localhost].[/]:log:173 - Initializing Spring DispatcherServlet 'dispatcherServlet'
2026-03-18 09:23:27,168 INFO  [http-nio-8080-exec-1] org.springframework.web.servlet.DispatcherServlet:initServletBean:525 - Initializing Servlet 'dispatcherServlet'
2026-03-18 09:23:27,170 INFO  [http-nio-8080-exec-1] org.springframework.web.servlet.DispatcherServlet:initServletBean:547 - Completed initialization in 2 ms
2026-03-18 09:23:41,002 WARN  [http-nio-8080-exec-5] org.springframework.web.servlet.mvc.support.DefaultHandlerExceptionResolver:logException:208 - Resolved [org.springframework.web.bind.MissingServletRequestParameterException: Required request parameter 'email' for method parameter type String is not present]
2026-03-18 09:25:02,658 INFO  [background-preinit] org.hibernate.validator.internal.util.Version:<clinit>:21 - HV000001: Hibernate Validator 6.2.4.Final
2026-03-18 09:25:02,667 INFO  [main] com.example.quiz_project.QuizProjectApplication:logStarting:55 - Starting QuizProjectApplication using Java 1.8.0_452 on Haneko with PID 11956 (D:\Code_projects\target\classes started by 40108 in D:\Code_projects)
2026-03-18 09:25:02,669 INFO  [main] com.example.quiz_project.QuizProjectApplication:logStartupProfileInfo:634 - No active profile set, falling back to 1 default profile: "default"
2026-03-18 09:25:04,646 INFO  [main] org.springframework.data.repository.config.RepositoryConfigurationDelegate:registerRepositoriesIn:132 - Bootstrapping Spring Data JDBC repositories in DEFAULT mode.
2026-03-18 09:25:04,706 INFO  [main] org.springframework.data.repository.config.RepositoryConfigurationDelegate:registerRepositoriesIn:201 - Finished Spring Data repository scanning in 46 ms. Found 0 JDBC repository interfaces.
2026-03-18 09:25:06,564 INFO  [main] org.springframework.boot.web.embedded.tomcat.TomcatWebServer:initialize:108 - Tomcat initialized with port(s): 8080 (http)
2026-03-18 09:25:06,589 INFO  [main] org.apache.coyote.http11.Http11NioProtocol:log:173 - Initializing ProtocolHandler ["http-nio-8080"]
2026-03-18 09:25:06,590 INFO  [main] org.apache.catalina.core.StandardService:log:173 - Starting service [Tomcat]
2026-03-18 09:25:06,591 INFO  [main] org.apache.catalina.core.StandardEngine:log:173 - Starting Servlet engine: [Apache Tomcat/9.0.65]
2026-03-18 09:25:07,563 INFO  [main] org.apache.jasper.servlet.TldScanner:log:173 - At least one JAR was scanned for TLDs yet contained no TLDs. Enable debug logging for this logger for a complete list of JARs that were scanned but no TLDs were found in them. Skipping unneeded JARs during scanning can improve startup time and JSP compilation time.
2026-03-18 09:25:07,585 INFO  [main] org.apache.catalina.core.ContainerBase.[Tomcat].[localhost].[/]:log:173 - Initializing Spring embedded WebApplicationContext
2026-03-18 09:25:07,586 INFO  [main] org.springframework.boot.web.servlet.context.ServletWebServerApplicationContext:prepareWebApplicationContext:292 - Root WebApplicationContext: initialization completed in 4801 ms
2026-03-18 09:25:10,603 INFO  [main] org.apache.coyote.http11.Http11NioProtocol:log:173 - Starting ProtocolHandler ["http-nio-8080"]
2026-03-18 09:25:10,685 INFO  [main] org.springframework.boot.web.embedded.tomcat.TomcatWebServer:start:220 - Tomcat started on port(s): 8080 (http) with context path ''
2026-03-18 09:25:10,711 INFO  [main] com.example.quiz_project.QuizProjectApplication:logStarted:61 - Started QuizProjectApplication in 9.071 seconds (JVM running for 10.327)
2026-03-18 09:25:10,881 INFO  [http-nio-8080-exec-1] org.apache.catalina.core.ContainerBase.[Tomcat].[localhost].[/]:log:173 - Initializing Spring DispatcherServlet 'dispatcherServlet'
2026-03-18 09:25:10,882 INFO  [http-nio-8080-exec-1] org.springframework.web.servlet.DispatcherServlet:initServletBean:525 - Initializing Servlet 'dispatcherServlet'
2026-03-18 09:25:10,884 INFO  [http-nio-8080-exec-1] org.springframework.web.servlet.DispatcherServlet:initServletBean:547 - Completed initialization in 2 ms
2026-03-18 09:26:52,913 INFO  [http-nio-8080-exec-4] com.example.quiz_project.controller.AdminQuizController:adminQuizIndex:71 - User admin logged in with role: Admin
2026-03-18 09:27:07,997 INFO  [http-nio-8080-exec-7] com.example.quiz_project.controller.AdminQuizController:updateUser:162 - Action: toggle_admin for user with ID: 4
2026-03-18 09:27:19,999 INFO  [http-nio-8080-exec-10] com.example.quiz_project.controller.AdminQuizController:updateUser:162 - Action: toggle_status for user with ID: 2
2026-03-18 09:27:56,175 INFO  [http-nio-8080-exec-9] com.example.quiz_project.controller.AdminQuizController:updateUser:162 - Action: toggle_status for user with ID: 2
2026-03-18 09:28:46,731 ERROR [http-nio-8080-exec-7] org.apache.catalina.core.ContainerBase.[Tomcat].[localhost].[/].[dispatcherServlet]:log:175 - Servlet.service() for servlet [dispatcherServlet] in context with path [] threw exception [Request processing failed; nested exception is java.lang.IndexOutOfBoundsException: Index: 1, Size: 1] with root cause
java.lang.IndexOutOfBoundsException: Index: 1, Size: 1
	at java.util.ArrayList.rangeCheck(ArrayList.java:659)
	at java.util.ArrayList.get(ArrayList.java:435)
	at com.example.quiz_project.controller.QuizController.pageQuestions(QuizController.java:182)
	at sun.reflect.NativeMethodAccessorImpl.invoke0(Native Method)
	at sun.reflect.NativeMethodAccessorImpl.invoke(NativeMethodAccessorImpl.java:62)
	at sun.reflect.DelegatingMethodAccessorImpl.invoke(DelegatingMethodAccessorImpl.java:43)
	at java.lang.reflect.Method.invoke(Method.java:498)
	at org.springframework.web.method.support.InvocableHandlerMethod.doInvoke(InvocableHandlerMethod.java:205)
	at org.springframework.web.method.support.InvocableHandlerMethod.invokeForRequest(InvocableHandlerMethod.java:150)
	at org.springframework.web.servlet.mvc.method.annotation.ServletInvocableHandlerMethod.invokeAndHandle(ServletInvocableHandlerMethod.java:117)
	at org.springframework.web.servlet.mvc.method.annotation.RequestMappingHandlerAdapter.invokeHandlerMethod(RequestMappingHandlerAdapter.java:895)
	at org.springframework.web.servlet.mvc.method.annotation.RequestMappingHandlerAdapter.handleInternal(RequestMappingHandlerAdapter.java:808)
	at org.springframework.web.servlet.mvc.method.AbstractHandlerMethodAdapter.handle(AbstractHandlerMethodAdapter.java:87)
	at org.springframework.web.servlet.DispatcherServlet.doDispatch(DispatcherServlet.java:1070)
	at org.springframework.web.servlet.DispatcherServlet.doService(DispatcherServlet.java:963)
	at org.springframework.web.servlet.FrameworkServlet.processRequest(FrameworkServlet.java:1006)
	at org.springframework.web.servlet.FrameworkServlet.doGet(FrameworkServlet.java:898)
	at javax.servlet.http.HttpServlet.service(HttpServlet.java:655)
	at org.springframework.web.servlet.FrameworkServlet.service(FrameworkServlet.java:883)
	at javax.servlet.http.HttpServlet.service(HttpServlet.java:764)
	at org.apache.catalina.core.ApplicationFilterChain.internalDoFilter(ApplicationFilterChain.java:227)
	at org.apache.catalina.core.ApplicationFilterChain.doFilter(ApplicationFilterChain.java:162)
	at org.apache.tomcat.websocket.server.WsFilter.doFilter(WsFilter.java:53)
	at org.apache.catalina.core.ApplicationFilterChain.internalDoFilter(ApplicationFilterChain.java:189)
	at org.apache.catalina.core.ApplicationFilterChain.doFilter(ApplicationFilterChain.java:162)
	at com.example.quiz_project.filter.LoginFilter.doFilterInternal(LoginFilter.java:26)
	at org.springframework.web.filter.OncePerRequestFilter.doFilter(OncePerRequestFilter.java:117)
	at org.apache.catalina.core.ApplicationFilterChain.internalDoFilter(ApplicationFilterChain.java:189)
	at org.apache.catalina.core.ApplicationFilterChain.doFilter(ApplicationFilterChain.java:162)
	at org.springframework.web.filter.RequestContextFilter.doFilterInternal(RequestContextFilter.java:100)
	at org.springframework.web.filter.OncePerRequestFilter.doFilter(OncePerRequestFilter.java:117)
	at org.apache.catalina.core.ApplicationFilterChain.internalDoFilter(ApplicationFilterChain.java:189)
	at org.apache.catalina.core.ApplicationFilterChain.doFilter(ApplicationFilterChain.java:162)
	at org.springframework.web.filter.FormContentFilter.doFilterInternal(FormContentFilter.java:93)
	at org.springframework.web.filter.OncePerRequestFilter.doFilter(OncePerRequestFilter.java:117)
	at org.apache.catalina.core.ApplicationFilterChain.internalDoFilter(ApplicationFilterChain.java:189)
	at org.apache.catalina.core.ApplicationFilterChain.doFilter(ApplicationFilterChain.java:162)
	at org.springframework.web.filter.CharacterEncodingFilter.doFilterInternal(CharacterEncodingFilter.java:201)
	at org.springframework.web.filter.OncePerRequestFilter.doFilter(OncePerRequestFilter.java:117)
	at org.apache.catalina.core.ApplicationFilterChain.internalDoFilter(ApplicationFilterChain.java:189)
	at org.apache.catalina.core.ApplicationFilterChain.doFilter(ApplicationFilterChain.java:162)
	at org.apache.catalina.core.StandardWrapperValve.invoke(StandardWrapperValve.java:197)
	at org.apache.catalina.core.StandardContextValve.invoke(StandardContextValve.java:97)
	at org.apache.catalina.authenticator.AuthenticatorBase.invoke(AuthenticatorBase.java:541)
	at org.apache.catalina.core.StandardHostValve.invoke(StandardHostValve.java:135)
	at org.apache.catalina.valves.ErrorReportValve.invoke(ErrorReportValve.java:92)
	at org.apache.catalina.core.StandardEngineValve.invoke(StandardEngineValve.java:78)
	at org.apache.catalina.connector.CoyoteAdapter.service(CoyoteAdapter.java:360)
	at org.apache.coyote.http11.Http11Processor.service(Http11Processor.java:399)
	at org.apache.coyote.AbstractProcessorLight.process(AbstractProcessorLight.java:65)
	at org.apache.coyote.AbstractProtocol$ConnectionHandler.process(AbstractProtocol.java:890)
	at org.apache.tomcat.util.net.NioEndpoint$SocketProcessor.doRun(NioEndpoint.java:1789)
	at org.apache.tomcat.util.net.SocketProcessorBase.run(SocketProcessorBase.java:49)
	at org.apache.tomcat.util.threads.ThreadPoolExecutor.runWorker(ThreadPoolExecutor.java:1191)
	at org.apache.tomcat.util.threads.ThreadPoolExecutor$Worker.run(ThreadPoolExecutor.java:659)
	at org.apache.tomcat.util.threads.TaskThread$WrappingRunnable.run(TaskThread.java:61)
	at java.lang.Thread.run(Thread.java:750)
2026-03-18 09:28:53,544 ERROR [http-nio-8080-exec-9] org.apache.catalina.core.ContainerBase.[Tomcat].[localhost].[/].[dispatcherServlet]:log:175 - Servlet.service() for servlet [dispatcherServlet] in context with path [] threw exception [Request processing failed; nested exception is java.lang.IndexOutOfBoundsException: Index: 0, Size: 0] with root cause
java.lang.IndexOutOfBoundsException: Index: 0, Size: 0
	at java.util.ArrayList.rangeCheck(ArrayList.java:659)
	at java.util.ArrayList.get(ArrayList.java:435)
	at com.example.quiz_project.controller.QuizController.pageQuestions(QuizController.java:128)
	at sun.reflect.NativeMethodAccessorImpl.invoke0(Native Method)
	at sun.reflect.NativeMethodAccessorImpl.invoke(NativeMethodAccessorImpl.java:62)
	at sun.reflect.DelegatingMethodAccessorImpl.invoke(DelegatingMethodAccessorImpl.java:43)
	at java.lang.reflect.Method.invoke(Method.java:498)
	at org.springframework.web.method.support.InvocableHandlerMethod.doInvoke(InvocableHandlerMethod.java:205)
	at org.springframework.web.method.support.InvocableHandlerMethod.invokeForRequest(InvocableHandlerMethod.java:150)
	at org.springframework.web.servlet.mvc.method.annotation.ServletInvocableHandlerMethod.invokeAndHandle(ServletInvocableHandlerMethod.java:117)
	at org.springframework.web.servlet.mvc.method.annotation.RequestMappingHandlerAdapter.invokeHandlerMethod(RequestMappingHandlerAdapter.java:895)
	at org.springframework.web.servlet.mvc.method.annotation.RequestMappingHandlerAdapter.handleInternal(RequestMappingHandlerAdapter.java:808)
	at org.springframework.web.servlet.mvc.method.AbstractHandlerMethodAdapter.handle(AbstractHandlerMethodAdapter.java:87)
	at org.springframework.web.servlet.DispatcherServlet.doDispatch(DispatcherServlet.java:1070)
	at org.springframework.web.servlet.DispatcherServlet.doService(DispatcherServlet.java:963)
	at org.springframework.web.servlet.FrameworkServlet.processRequest(FrameworkServlet.java:1006)
	at org.springframework.web.servlet.FrameworkServlet.doGet(FrameworkServlet.java:898)
	at javax.servlet.http.HttpServlet.service(HttpServlet.java:655)
	at org.springframework.web.servlet.FrameworkServlet.service(FrameworkServlet.java:883)
	at javax.servlet.http.HttpServlet.service(HttpServlet.java:764)
	at org.apache.catalina.core.ApplicationFilterChain.internalDoFilter(ApplicationFilterChain.java:227)
	at org.apache.catalina.core.ApplicationFilterChain.doFilter(ApplicationFilterChain.java:162)
	at org.apache.tomcat.websocket.server.WsFilter.doFilter(WsFilter.java:53)
	at org.apache.catalina.core.ApplicationFilterChain.internalDoFilter(ApplicationFilterChain.java:189)
	at org.apache.catalina.core.ApplicationFilterChain.doFilter(ApplicationFilterChain.java:162)
	at com.example.quiz_project.filter.LoginFilter.doFilterInternal(LoginFilter.java:26)
	at org.springframework.web.filter.OncePerRequestFilter.doFilter(OncePerRequestFilter.java:117)
	at org.apache.catalina.core.ApplicationFilterChain.internalDoFilter(ApplicationFilterChain.java:189)
	at org.apache.catalina.core.ApplicationFilterChain.doFilter(ApplicationFilterChain.java:162)
	at org.springframework.web.filter.RequestContextFilter.doFilterInternal(RequestContextFilter.java:100)
	at org.springframework.web.filter.OncePerRequestFilter.doFilter(OncePerRequestFilter.java:117)
	at org.apache.catalina.core.ApplicationFilterChain.internalDoFilter(ApplicationFilterChain.java:189)
	at org.apache.catalina.core.ApplicationFilterChain.doFilter(ApplicationFilterChain.java:162)
	at org.springframework.web.filter.FormContentFilter.doFilterInternal(FormContentFilter.java:93)
	at org.springframework.web.filter.OncePerRequestFilter.doFilter(OncePerRequestFilter.java:117)
	at org.apache.catalina.core.ApplicationFilterChain.internalDoFilter(ApplicationFilterChain.java:189)
	at org.apache.catalina.core.ApplicationFilterChain.doFilter(ApplicationFilterChain.java:162)
	at org.springframework.web.filter.CharacterEncodingFilter.doFilterInternal(CharacterEncodingFilter.java:201)
	at org.springframework.web.filter.OncePerRequestFilter.doFilter(OncePerRequestFilter.java:117)
	at org.apache.catalina.core.ApplicationFilterChain.internalDoFilter(ApplicationFilterChain.java:189)
	at org.apache.catalina.core.ApplicationFilterChain.doFilter(ApplicationFilterChain.java:162)
	at org.apache.catalina.core.StandardWrapperValve.invoke(StandardWrapperValve.java:197)
	at org.apache.catalina.core.StandardContextValve.invoke(StandardContextValve.java:97)
	at org.apache.catalina.authenticator.AuthenticatorBase.invoke(AuthenticatorBase.java:541)
	at org.apache.catalina.core.StandardHostValve.invoke(StandardHostValve.java:135)
	at org.apache.catalina.valves.ErrorReportValve.invoke(ErrorReportValve.java:92)
	at org.apache.catalina.core.StandardEngineValve.invoke(StandardEngineValve.java:78)
	at org.apache.catalina.connector.CoyoteAdapter.service(CoyoteAdapter.java:360)
	at org.apache.coyote.http11.Http11Processor.service(Http11Processor.java:399)
	at org.apache.coyote.AbstractProcessorLight.process(AbstractProcessorLight.java:65)
	at org.apache.coyote.AbstractProtocol$ConnectionHandler.process(AbstractProtocol.java:890)
	at org.apache.tomcat.util.net.NioEndpoint$SocketProcessor.doRun(NioEndpoint.java:1789)
	at org.apache.tomcat.util.net.SocketProcessorBase.run(SocketProcessorBase.java:49)
	at org.apache.tomcat.util.threads.ThreadPoolExecutor.runWorker(ThreadPoolExecutor.java:1191)
	at org.apache.tomcat.util.threads.ThreadPoolExecutor$Worker.run(ThreadPoolExecutor.java:659)
	at org.apache.tomcat.util.threads.TaskThread$WrappingRunnable.run(TaskThread.java:61)
	at java.lang.Thread.run(Thread.java:750)
2026-03-18 09:29:55,498 ERROR [http-nio-8080-exec-1] org.apache.catalina.core.ContainerBase.[Tomcat].[localhost].[/].[dispatcherServlet]:log:175 - Servlet.service() for servlet [dispatcherServlet] in context with path [] threw exception [Request processing failed; nested exception is java.lang.IndexOutOfBoundsException: Index: 0, Size: 0] with root cause
java.lang.IndexOutOfBoundsException: Index: 0, Size: 0
	at java.util.ArrayList.rangeCheck(ArrayList.java:659)
	at java.util.ArrayList.get(ArrayList.java:435)
	at com.example.quiz_project.controller.QuizController.pageQuestions(QuizController.java:128)
	at sun.reflect.NativeMethodAccessorImpl.invoke0(Native Method)
	at sun.reflect.NativeMethodAccessorImpl.invoke(NativeMethodAccessorImpl.java:62)
	at sun.reflect.DelegatingMethodAccessorImpl.invoke(DelegatingMethodAccessorImpl.java:43)
	at java.lang.reflect.Method.invoke(Method.java:498)
	at org.springframework.web.method.support.InvocableHandlerMethod.doInvoke(InvocableHandlerMethod.java:205)
	at org.springframework.web.method.support.InvocableHandlerMethod.invokeForRequest(InvocableHandlerMethod.java:150)
	at org.springframework.web.servlet.mvc.method.annotation.ServletInvocableHandlerMethod.invokeAndHandle(ServletInvocableHandlerMethod.java:117)
	at org.springframework.web.servlet.mvc.method.annotation.RequestMappingHandlerAdapter.invokeHandlerMethod(RequestMappingHandlerAdapter.java:895)
	at org.springframework.web.servlet.mvc.method.annotation.RequestMappingHandlerAdapter.handleInternal(RequestMappingHandlerAdapter.java:808)
	at org.springframework.web.servlet.mvc.method.AbstractHandlerMethodAdapter.handle(AbstractHandlerMethodAdapter.java:87)
	at org.springframework.web.servlet.DispatcherServlet.doDispatch(DispatcherServlet.java:1070)
	at org.springframework.web.servlet.DispatcherServlet.doService(DispatcherServlet.java:963)
	at org.springframework.web.servlet.FrameworkServlet.processRequest(FrameworkServlet.java:1006)
	at org.springframework.web.servlet.FrameworkServlet.doGet(FrameworkServlet.java:898)
	at javax.servlet.http.HttpServlet.service(HttpServlet.java:655)
	at org.springframework.web.servlet.FrameworkServlet.service(FrameworkServlet.java:883)
	at javax.servlet.http.HttpServlet.service(HttpServlet.java:764)
	at org.apache.catalina.core.ApplicationFilterChain.internalDoFilter(ApplicationFilterChain.java:227)
	at org.apache.catalina.core.ApplicationFilterChain.doFilter(ApplicationFilterChain.java:162)
	at org.apache.tomcat.websocket.server.WsFilter.doFilter(WsFilter.java:53)
	at org.apache.catalina.core.ApplicationFilterChain.internalDoFilter(ApplicationFilterChain.java:189)
	at org.apache.catalina.core.ApplicationFilterChain.doFilter(ApplicationFilterChain.java:162)
	at com.example.quiz_project.filter.LoginFilter.doFilterInternal(LoginFilter.java:26)
	at org.springframework.web.filter.OncePerRequestFilter.doFilter(OncePerRequestFilter.java:117)
	at org.apache.catalina.core.ApplicationFilterChain.internalDoFilter(ApplicationFilterChain.java:189)
	at org.apache.catalina.core.ApplicationFilterChain.doFilter(ApplicationFilterChain.java:162)
	at org.springframework.web.filter.RequestContextFilter.doFilterInternal(RequestContextFilter.java:100)
	at org.springframework.web.filter.OncePerRequestFilter.doFilter(OncePerRequestFilter.java:117)
	at org.apache.catalina.core.ApplicationFilterChain.internalDoFilter(ApplicationFilterChain.java:189)
	at org.apache.catalina.core.ApplicationFilterChain.doFilter(ApplicationFilterChain.java:162)
	at org.springframework.web.filter.FormContentFilter.doFilterInternal(FormContentFilter.java:93)
	at org.springframework.web.filter.OncePerRequestFilter.doFilter(OncePerRequestFilter.java:117)
	at org.apache.catalina.core.ApplicationFilterChain.internalDoFilter(ApplicationFilterChain.java:189)
	at org.apache.catalina.core.ApplicationFilterChain.doFilter(ApplicationFilterChain.java:162)
	at org.springframework.web.filter.CharacterEncodingFilter.doFilterInternal(CharacterEncodingFilter.java:201)
	at org.springframework.web.filter.OncePerRequestFilter.doFilter(OncePerRequestFilter.java:117)
	at org.apache.catalina.core.ApplicationFilterChain.internalDoFilter(ApplicationFilterChain.java:189)
	at org.apache.catalina.core.ApplicationFilterChain.doFilter(ApplicationFilterChain.java:162)
	at org.apache.catalina.core.StandardWrapperValve.invoke(StandardWrapperValve.java:197)
	at org.apache.catalina.core.StandardContextValve.invoke(StandardContextValve.java:97)
	at org.apache.catalina.authenticator.AuthenticatorBase.invoke(AuthenticatorBase.java:541)
	at org.apache.catalina.core.StandardHostValve.invoke(StandardHostValve.java:135)
	at org.apache.catalina.valves.ErrorReportValve.invoke(ErrorReportValve.java:92)
	at org.apache.catalina.core.StandardEngineValve.invoke(StandardEngineValve.java:78)
	at org.apache.catalina.connector.CoyoteAdapter.service(CoyoteAdapter.java:360)
	at org.apache.coyote.http11.Http11Processor.service(Http11Processor.java:399)
	at org.apache.coyote.AbstractProcessorLight.process(AbstractProcessorLight.java:65)
	at org.apache.coyote.AbstractProtocol$ConnectionHandler.process(AbstractProtocol.java:890)
	at org.apache.tomcat.util.net.NioEndpoint$SocketProcessor.doRun(NioEndpoint.java:1789)
	at org.apache.tomcat.util.net.SocketProcessorBase.run(SocketProcessorBase.java:49)
	at org.apache.tomcat.util.threads.ThreadPoolExecutor.runWorker(ThreadPoolExecutor.java:1191)
	at org.apache.tomcat.util.threads.ThreadPoolExecutor$Worker.run(ThreadPoolExecutor.java:659)
	at org.apache.tomcat.util.threads.TaskThread$WrappingRunnable.run(TaskThread.java:61)
	at java.lang.Thread.run(Thread.java:750)
2026-03-18 09:33:39,395 INFO  [background-preinit] org.hibernate.validator.internal.util.Version:<clinit>:21 - HV000001: Hibernate Validator 6.2.4.Final
2026-03-18 09:33:39,413 INFO  [main] com.example.quiz_project.QuizProjectApplication:logStarting:55 - Starting QuizProjectApplication using Java 1.8.0_452 on Haneko with PID 20184 (D:\Code_projects\target\classes started by 40108 in D:\Code_projects)
2026-03-18 09:33:39,416 INFO  [main] com.example.quiz_project.QuizProjectApplication:logStartupProfileInfo:634 - No active profile set, falling back to 1 default profile: "default"
2026-03-18 09:33:41,910 INFO  [main] org.springframework.data.repository.config.RepositoryConfigurationDelegate:registerRepositoriesIn:132 - Bootstrapping Spring Data JDBC repositories in DEFAULT mode.
2026-03-18 09:33:42,024 INFO  [main] org.springframework.data.repository.config.RepositoryConfigurationDelegate:registerRepositoriesIn:201 - Finished Spring Data repository scanning in 72 ms. Found 0 JDBC repository interfaces.
2026-03-18 09:33:44,548 INFO  [main] org.springframework.boot.web.embedded.tomcat.TomcatWebServer:initialize:108 - Tomcat initialized with port(s): 8080 (http)
2026-03-18 09:33:44,588 INFO  [main] org.apache.coyote.http11.Http11NioProtocol:log:173 - Initializing ProtocolHandler ["http-nio-8080"]
2026-03-18 09:33:44,591 INFO  [main] org.apache.catalina.core.StandardService:log:173 - Starting service [Tomcat]
2026-03-18 09:33:44,593 INFO  [main] org.apache.catalina.core.StandardEngine:log:173 - Starting Servlet engine: [Apache Tomcat/9.0.65]
2026-03-18 09:33:47,304 INFO  [main] org.apache.jasper.servlet.TldScanner:log:173 - At least one JAR was scanned for TLDs yet contained no TLDs. Enable debug logging for this logger for a complete list of JARs that were scanned but no TLDs were found in them. Skipping unneeded JARs during scanning can improve startup time and JSP compilation time.
2026-03-18 09:33:47,331 INFO  [main] org.apache.catalina.core.ContainerBase.[Tomcat].[localhost].[/]:log:173 - Initializing Spring embedded WebApplicationContext
2026-03-18 09:33:47,333 INFO  [main] org.springframework.boot.web.servlet.context.ServletWebServerApplicationContext:prepareWebApplicationContext:292 - Root WebApplicationContext: initialization completed in 7755 ms
2026-03-18 09:33:51,981 INFO  [main] org.apache.coyote.http11.Http11NioProtocol:log:173 - Starting ProtocolHandler ["http-nio-8080"]
2026-03-18 09:33:52,154 INFO  [main] org.springframework.boot.web.embedded.tomcat.TomcatWebServer:start:220 - Tomcat started on port(s): 8080 (http) with context path ''
2026-03-18 09:33:52,231 INFO  [main] com.example.quiz_project.QuizProjectApplication:logStarted:61 - Started QuizProjectApplication in 14.238 seconds (JVM running for 20.759)
2026-03-18 09:33:52,494 INFO  [http-nio-8080-exec-1] org.apache.catalina.core.ContainerBase.[Tomcat].[localhost].[/]:log:173 - Initializing Spring DispatcherServlet 'dispatcherServlet'
2026-03-18 09:33:52,495 INFO  [http-nio-8080-exec-1] org.springframework.web.servlet.DispatcherServlet:initServletBean:525 - Initializing Servlet 'dispatcherServlet'
2026-03-18 09:33:52,499 INFO  [http-nio-8080-exec-1] org.springframework.web.servlet.DispatcherServlet:initServletBean:547 - Completed initialization in 3 ms
2026-03-18 09:35:27,061 INFO  [http-nio-8080-exec-3] com.example.quiz_project.controller.QuizController:quizDetails:85 - qclist [QuestionChoice(questionId=5, description=What is the capital of France?, userChoice=18, choiceList=[Choice(choice_id=17, question_id=5, choice_description=London, is_correct=0), Choice(choice_id=18, question_id=5, choice_description=Paris, is_correct=1), Choice(choice_id=19, question_id=5, choice_description=Berlin, is_correct=0), Choice(choice_id=20, question_id=5, choice_description=Madrid, is_correct=0)]), QuestionChoice(questionId=6, description=Which is the largest continent by area?, userChoice=21, choiceList=[Choice(choice_id=21, question_id=6, choice_description=Africa, is_correct=0), Choice(choice_id=22, question_id=6, choice_description=Asia, is_correct=1), Choice(choice_id=23, question_id=6, choice_description=Europe, is_correct=0), Choice(choice_id=24, question_id=6, choice_description=North America, is_correct=0)]), QuestionChoice(questionId=7, description=What is the longest river in the world?, userChoice=26, choiceList=[Choice(choice_id=25, question_id=7, choice_description=Amazon, is_correct=0), Choice(choice_id=26, question_id=7, choice_description=Nile, is_correct=1), Choice(choice_id=27, question_id=7, choice_description=Yangtze, is_correct=0), Choice(choice_id=28, question_id=7, choice_description=Mississippi, is_correct=0)]), QuestionChoice(questionId=8, description=Which country has the largest population?, userChoice=31, choiceList=[Choice(choice_id=29, question_id=8, choice_description=India, is_correct=0), Choice(choice_id=30, question_id=8, choice_description=United States, is_correct=0), Choice(choice_id=31, question_id=8, choice_description=China, is_correct=1), Choice(choice_id=32, question_id=8, choice_description=Brazil, is_correct=0)]), QuestionChoice(questionId=10, description=Which desert is the largest in the world?, userChoice=37, choiceList=[Choice(choice_id=37, question_id=10, choice_description=Sahara, is_correct=0), Choice(choice_id=38, question_id=10, choice_description=Arabian, is_correct=0), Choice(choice_id=39, question_id=10, choice_description=Antarctica, is_correct=1), Choice(choice_id=40, question_id=10, choice_description=Gobi, is_correct=0)])]
2026-03-18 09:36:15,677 INFO  [background-preinit] org.hibernate.validator.internal.util.Version:<clinit>:21 - HV000001: Hibernate Validator 6.2.4.Final
2026-03-18 09:36:15,697 INFO  [main] com.example.quiz_project.QuizProjectApplication:logStarting:55 - Starting QuizProjectApplication using Java 1.8.0_452 on Haneko with PID 11484 (D:\Code_projects\target\classes started by 40108 in D:\Code_projects)
2026-03-18 09:36:15,701 INFO  [main] com.example.quiz_project.QuizProjectApplication:logStartupProfileInfo:634 - No active profile set, falling back to 1 default profile: "default"
2026-03-18 09:36:18,415 INFO  [main] org.springframework.data.repository.config.RepositoryConfigurationDelegate:registerRepositoriesIn:132 - Bootstrapping Spring Data JDBC repositories in DEFAULT mode.
2026-03-18 09:36:18,485 INFO  [main] org.springframework.data.repository.config.RepositoryConfigurationDelegate:registerRepositoriesIn:201 - Finished Spring Data repository scanning in 52 ms. Found 0 JDBC repository interfaces.
2026-03-18 09:36:20,821 INFO  [main] org.springframework.boot.web.embedded.tomcat.TomcatWebServer:initialize:108 - Tomcat initialized with port(s): 8080 (http)
2026-03-18 09:36:20,850 INFO  [main] org.apache.coyote.http11.Http11NioProtocol:log:173 - Initializing ProtocolHandler ["http-nio-8080"]
2026-03-18 09:36:20,852 INFO  [main] org.apache.catalina.core.StandardService:log:173 - Starting service [Tomcat]
2026-03-18 09:36:20,853 INFO  [main] org.apache.catalina.core.StandardEngine:log:173 - Starting Servlet engine: [Apache Tomcat/9.0.65]
2026-03-18 09:36:21,899 INFO  [main] org.apache.jasper.servlet.TldScanner:log:173 - At least one JAR was scanned for TLDs yet contained no TLDs. Enable debug logging for this logger for a complete list of JARs that were scanned but no TLDs were found in them. Skipping unneeded JARs during scanning can improve startup time and JSP compilation time.
2026-03-18 09:36:21,925 INFO  [main] org.apache.catalina.core.ContainerBase.[Tomcat].[localhost].[/]:log:173 - Initializing Spring embedded WebApplicationContext
2026-03-18 09:36:21,926 INFO  [main] org.springframework.boot.web.servlet.context.ServletWebServerApplicationContext:prepareWebApplicationContext:292 - Root WebApplicationContext: initialization completed in 5993 ms
2026-03-18 09:36:25,517 INFO  [main] org.apache.coyote.http11.Http11NioProtocol:log:173 - Starting ProtocolHandler ["http-nio-8080"]
2026-03-18 09:36:25,640 INFO  [main] org.springframework.boot.web.embedded.tomcat.TomcatWebServer:start:220 - Tomcat started on port(s): 8080 (http) with context path ''
2026-03-18 09:36:25,688 INFO  [main] com.example.quiz_project.QuizProjectApplication:logStarted:61 - Started QuizProjectApplication in 11.272 seconds (JVM running for 13.905)
2026-03-18 09:36:37,251 INFO  [http-nio-8080-exec-1] org.apache.catalina.core.ContainerBase.[Tomcat].[localhost].[/]:log:173 - Initializing Spring DispatcherServlet 'dispatcherServlet'
2026-03-18 09:36:37,253 INFO  [http-nio-8080-exec-1] org.springframework.web.servlet.DispatcherServlet:initServletBean:525 - Initializing Servlet 'dispatcherServlet'
2026-03-18 09:36:37,261 INFO  [http-nio-8080-exec-1] org.springframework.web.servlet.DispatcherServlet:initServletBean:547 - Completed initialization in 7 ms
2026-03-18 16:39:40,790 INFO  [background-preinit] org.hibernate.validator.internal.util.Version:<clinit>:21 - HV000001: Hibernate Validator 6.2.4.Final
2026-03-18 16:39:40,791 INFO  [main] com.example.quiz_project.QuizProjectApplication:logStarting:55 - Starting QuizProjectApplication using Java 1.8.0_452 on Haneko with PID 18768 (D:\Code_projects\target\classes started by 40108 in D:\Code_projects)
2026-03-18 16:39:40,792 INFO  [main] com.example.quiz_project.QuizProjectApplication:logStartupProfileInfo:634 - No active profile set, falling back to 1 default profile: "default"
2026-03-18 16:39:41,164 INFO  [main] org.springframework.data.repository.config.RepositoryConfigurationDelegate:registerRepositoriesIn:132 - Bootstrapping Spring Data JDBC repositories in DEFAULT mode.
2026-03-18 16:39:41,174 INFO  [main] org.springframework.data.repository.config.RepositoryConfigurationDelegate:registerRepositoriesIn:201 - Finished Spring Data repository scanning in 6 ms. Found 0 JDBC repository interfaces.
2026-03-18 16:39:41,629 INFO  [main] org.springframework.boot.web.embedded.tomcat.TomcatWebServer:initialize:108 - Tomcat initialized with port(s): 8080 (http)
2026-03-18 16:39:41,634 INFO  [main] org.apache.coyote.http11.Http11NioProtocol:log:173 - Initializing ProtocolHandler ["http-nio-8080"]
2026-03-18 16:39:41,635 INFO  [main] org.apache.catalina.core.StandardService:log:173 - Starting service [Tomcat]
2026-03-18 16:39:41,635 INFO  [main] org.apache.catalina.core.StandardEngine:log:173 - Starting Servlet engine: [Apache Tomcat/9.0.65]
2026-03-18 16:39:41,747 INFO  [main] org.apache.jasper.servlet.TldScanner:log:173 - At least one JAR was scanned for TLDs yet contained no TLDs. Enable debug logging for this logger for a complete list of JARs that were scanned but no TLDs were found in them. Skipping unneeded JARs during scanning can improve startup time and JSP compilation time.
2026-03-18 16:39:41,751 INFO  [main] org.apache.catalina.core.ContainerBase.[Tomcat].[localhost].[/]:log:173 - Initializing Spring embedded WebApplicationContext
2026-03-18 16:39:41,752 INFO  [main] org.springframework.boot.web.servlet.context.ServletWebServerApplicationContext:prepareWebApplicationContext:292 - Root WebApplicationContext: initialization completed in 933 ms
2026-03-18 16:39:42,290 INFO  [main] org.apache.coyote.http11.Http11NioProtocol:log:173 - Starting ProtocolHandler ["http-nio-8080"]
2026-03-18 16:39:42,306 INFO  [main] org.springframework.boot.web.embedded.tomcat.TomcatWebServer:start:220 - Tomcat started on port(s): 8080 (http) with context path ''
2026-03-18 16:39:42,312 INFO  [main] com.example.quiz_project.QuizProjectApplication:logStarted:61 - Started QuizProjectApplication in 1.858 seconds (JVM running for 2.113)
2026-03-18 16:39:49,236 INFO  [http-nio-8080-exec-1] org.apache.catalina.core.ContainerBase.[Tomcat].[localhost].[/]:log:173 - Initializing Spring DispatcherServlet 'dispatcherServlet'
2026-03-18 16:39:49,236 INFO  [http-nio-8080-exec-1] org.springframework.web.servlet.DispatcherServlet:initServletBean:525 - Initializing Servlet 'dispatcherServlet'
2026-03-18 16:39:49,237 INFO  [http-nio-8080-exec-1] org.springframework.web.servlet.DispatcherServlet:initServletBean:547 - Completed initialization in 0 ms
2026-03-18 16:40:04,895 INFO  [http-nio-8080-exec-10] com.example.quiz_project.controller.QuizController:quizDetails:85 - qclist [QuestionChoice(questionId=6, description=Which is the largest continent by area?, userChoice=22, choiceList=[Choice(choice_id=21, question_id=6, choice_description=Africa, is_correct=0), Choice(choice_id=22, question_id=6, choice_description=Asia, is_correct=1), Choice(choice_id=23, question_id=6, choice_description=Europe, is_correct=0), Choice(choice_id=24, question_id=6, choice_description=North America, is_correct=0)]), QuestionChoice(questionId=7, description=What is the longest river in the world?, userChoice=27, choiceList=[Choice(choice_id=25, question_id=7, choice_description=Amazon, is_correct=0), Choice(choice_id=26, question_id=7, choice_description=Nile, is_correct=1), Choice(choice_id=27, question_id=7, choice_description=Yangtze, is_correct=0), Choice(choice_id=28, question_id=7, choice_description=Mississippi, is_correct=0)]), QuestionChoice(questionId=8, description=Which country has the largest population?, userChoice=30, choiceList=[Choice(choice_id=29, question_id=8, choice_description=India, is_correct=0), Choice(choice_id=30, question_id=8, choice_description=United States, is_correct=0), Choice(choice_id=31, question_id=8, choice_description=China, is_correct=1), Choice(choice_id=32, question_id=8, choice_description=Brazil, is_correct=0)]), QuestionChoice(questionId=9, description=What is the smallest country in the world?, userChoice=34, choiceList=[Choice(choice_id=33, question_id=9, choice_description=Monaco, is_correct=0), Choice(choice_id=34, question_id=9, choice_description=San Marino, is_correct=0), Choice(choice_id=35, question_id=9, choice_description=Vatican City, is_correct=1), Choice(choice_id=36, question_id=9, choice_description=Liechtenstein, is_correct=0)]), QuestionChoice(questionId=10, description=Which desert is the largest in the world?, userChoice=38, choiceList=[Choice(choice_id=37, question_id=10, choice_description=Sahara, is_correct=0), Choice(choice_id=38, question_id=10, choice_description=Arabian, is_correct=0), Choice(choice_id=39, question_id=10, choice_description=Antarctica, is_correct=1), Choice(choice_id=40, question_id=10, choice_description=Gobi, is_correct=0)])]
