2025-07-31 14:02:35,532 INFO  [main] com.example.quiz_project.QuizProjectApplication:logStarting:55 - Starting QuizProjectApplication using Java 1.8.0_452 on Haneko with PID 7136 (D:\Code_projects\target\classes started by 40108 in D:\Code_projects)
2025-07-31 14:02:35,534 INFO  [main] com.example.quiz_project.QuizProjectApplication:logStartupProfileInfo:634 - No active profile set, falling back to 1 default profile: "default"
2025-07-31 14:02:36,011 INFO  [main] org.springframework.data.repository.config.RepositoryConfigurationDelegate:registerRepositoriesIn:132 - Bootstrapping Spring Data JDBC repositories in DEFAULT mode.
2025-07-31 14:02:36,023 INFO  [main] org.springframework.data.repository.config.RepositoryConfigurationDelegate:registerRepositoriesIn:201 - Finished Spring Data repository scanning in 8 ms. Found 0 JDBC repository interfaces.
2025-07-31 14:02:36,589 INFO  [main] org.springframework.boot.web.embedded.tomcat.TomcatWebServer:initialize:108 - Tomcat initialized with port(s): 8080 (http)
2025-07-31 14:02:36,600 INFO  [main] org.apache.coyote.http11.Http11NioProtocol:log:173 - Initializing ProtocolHandler ["http-nio-8080"]
2025-07-31 14:02:36,601 INFO  [main] org.apache.catalina.core.StandardService:log:173 - Starting service [Tomcat]
2025-07-31 14:02:36,601 INFO  [main] org.apache.catalina.core.StandardEngine:log:173 - Starting Servlet engine: [Apache Tomcat/9.0.65]
2025-07-31 14:02:36,846 INFO  [main] org.apache.jasper.servlet.TldScanner:log:173 - At least one JAR was scanned for TLDs yet contained no TLDs. Enable debug logging for this logger for a complete list of JARs that were scanned but no TLDs were found in them. Skipping unneeded JARs during scanning can improve startup time and JSP compilation time.
2025-07-31 14:02:36,852 INFO  [main] org.apache.catalina.core.ContainerBase.[Tomcat].[localhost].[/]:log:173 - Initializing Spring embedded WebApplicationContext
2025-07-31 14:02:36,852 INFO  [main] org.springframework.boot.web.servlet.context.ServletWebServerApplicationContext:prepareWebApplicationContext:292 - Root WebApplicationContext: initialization completed in 1279 ms
2025-07-31 14:02:41,445 WARN  [main] org.springframework.boot.web.servlet.context.AnnotationConfigServletWebServerApplicationContext:refresh:591 - Exception encountered during context initialization - cancelling refresh attempt: org.springframework.beans.factory.UnsatisfiedDependencyException: Error creating bean with name 'jdbcMappingContext' defined in class path resource [org/springframework/boot/autoconfigure/data/jdbc/JdbcRepositoriesAutoConfiguration$SpringBootJdbcConfiguration.class]: Unsatisfied dependency expressed through method 'jdbcMappingContext' parameter 1; nested exception is org.springframework.beans.factory.BeanCreationException: Error creating bean with name 'jdbcCustomConversions' defined in class path resource [org/springframework/boot/autoconfigure/data/jdbc/JdbcRepositoriesAutoConfiguration$SpringBootJdbcConfiguration.class]: Bean instantiation via factory method failed; nested exception is org.springframework.beans.BeanInstantiationException: Failed to instantiate [org.springframework.data.jdbc.core.convert.JdbcCustomConversions]: Factory method 'jdbcCustomConversions' threw exception; nested exception is org.springframework.beans.factory.BeanCreationException: Error creating bean with name 'jdbcDialect' defined in class path resource [org/springframework/boot/autoconfigure/data/jdbc/JdbcRepositoriesAutoConfiguration$SpringBootJdbcConfiguration.class]: Bean instantiation via factory method failed; nested exception is org.springframework.beans.BeanInstantiationException: Failed to instantiate [org.springframework.data.relational.core.dialect.Dialect]: Factory method 'jdbcDialect' threw exception; nested exception is org.springframework.jdbc.CannotGetJdbcConnectionException: Failed to obtain JDBC Connection; nested exception is com.mysql.cj.jdbc.exceptions.CommunicationsException: Communications link failure

The last packet sent successfully to the server was 0 milliseconds ago. The driver has not received any packets from the server.
2025-07-31 14:02:41,448 INFO  [main] org.apache.catalina.core.StandardService:log:173 - Stopping service [Tomcat]
2025-07-31 14:02:41,454 INFO  [main] org.springframework.boot.autoconfigure.logging.ConditionEvaluationReportLoggingListener:logMessage:136 - 

Error starting ApplicationContext. To display the conditions report re-run your application with 'debug' enabled.
2025-07-31 14:02:41,472 ERROR [main] org.springframework.boot.SpringApplication:reportFailure:824 - Application run failed
org.springframework.beans.factory.UnsatisfiedDependencyException: Error creating bean with name 'jdbcMappingContext' defined in class path resource [org/springframework/boot/autoconfigure/data/jdbc/JdbcRepositoriesAutoConfiguration$SpringBootJdbcConfiguration.class]: Unsatisfied dependency expressed through method 'jdbcMappingContext' parameter 1; nested exception is org.springframework.beans.factory.BeanCreationException: Error creating bean with name 'jdbcCustomConversions' defined in class path resource [org/springframework/boot/autoconfigure/data/jdbc/JdbcRepositoriesAutoConfiguration$SpringBootJdbcConfiguration.class]: Bean instantiation via factory method failed; nested exception is org.springframework.beans.BeanInstantiationException: Failed to instantiate [org.springframework.data.jdbc.core.convert.JdbcCustomConversions]: Factory method 'jdbcCustomConversions' threw exception; nested exception is org.springframework.beans.factory.BeanCreationException: Error creating bean with name 'jdbcDialect' defined in class path resource [org/springframework/boot/autoconfigure/data/jdbc/JdbcRepositoriesAutoConfiguration$SpringBootJdbcConfiguration.class]: Bean instantiation via factory method failed; nested exception is org.springframework.beans.BeanInstantiationException: Failed to instantiate [org.springframework.data.relational.core.dialect.Dialect]: Factory method 'jdbcDialect' threw exception; nested exception is org.springframework.jdbc.CannotGetJdbcConnectionException: Failed to obtain JDBC Connection; nested exception is com.mysql.cj.jdbc.exceptions.CommunicationsException: Communications link failure

The last packet sent successfully to the server was 0 milliseconds ago. The driver has not received any packets from the server.
	at org.springframework.beans.factory.support.ConstructorResolver.createArgumentArray(ConstructorResolver.java:800)
	at org.springframework.beans.factory.support.ConstructorResolver.instantiateUsingFactoryMethod(ConstructorResolver.java:541)
	at org.springframework.beans.factory.support.AbstractAutowireCapableBeanFactory.instantiateUsingFactoryMethod(AbstractAutowireCapableBeanFactory.java:1352)
	at org.springframework.beans.factory.support.AbstractAutowireCapableBeanFactory.createBeanInstance(AbstractAutowireCapableBeanFactory.java:1195)
	at org.springframework.beans.factory.support.AbstractAutowireCapableBeanFactory.doCreateBean(AbstractAutowireCapableBeanFactory.java:582)
	at org.springframework.beans.factory.support.AbstractAutowireCapableBeanFactory.createBean(AbstractAutowireCapableBeanFactory.java:542)
	at org.springframework.beans.factory.support.AbstractBeanFactory.lambda$doGetBean$0(AbstractBeanFactory.java:335)
	at org.springframework.beans.factory.support.DefaultSingletonBeanRegistry.getSingleton(DefaultSingletonBeanRegistry.java:234)
	at org.springframework.beans.factory.support.AbstractBeanFactory.doGetBean(AbstractBeanFactory.java:333)
	at org.springframework.beans.factory.support.AbstractBeanFactory.getBean(AbstractBeanFactory.java:208)
	at org.springframework.beans.factory.support.DefaultListableBeanFactory.preInstantiateSingletons(DefaultListableBeanFactory.java:955)
	at org.springframework.context.support.AbstractApplicationContext.finishBeanFactoryInitialization(AbstractApplicationContext.java:918)
	at org.springframework.context.support.AbstractApplicationContext.refresh(AbstractApplicationContext.java:583)
	at org.springframework.boot.web.servlet.context.ServletWebServerApplicationContext.refresh(ServletWebServerApplicationContext.java:147)
	at org.springframework.boot.SpringApplication.refresh(SpringApplication.java:734)
	at org.springframework.boot.SpringApplication.refreshContext(SpringApplication.java:408)
	at org.springframework.boot.SpringApplication.run(SpringApplication.java:308)
	at org.springframework.boot.SpringApplication.run(SpringApplication.java:1306)
	at org.springframework.boot.SpringApplication.run(SpringApplication.java:1295)
	at com.example.quiz_project.QuizProjectApplication.main(QuizProjectApplication.java:12)
Caused by: org.springframework.beans.factory.BeanCreationException: Error creating bean with name 'jdbcCustomConversions' defined in class path resource [org/springframework/boot/autoconfigure/data/jdbc/JdbcRepositoriesAutoConfiguration$SpringBootJdbcConfiguration.class]: Bean instantiation via factory method failed; nested exception is org.springframework.beans.BeanInstantiationException: Failed to instantiate [org.springframework.data.jdbc.core.convert.JdbcCustomConversions]: Factory method 'jdbcCustomConversions' threw exception; nested exception is org.springframework.beans.factory.BeanCreationException: Error creating bean with name 'jdbcDialect' defined in class path resource [org/springframework/boot/autoconfigure/data/jdbc/JdbcRepositoriesAutoConfiguration$SpringBootJdbcConfiguration.class]: Bean instantiation via factory method failed; nested exception is org.springframework.beans.BeanInstantiationException: Failed to instantiate [org.springframework.data.relational.core.dialect.Dialect]: Factory method 'jdbcDialect' threw exception; nested exception is org.springframework.jdbc.CannotGetJdbcConnectionException: Failed to obtain JDBC Connection; nested exception is com.mysql.cj.jdbc.exceptions.CommunicationsException: Communications link failure

The last packet sent successfully to the server was 0 milliseconds ago. The driver has not received any packets from the server.
	at org.springframework.beans.factory.support.ConstructorResolver.instantiate(ConstructorResolver.java:658)
	at org.springframework.beans.factory.support.ConstructorResolver.instantiateUsingFactoryMethod(ConstructorResolver.java:486)
	at org.springframework.beans.factory.support.AbstractAutowireCapableBeanFactory.instantiateUsingFactoryMethod(AbstractAutowireCapableBeanFactory.java:1352)
	at org.springframework.beans.factory.support.AbstractAutowireCapableBeanFactory.createBeanInstance(AbstractAutowireCapableBeanFactory.java:1195)
	at org.springframework.beans.factory.support.AbstractAutowireCapableBeanFactory.doCreateBean(AbstractAutowireCapableBeanFactory.java:582)
	at org.springframework.beans.factory.support.AbstractAutowireCapableBeanFactory.createBean(AbstractAutowireCapableBeanFactory.java:542)
	at org.springframework.beans.factory.support.AbstractBeanFactory.lambda$doGetBean$0(AbstractBeanFactory.java:335)
	at org.springframework.beans.factory.support.DefaultSingletonBeanRegistry.getSingleton(DefaultSingletonBeanRegistry.java:234)
	at org.springframework.beans.factory.support.AbstractBeanFactory.doGetBean(AbstractBeanFactory.java:333)
	at org.springframework.beans.factory.support.AbstractBeanFactory.getBean(AbstractBeanFactory.java:208)
	at org.springframework.beans.factory.config.DependencyDescriptor.resolveCandidate(DependencyDescriptor.java:276)
	at org.springframework.beans.factory.support.DefaultListableBeanFactory.doResolveDependency(DefaultListableBeanFactory.java:1391)
	at org.springframework.beans.factory.support.DefaultListableBeanFactory.resolveDependency(DefaultListableBeanFactory.java:1311)
	at org.springframework.beans.factory.support.ConstructorResolver.resolveAutowiredArgument(ConstructorResolver.java:887)
	at org.springframework.beans.factory.support.ConstructorResolver.createArgumentArray(ConstructorResolver.java:791)
	... 19 common frames omitted
Caused by: org.springframework.beans.BeanInstantiationException: Failed to instantiate [org.springframework.data.jdbc.core.convert.JdbcCustomConversions]: Factory method 'jdbcCustomConversions' threw exception; nested exception is org.springframework.beans.factory.BeanCreationException: Error creating bean with name 'jdbcDialect' defined in class path resource [org/springframework/boot/autoconfigure/data/jdbc/JdbcRepositoriesAutoConfiguration$SpringBootJdbcConfiguration.class]: Bean instantiation via factory method failed; nested exception is org.springframework.beans.BeanInstantiationException: Failed to instantiate [org.springframework.data.relational.core.dialect.Dialect]: Factory method 'jdbcDialect' threw exception; nested exception is org.springframework.jdbc.CannotGetJdbcConnectionException: Failed to obtain JDBC Connection; nested exception is com.mysql.cj.jdbc.exceptions.CommunicationsException: Communications link failure

The last packet sent successfully to the server was 0 milliseconds ago. The driver has not received any packets from the server.
	at org.springframework.beans.factory.support.SimpleInstantiationStrategy.instantiate(SimpleInstantiationStrategy.java:185)
	at org.springframework.beans.factory.support.ConstructorResolver.instantiate(ConstructorResolver.java:653)
	... 33 common frames omitted
Caused by: org.springframework.beans.factory.BeanCreationException: Error creating bean with name 'jdbcDialect' defined in class path resource [org/springframework/boot/autoconfigure/data/jdbc/JdbcRepositoriesAutoConfiguration$SpringBootJdbcConfiguration.class]: Bean instantiation via factory method failed; nested exception is org.springframework.beans.BeanInstantiationException: Failed to instantiate [org.springframework.data.relational.core.dialect.Dialect]: Factory method 'jdbcDialect' threw exception; nested exception is org.springframework.jdbc.CannotGetJdbcConnectionException: Failed to obtain JDBC Connection; nested exception is com.mysql.cj.jdbc.exceptions.CommunicationsException: Communications link failure

The last packet sent successfully to the server was 0 milliseconds ago. The driver has not received any packets from the server.
	at org.springframework.beans.factory.support.ConstructorResolver.instantiate(ConstructorResolver.java:658)
	at org.springframework.beans.factory.support.ConstructorResolver.instantiateUsingFactoryMethod(ConstructorResolver.java:638)
	at org.springframework.beans.factory.support.AbstractAutowireCapableBeanFactory.instantiateUsingFactoryMethod(AbstractAutowireCapableBeanFactory.java:1352)
	at org.springframework.beans.factory.support.AbstractAutowireCapableBeanFactory.createBeanInstance(AbstractAutowireCapableBeanFactory.java:1195)
	at org.springframework.beans.factory.support.AbstractAutowireCapableBeanFactory.doCreateBean(AbstractAutowireCapableBeanFactory.java:582)
	at org.springframework.beans.factory.support.AbstractAutowireCapableBeanFactory.createBean(AbstractAutowireCapableBeanFactory.java:542)
	at org.springframework.beans.factory.support.AbstractBeanFactory.lambda$doGetBean$0(AbstractBeanFactory.java:335)
	at org.springframework.beans.factory.support.DefaultSingletonBeanRegistry.getSingleton(DefaultSingletonBeanRegistry.java:234)
	at org.springframework.beans.factory.support.AbstractBeanFactory.doGetBean(AbstractBeanFactory.java:333)
	at org.springframework.beans.factory.support.AbstractBeanFactory.getBean(AbstractBeanFactory.java:233)
	at org.springframework.beans.factory.support.DefaultListableBeanFactory.resolveNamedBean(DefaultListableBeanFactory.java:1284)
	at org.springframework.beans.factory.support.DefaultListableBeanFactory.resolveNamedBean(DefaultListableBeanFactory.java:1245)
	at org.springframework.beans.factory.support.DefaultListableBeanFactory.resolveBean(DefaultListableBeanFactory.java:494)
	at org.springframework.beans.factory.support.DefaultListableBeanFactory.getBean(DefaultListableBeanFactory.java:349)
	at org.springframework.beans.factory.support.DefaultListableBeanFactory.getBean(DefaultListableBeanFactory.java:342)
	at org.springframework.context.support.AbstractApplicationContext.getBean(AbstractApplicationContext.java:1172)
	at org.springframework.data.jdbc.repository.config.AbstractJdbcConfiguration.jdbcCustomConversions(AbstractJdbcConfiguration.java:117)
	at sun.reflect.NativeMethodAccessorImpl.invoke0(Native Method)
	at sun.reflect.NativeMethodAccessorImpl.invoke(NativeMethodAccessorImpl.java:62)
	at sun.reflect.DelegatingMethodAccessorImpl.invoke(DelegatingMethodAccessorImpl.java:43)
	at java.lang.reflect.Method.invoke(Method.java:498)
	at org.springframework.beans.factory.support.SimpleInstantiationStrategy.instantiate(SimpleInstantiationStrategy.java:154)
	... 34 common frames omitted
Caused by: org.springframework.beans.BeanInstantiationException: Failed to instantiate [org.springframework.data.relational.core.dialect.Dialect]: Factory method 'jdbcDialect' threw exception; nested exception is org.springframework.jdbc.CannotGetJdbcConnectionException: Failed to obtain JDBC Connection; nested exception is com.mysql.cj.jdbc.exceptions.CommunicationsException: Communications link failure

The last packet sent successfully to the server was 0 milliseconds ago. The driver has not received any packets from the server.
	at org.springframework.beans.factory.support.SimpleInstantiationStrategy.instantiate(SimpleInstantiationStrategy.java:185)
	at org.springframework.beans.factory.support.ConstructorResolver.instantiate(ConstructorResolver.java:653)
	... 55 common frames omitted
Caused by: org.springframework.jdbc.CannotGetJdbcConnectionException: Failed to obtain JDBC Connection; nested exception is com.mysql.cj.jdbc.exceptions.CommunicationsException: Communications link failure

The last packet sent successfully to the server was 0 milliseconds ago. The driver has not received any packets from the server.
	at org.springframework.jdbc.datasource.DataSourceUtils.getConnection(DataSourceUtils.java:83)
	at org.springframework.jdbc.core.JdbcTemplate.execute(JdbcTemplate.java:330)
	at org.springframework.data.jdbc.repository.config.DialectResolver$DefaultDialectProvider.getDialect(DialectResolver.java:108)
	at org.springframework.data.jdbc.repository.config.DialectResolver.lambda$getDialect$0(DialectResolver.java:78)
	at java.util.stream.ReferencePipeline$3$1.accept(ReferencePipeline.java:193)
	at java.util.ArrayList$ArrayListSpliterator.tryAdvance(ArrayList.java:1361)
	at java.util.stream.ReferencePipeline.forEachWithCancel(ReferencePipeline.java:126)
	at java.util.stream.AbstractPipeline.copyIntoWithCancel(AbstractPipeline.java:499)
	at java.util.stream.AbstractPipeline.copyInto(AbstractPipeline.java:486)
	at java.util.stream.AbstractPipeline.wrapAndCopyInto(AbstractPipeline.java:472)
	at java.util.stream.FindOps$FindOp.evaluateSequential(FindOps.java:152)
	at java.util.stream.AbstractPipeline.evaluate(AbstractPipeline.java:234)
	at java.util.stream.ReferencePipeline.findFirst(ReferencePipeline.java:531)
	at org.springframework.data.jdbc.repository.config.DialectResolver.getDialect(DialectResolver.java:80)
	at org.springframework.data.jdbc.repository.config.AbstractJdbcConfiguration.jdbcDialect(AbstractJdbcConfiguration.java:186)
	at sun.reflect.NativeMethodAccessorImpl.invoke0(Native Method)
	at sun.reflect.NativeMethodAccessorImpl.invoke(NativeMethodAccessorImpl.java:62)
	at sun.reflect.DelegatingMethodAccessorImpl.invoke(DelegatingMethodAccessorImpl.java:43)
	at java.lang.reflect.Method.invoke(Method.java:498)
	at org.springframework.beans.factory.support.SimpleInstantiationStrategy.instantiate(SimpleInstantiationStrategy.java:154)
	... 56 common frames omitted
Caused by: com.mysql.cj.jdbc.exceptions.CommunicationsException: Communications link failure

The last packet sent successfully to the server was 0 milliseconds ago. The driver has not received any packets from the server.
	at com.mysql.cj.jdbc.exceptions.SQLError.createCommunicationsException(SQLError.java:174)
	at com.mysql.cj.jdbc.exceptions.SQLExceptionsMapping.translateException(SQLExceptionsMapping.java:64)
	at com.mysql.cj.jdbc.ConnectionImpl.createNewIO(ConnectionImpl.java:828)
	at com.mysql.cj.jdbc.ConnectionImpl.<init>(ConnectionImpl.java:448)
	at com.mysql.cj.jdbc.ConnectionImpl.getInstance(ConnectionImpl.java:241)
	at com.mysql.cj.jdbc.NonRegisteringDriver.connect(NonRegisteringDriver.java:198)
	at java.sql.DriverManager.getConnection(DriverManager.java:664)
	at java.sql.DriverManager.getConnection(DriverManager.java:208)
	at org.springframework.jdbc.datasource.DriverManagerDataSource.getConnectionFromDriverManager(DriverManagerDataSource.java:155)
	at org.springframework.jdbc.datasource.DriverManagerDataSource.getConnectionFromDriver(DriverManagerDataSource.java:146)
	at org.springframework.jdbc.datasource.AbstractDriverBasedDataSource.getConnectionFromDriver(AbstractDriverBasedDataSource.java:205)
	at org.springframework.jdbc.datasource.AbstractDriverBasedDataSource.getConnection(AbstractDriverBasedDataSource.java:169)
	at org.springframework.jdbc.datasource.DataSourceUtils.fetchConnection(DataSourceUtils.java:159)
	at org.springframework.jdbc.datasource.DataSourceUtils.doGetConnection(DataSourceUtils.java:117)
	at org.springframework.jdbc.datasource.DataSourceUtils.getConnection(DataSourceUtils.java:80)
	... 75 common frames omitted
Caused by: com.mysql.cj.exceptions.CJCommunicationsException: Communications link failure

The last packet sent successfully to the server was 0 milliseconds ago. The driver has not received any packets from the server.
	at sun.reflect.NativeConstructorAccessorImpl.newInstance0(Native Method)
	at sun.reflect.NativeConstructorAccessorImpl.newInstance(NativeConstructorAccessorImpl.java:62)
	at sun.reflect.DelegatingConstructorAccessorImpl.newInstance(DelegatingConstructorAccessorImpl.java:45)
	at java.lang.reflect.Constructor.newInstance(Constructor.java:423)
	at com.mysql.cj.exceptions.ExceptionFactory.createException(ExceptionFactory.java:61)
	at com.mysql.cj.exceptions.ExceptionFactory.createException(ExceptionFactory.java:105)
	at com.mysql.cj.exceptions.ExceptionFactory.createException(ExceptionFactory.java:151)
	at com.mysql.cj.exceptions.ExceptionFactory.createCommunicationsException(ExceptionFactory.java:167)
	at com.mysql.cj.protocol.a.NativeSocketConnection.connect(NativeSocketConnection.java:89)
	at com.mysql.cj.NativeSession.connect(NativeSession.java:120)
	at com.mysql.cj.jdbc.ConnectionImpl.connectOneTryOnly(ConnectionImpl.java:948)
	at com.mysql.cj.jdbc.ConnectionImpl.createNewIO(ConnectionImpl.java:818)
	... 87 common frames omitted
Caused by: java.net.ConnectException: Connection refused: connect
	at java.net.DualStackPlainSocketImpl.connect0(Native Method)
	at java.net.DualStackPlainSocketImpl.socketConnect(DualStackPlainSocketImpl.java:79)
	at java.net.AbstractPlainSocketImpl.doConnect(AbstractPlainSocketImpl.java:350)
	at java.net.AbstractPlainSocketImpl.connectToAddress(AbstractPlainSocketImpl.java:206)
	at java.net.AbstractPlainSocketImpl.connect(AbstractPlainSocketImpl.java:188)
	at java.net.PlainSocketImpl.connect(PlainSocketImpl.java:172)
	at java.net.SocksSocketImpl.connect(SocksSocketImpl.java:392)
	at java.net.Socket.connect(Socket.java:607)
	at com.mysql.cj.protocol.StandardSocketFactory.connect(StandardSocketFactory.java:153)
	at com.mysql.cj.protocol.a.NativeSocketConnection.connect(NativeSocketConnection.java:63)
	... 90 common frames omitted
2025-07-31 14:05:29,422 INFO  [main] com.example.quiz_project.QuizProjectApplication:logStarting:55 - Starting QuizProjectApplication using Java 1.8.0_452 on Haneko with PID 17708 (D:\Code_projects\target\classes started by 40108 in D:\Code_projects)
2025-07-31 14:05:29,425 INFO  [main] com.example.quiz_project.QuizProjectApplication:logStartupProfileInfo:634 - No active profile set, falling back to 1 default profile: "default"
2025-07-31 14:05:29,903 INFO  [main] org.springframework.data.repository.config.RepositoryConfigurationDelegate:registerRepositoriesIn:132 - Bootstrapping Spring Data JDBC repositories in DEFAULT mode.
2025-07-31 14:05:29,914 INFO  [main] org.springframework.data.repository.config.RepositoryConfigurationDelegate:registerRepositoriesIn:201 - Finished Spring Data repository scanning in 7 ms. Found 0 JDBC repository interfaces.
2025-07-31 14:05:30,450 INFO  [main] org.springframework.boot.web.embedded.tomcat.TomcatWebServer:initialize:108 - Tomcat initialized with port(s): 8080 (http)
2025-07-31 14:05:30,457 INFO  [main] org.apache.coyote.http11.Http11NioProtocol:log:173 - Initializing ProtocolHandler ["http-nio-8080"]
2025-07-31 14:05:30,458 INFO  [main] org.apache.catalina.core.StandardService:log:173 - Starting service [Tomcat]
2025-07-31 14:05:30,458 INFO  [main] org.apache.catalina.core.StandardEngine:log:173 - Starting Servlet engine: [Apache Tomcat/9.0.65]
2025-07-31 14:05:30,633 INFO  [main] org.apache.jasper.servlet.TldScanner:log:173 - At least one JAR was scanned for TLDs yet contained no TLDs. Enable debug logging for this logger for a complete list of JARs that were scanned but no TLDs were found in them. Skipping unneeded JARs during scanning can improve startup time and JSP compilation time.
2025-07-31 14:05:30,639 INFO  [main] org.apache.catalina.core.ContainerBase.[Tomcat].[localhost].[/]:log:173 - Initializing Spring embedded WebApplicationContext
2025-07-31 14:05:30,639 INFO  [main] org.springframework.boot.web.servlet.context.ServletWebServerApplicationContext:prepareWebApplicationContext:292 - Root WebApplicationContext: initialization completed in 1170 ms
2025-07-31 14:05:35,158 WARN  [main] org.springframework.boot.web.servlet.context.AnnotationConfigServletWebServerApplicationContext:refresh:591 - Exception encountered during context initialization - cancelling refresh attempt: org.springframework.beans.factory.UnsatisfiedDependencyException: Error creating bean with name 'jdbcMappingContext' defined in class path resource [org/springframework/boot/autoconfigure/data/jdbc/JdbcRepositoriesAutoConfiguration$SpringBootJdbcConfiguration.class]: Unsatisfied dependency expressed through method 'jdbcMappingContext' parameter 1; nested exception is org.springframework.beans.factory.BeanCreationException: Error creating bean with name 'jdbcCustomConversions' defined in class path resource [org/springframework/boot/autoconfigure/data/jdbc/JdbcRepositoriesAutoConfiguration$SpringBootJdbcConfiguration.class]: Bean instantiation via factory method failed; nested exception is org.springframework.beans.BeanInstantiationException: Failed to instantiate [org.springframework.data.jdbc.core.convert.JdbcCustomConversions]: Factory method 'jdbcCustomConversions' threw exception; nested exception is org.springframework.beans.factory.BeanCreationException: Error creating bean with name 'jdbcDialect' defined in class path resource [org/springframework/boot/autoconfigure/data/jdbc/JdbcRepositoriesAutoConfiguration$SpringBootJdbcConfiguration.class]: Bean instantiation via factory method failed; nested exception is org.springframework.beans.BeanInstantiationException: Failed to instantiate [org.springframework.data.relational.core.dialect.Dialect]: Factory method 'jdbcDialect' threw exception; nested exception is org.springframework.jdbc.CannotGetJdbcConnectionException: Failed to obtain JDBC Connection; nested exception is com.mysql.cj.jdbc.exceptions.CommunicationsException: Communications link failure

The last packet sent successfully to the server was 0 milliseconds ago. The driver has not received any packets from the server.
2025-07-31 14:05:35,160 INFO  [main] org.apache.catalina.core.StandardService:log:173 - Stopping service [Tomcat]
2025-07-31 14:05:35,167 INFO  [main] org.springframework.boot.autoconfigure.logging.ConditionEvaluationReportLoggingListener:logMessage:136 - 

Error starting ApplicationContext. To display the conditions report re-run your application with 'debug' enabled.
2025-07-31 14:05:35,179 ERROR [main] org.springframework.boot.SpringApplication:reportFailure:824 - Application run failed
org.springframework.beans.factory.UnsatisfiedDependencyException: Error creating bean with name 'jdbcMappingContext' defined in class path resource [org/springframework/boot/autoconfigure/data/jdbc/JdbcRepositoriesAutoConfiguration$SpringBootJdbcConfiguration.class]: Unsatisfied dependency expressed through method 'jdbcMappingContext' parameter 1; nested exception is org.springframework.beans.factory.BeanCreationException: Error creating bean with name 'jdbcCustomConversions' defined in class path resource [org/springframework/boot/autoconfigure/data/jdbc/JdbcRepositoriesAutoConfiguration$SpringBootJdbcConfiguration.class]: Bean instantiation via factory method failed; nested exception is org.springframework.beans.BeanInstantiationException: Failed to instantiate [org.springframework.data.jdbc.core.convert.JdbcCustomConversions]: Factory method 'jdbcCustomConversions' threw exception; nested exception is org.springframework.beans.factory.BeanCreationException: Error creating bean with name 'jdbcDialect' defined in class path resource [org/springframework/boot/autoconfigure/data/jdbc/JdbcRepositoriesAutoConfiguration$SpringBootJdbcConfiguration.class]: Bean instantiation via factory method failed; nested exception is org.springframework.beans.BeanInstantiationException: Failed to instantiate [org.springframework.data.relational.core.dialect.Dialect]: Factory method 'jdbcDialect' threw exception; nested exception is org.springframework.jdbc.CannotGetJdbcConnectionException: Failed to obtain JDBC Connection; nested exception is com.mysql.cj.jdbc.exceptions.CommunicationsException: Communications link failure

The last packet sent successfully to the server was 0 milliseconds ago. The driver has not received any packets from the server.
	at org.springframework.beans.factory.support.ConstructorResolver.createArgumentArray(ConstructorResolver.java:800)
	at org.springframework.beans.factory.support.ConstructorResolver.instantiateUsingFactoryMethod(ConstructorResolver.java:541)
	at org.springframework.beans.factory.support.AbstractAutowireCapableBeanFactory.instantiateUsingFactoryMethod(AbstractAutowireCapableBeanFactory.java:1352)
	at org.springframework.beans.factory.support.AbstractAutowireCapableBeanFactory.createBeanInstance(AbstractAutowireCapableBeanFactory.java:1195)
	at org.springframework.beans.factory.support.AbstractAutowireCapableBeanFactory.doCreateBean(AbstractAutowireCapableBeanFactory.java:582)
	at org.springframework.beans.factory.support.AbstractAutowireCapableBeanFactory.createBean(AbstractAutowireCapableBeanFactory.java:542)
	at org.springframework.beans.factory.support.AbstractBeanFactory.lambda$doGetBean$0(AbstractBeanFactory.java:335)
	at org.springframework.beans.factory.support.DefaultSingletonBeanRegistry.getSingleton(DefaultSingletonBeanRegistry.java:234)
	at org.springframework.beans.factory.support.AbstractBeanFactory.doGetBean(AbstractBeanFactory.java:333)
	at org.springframework.beans.factory.support.AbstractBeanFactory.getBean(AbstractBeanFactory.java:208)
	at org.springframework.beans.factory.support.DefaultListableBeanFactory.preInstantiateSingletons(DefaultListableBeanFactory.java:955)
	at org.springframework.context.support.AbstractApplicationContext.finishBeanFactoryInitialization(AbstractApplicationContext.java:918)
	at org.springframework.context.support.AbstractApplicationContext.refresh(AbstractApplicationContext.java:583)
	at org.springframework.boot.web.servlet.context.ServletWebServerApplicationContext.refresh(ServletWebServerApplicationContext.java:147)
	at org.springframework.boot.SpringApplication.refresh(SpringApplication.java:734)
	at org.springframework.boot.SpringApplication.refreshContext(SpringApplication.java:408)
	at org.springframework.boot.SpringApplication.run(SpringApplication.java:308)
	at org.springframework.boot.SpringApplication.run(SpringApplication.java:1306)
	at org.springframework.boot.SpringApplication.run(SpringApplication.java:1295)
	at com.example.quiz_project.QuizProjectApplication.main(QuizProjectApplication.java:12)
Caused by: org.springframework.beans.factory.BeanCreationException: Error creating bean with name 'jdbcCustomConversions' defined in class path resource [org/springframework/boot/autoconfigure/data/jdbc/JdbcRepositoriesAutoConfiguration$SpringBootJdbcConfiguration.class]: Bean instantiation via factory method failed; nested exception is org.springframework.beans.BeanInstantiationException: Failed to instantiate [org.springframework.data.jdbc.core.convert.JdbcCustomConversions]: Factory method 'jdbcCustomConversions' threw exception; nested exception is org.springframework.beans.factory.BeanCreationException: Error creating bean with name 'jdbcDialect' defined in class path resource [org/springframework/boot/autoconfigure/data/jdbc/JdbcRepositoriesAutoConfiguration$SpringBootJdbcConfiguration.class]: Bean instantiation via factory method failed; nested exception is org.springframework.beans.BeanInstantiationException: Failed to instantiate [org.springframework.data.relational.core.dialect.Dialect]: Factory method 'jdbcDialect' threw exception; nested exception is org.springframework.jdbc.CannotGetJdbcConnectionException: Failed to obtain JDBC Connection; nested exception is com.mysql.cj.jdbc.exceptions.CommunicationsException: Communications link failure

The last packet sent successfully to the server was 0 milliseconds ago. The driver has not received any packets from the server.
	at org.springframework.beans.factory.support.ConstructorResolver.instantiate(ConstructorResolver.java:658)
	at org.springframework.beans.factory.support.ConstructorResolver.instantiateUsingFactoryMethod(ConstructorResolver.java:486)
	at org.springframework.beans.factory.support.AbstractAutowireCapableBeanFactory.instantiateUsingFactoryMethod(AbstractAutowireCapableBeanFactory.java:1352)
	at org.springframework.beans.factory.support.AbstractAutowireCapableBeanFactory.createBeanInstance(AbstractAutowireCapableBeanFactory.java:1195)
	at org.springframework.beans.factory.support.AbstractAutowireCapableBeanFactory.doCreateBean(AbstractAutowireCapableBeanFactory.java:582)
	at org.springframework.beans.factory.support.AbstractAutowireCapableBeanFactory.createBean(AbstractAutowireCapableBeanFactory.java:542)
	at org.springframework.beans.factory.support.AbstractBeanFactory.lambda$doGetBean$0(AbstractBeanFactory.java:335)
	at org.springframework.beans.factory.support.DefaultSingletonBeanRegistry.getSingleton(DefaultSingletonBeanRegistry.java:234)
	at org.springframework.beans.factory.support.AbstractBeanFactory.doGetBean(AbstractBeanFactory.java:333)
	at org.springframework.beans.factory.support.AbstractBeanFactory.getBean(AbstractBeanFactory.java:208)
	at org.springframework.beans.factory.config.DependencyDescriptor.resolveCandidate(DependencyDescriptor.java:276)
	at org.springframework.beans.factory.support.DefaultListableBeanFactory.doResolveDependency(DefaultListableBeanFactory.java:1391)
	at org.springframework.beans.factory.support.DefaultListableBeanFactory.resolveDependency(DefaultListableBeanFactory.java:1311)
	at org.springframework.beans.factory.support.ConstructorResolver.resolveAutowiredArgument(ConstructorResolver.java:887)
	at org.springframework.beans.factory.support.ConstructorResolver.createArgumentArray(ConstructorResolver.java:791)
	... 19 common frames omitted
Caused by: org.springframework.beans.BeanInstantiationException: Failed to instantiate [org.springframework.data.jdbc.core.convert.JdbcCustomConversions]: Factory method 'jdbcCustomConversions' threw exception; nested exception is org.springframework.beans.factory.BeanCreationException: Error creating bean with name 'jdbcDialect' defined in class path resource [org/springframework/boot/autoconfigure/data/jdbc/JdbcRepositoriesAutoConfiguration$SpringBootJdbcConfiguration.class]: Bean instantiation via factory method failed; nested exception is org.springframework.beans.BeanInstantiationException: Failed to instantiate [org.springframework.data.relational.core.dialect.Dialect]: Factory method 'jdbcDialect' threw exception; nested exception is org.springframework.jdbc.CannotGetJdbcConnectionException: Failed to obtain JDBC Connection; nested exception is com.mysql.cj.jdbc.exceptions.CommunicationsException: Communications link failure

The last packet sent successfully to the server was 0 milliseconds ago. The driver has not received any packets from the server.
	at org.springframework.beans.factory.support.SimpleInstantiationStrategy.instantiate(SimpleInstantiationStrategy.java:185)
	at org.springframework.beans.factory.support.ConstructorResolver.instantiate(ConstructorResolver.java:653)
	... 33 common frames omitted
Caused by: org.springframework.beans.factory.BeanCreationException: Error creating bean with name 'jdbcDialect' defined in class path resource [org/springframework/boot/autoconfigure/data/jdbc/JdbcRepositoriesAutoConfiguration$SpringBootJdbcConfiguration.class]: Bean instantiation via factory method failed; nested exception is org.springframework.beans.BeanInstantiationException: Failed to instantiate [org.springframework.data.relational.core.dialect.Dialect]: Factory method 'jdbcDialect' threw exception; nested exception is org.springframework.jdbc.CannotGetJdbcConnectionException: Failed to obtain JDBC Connection; nested exception is com.mysql.cj.jdbc.exceptions.CommunicationsException: Communications link failure

The last packet sent successfully to the server was 0 milliseconds ago. The driver has not received any packets from the server.
	at org.springframework.beans.factory.support.ConstructorResolver.instantiate(ConstructorResolver.java:658)
	at org.springframework.beans.factory.support.ConstructorResolver.instantiateUsingFactoryMethod(ConstructorResolver.java:638)
	at org.springframework.beans.factory.support.AbstractAutowireCapableBeanFactory.instantiateUsingFactoryMethod(AbstractAutowireCapableBeanFactory.java:1352)
	at org.springframework.beans.factory.support.AbstractAutowireCapableBeanFactory.createBeanInstance(AbstractAutowireCapableBeanFactory.java:1195)
	at org.springframework.beans.factory.support.AbstractAutowireCapableBeanFactory.doCreateBean(AbstractAutowireCapableBeanFactory.java:582)
	at org.springframework.beans.factory.support.AbstractAutowireCapableBeanFactory.createBean(AbstractAutowireCapableBeanFactory.java:542)
	at org.springframework.beans.factory.support.AbstractBeanFactory.lambda$doGetBean$0(AbstractBeanFactory.java:335)
	at org.springframework.beans.factory.support.DefaultSingletonBeanRegistry.getSingleton(DefaultSingletonBeanRegistry.java:234)
	at org.springframework.beans.factory.support.AbstractBeanFactory.doGetBean(AbstractBeanFactory.java:333)
	at org.springframework.beans.factory.support.AbstractBeanFactory.getBean(AbstractBeanFactory.java:233)
	at org.springframework.beans.factory.support.DefaultListableBeanFactory.resolveNamedBean(DefaultListableBeanFactory.java:1284)
	at org.springframework.beans.factory.support.DefaultListableBeanFactory.resolveNamedBean(DefaultListableBeanFactory.java:1245)
	at org.springframework.beans.factory.support.DefaultListableBeanFactory.resolveBean(DefaultListableBeanFactory.java:494)
	at org.springframework.beans.factory.support.DefaultListableBeanFactory.getBean(DefaultListableBeanFactory.java:349)
	at org.springframework.beans.factory.support.DefaultListableBeanFactory.getBean(DefaultListableBeanFactory.java:342)
	at org.springframework.context.support.AbstractApplicationContext.getBean(AbstractApplicationContext.java:1172)
	at org.springframework.data.jdbc.repository.config.AbstractJdbcConfiguration.jdbcCustomConversions(AbstractJdbcConfiguration.java:117)
	at sun.reflect.NativeMethodAccessorImpl.invoke0(Native Method)
	at sun.reflect.NativeMethodAccessorImpl.invoke(NativeMethodAccessorImpl.java:62)
	at sun.reflect.DelegatingMethodAccessorImpl.invoke(DelegatingMethodAccessorImpl.java:43)
	at java.lang.reflect.Method.invoke(Method.java:498)
	at org.springframework.beans.factory.support.SimpleInstantiationStrategy.instantiate(SimpleInstantiationStrategy.java:154)
	... 34 common frames omitted
Caused by: org.springframework.beans.BeanInstantiationException: Failed to instantiate [org.springframework.data.relational.core.dialect.Dialect]: Factory method 'jdbcDialect' threw exception; nested exception is org.springframework.jdbc.CannotGetJdbcConnectionException: Failed to obtain JDBC Connection; nested exception is com.mysql.cj.jdbc.exceptions.CommunicationsException: Communications link failure

The last packet sent successfully to the server was 0 milliseconds ago. The driver has not received any packets from the server.
	at org.springframework.beans.factory.support.SimpleInstantiationStrategy.instantiate(SimpleInstantiationStrategy.java:185)
	at org.springframework.beans.factory.support.ConstructorResolver.instantiate(ConstructorResolver.java:653)
	... 55 common frames omitted
Caused by: org.springframework.jdbc.CannotGetJdbcConnectionException: Failed to obtain JDBC Connection; nested exception is com.mysql.cj.jdbc.exceptions.CommunicationsException: Communications link failure

The last packet sent successfully to the server was 0 milliseconds ago. The driver has not received any packets from the server.
	at org.springframework.jdbc.datasource.DataSourceUtils.getConnection(DataSourceUtils.java:83)
	at org.springframework.jdbc.core.JdbcTemplate.execute(JdbcTemplate.java:330)
	at org.springframework.data.jdbc.repository.config.DialectResolver$DefaultDialectProvider.getDialect(DialectResolver.java:108)
	at org.springframework.data.jdbc.repository.config.DialectResolver.lambda$getDialect$0(DialectResolver.java:78)
	at java.util.stream.ReferencePipeline$3$1.accept(ReferencePipeline.java:193)
	at java.util.ArrayList$ArrayListSpliterator.tryAdvance(ArrayList.java:1361)
	at java.util.stream.ReferencePipeline.forEachWithCancel(ReferencePipeline.java:126)
	at java.util.stream.AbstractPipeline.copyIntoWithCancel(AbstractPipeline.java:499)
	at java.util.stream.AbstractPipeline.copyInto(AbstractPipeline.java:486)
	at java.util.stream.AbstractPipeline.wrapAndCopyInto(AbstractPipeline.java:472)
	at java.util.stream.FindOps$FindOp.evaluateSequential(FindOps.java:152)
	at java.util.stream.AbstractPipeline.evaluate(AbstractPipeline.java:234)
	at java.util.stream.ReferencePipeline.findFirst(ReferencePipeline.java:531)
	at org.springframework.data.jdbc.repository.config.DialectResolver.getDialect(DialectResolver.java:80)
	at org.springframework.data.jdbc.repository.config.AbstractJdbcConfiguration.jdbcDialect(AbstractJdbcConfiguration.java:186)
	at sun.reflect.NativeMethodAccessorImpl.invoke0(Native Method)
	at sun.reflect.NativeMethodAccessorImpl.invoke(NativeMethodAccessorImpl.java:62)
	at sun.reflect.DelegatingMethodAccessorImpl.invoke(DelegatingMethodAccessorImpl.java:43)
	at java.lang.reflect.Method.invoke(Method.java:498)
	at org.springframework.beans.factory.support.SimpleInstantiationStrategy.instantiate(SimpleInstantiationStrategy.java:154)
	... 56 common frames omitted
Caused by: com.mysql.cj.jdbc.exceptions.CommunicationsException: Communications link failure

The last packet sent successfully to the server was 0 milliseconds ago. The driver has not received any packets from the server.
	at com.mysql.cj.jdbc.exceptions.SQLError.createCommunicationsException(SQLError.java:174)
	at com.mysql.cj.jdbc.exceptions.SQLExceptionsMapping.translateException(SQLExceptionsMapping.java:64)
	at com.mysql.cj.jdbc.ConnectionImpl.createNewIO(ConnectionImpl.java:828)
	at com.mysql.cj.jdbc.ConnectionImpl.<init>(ConnectionImpl.java:448)
	at com.mysql.cj.jdbc.ConnectionImpl.getInstance(ConnectionImpl.java:241)
	at com.mysql.cj.jdbc.NonRegisteringDriver.connect(NonRegisteringDriver.java:198)
	at java.sql.DriverManager.getConnection(DriverManager.java:664)
	at java.sql.DriverManager.getConnection(DriverManager.java:208)
	at org.springframework.jdbc.datasource.DriverManagerDataSource.getConnectionFromDriverManager(DriverManagerDataSource.java:155)
	at org.springframework.jdbc.datasource.DriverManagerDataSource.getConnectionFromDriver(DriverManagerDataSource.java:146)
	at org.springframework.jdbc.datasource.AbstractDriverBasedDataSource.getConnectionFromDriver(AbstractDriverBasedDataSource.java:205)
	at org.springframework.jdbc.datasource.AbstractDriverBasedDataSource.getConnection(AbstractDriverBasedDataSource.java:169)
	at org.springframework.jdbc.datasource.DataSourceUtils.fetchConnection(DataSourceUtils.java:159)
	at org.springframework.jdbc.datasource.DataSourceUtils.doGetConnection(DataSourceUtils.java:117)
	at org.springframework.jdbc.datasource.DataSourceUtils.getConnection(DataSourceUtils.java:80)
	... 75 common frames omitted
Caused by: com.mysql.cj.exceptions.CJCommunicationsException: Communications link failure

The last packet sent successfully to the server was 0 milliseconds ago. The driver has not received any packets from the server.
	at sun.reflect.NativeConstructorAccessorImpl.newInstance0(Native Method)
	at sun.reflect.NativeConstructorAccessorImpl.newInstance(NativeConstructorAccessorImpl.java:62)
	at sun.reflect.DelegatingConstructorAccessorImpl.newInstance(DelegatingConstructorAccessorImpl.java:45)
	at java.lang.reflect.Constructor.newInstance(Constructor.java:423)
	at com.mysql.cj.exceptions.ExceptionFactory.createException(ExceptionFactory.java:61)
	at com.mysql.cj.exceptions.ExceptionFactory.createException(ExceptionFactory.java:105)
	at com.mysql.cj.exceptions.ExceptionFactory.createException(ExceptionFactory.java:151)
	at com.mysql.cj.exceptions.ExceptionFactory.createCommunicationsException(ExceptionFactory.java:167)
	at com.mysql.cj.protocol.a.NativeSocketConnection.connect(NativeSocketConnection.java:89)
	at com.mysql.cj.NativeSession.connect(NativeSession.java:120)
	at com.mysql.cj.jdbc.ConnectionImpl.connectOneTryOnly(ConnectionImpl.java:948)
	at com.mysql.cj.jdbc.ConnectionImpl.createNewIO(ConnectionImpl.java:818)
	... 87 common frames omitted
Caused by: java.net.ConnectException: Connection refused: connect
	at java.net.DualStackPlainSocketImpl.connect0(Native Method)
	at java.net.DualStackPlainSocketImpl.socketConnect(DualStackPlainSocketImpl.java:79)
	at java.net.AbstractPlainSocketImpl.doConnect(AbstractPlainSocketImpl.java:350)
	at java.net.AbstractPlainSocketImpl.connectToAddress(AbstractPlainSocketImpl.java:206)
	at java.net.AbstractPlainSocketImpl.connect(AbstractPlainSocketImpl.java:188)
	at java.net.PlainSocketImpl.connect(PlainSocketImpl.java:172)
	at java.net.SocksSocketImpl.connect(SocksSocketImpl.java:392)
	at java.net.Socket.connect(Socket.java:607)
	at com.mysql.cj.protocol.StandardSocketFactory.connect(StandardSocketFactory.java:153)
	at com.mysql.cj.protocol.a.NativeSocketConnection.connect(NativeSocketConnection.java:63)
	... 90 common frames omitted
2025-07-31 14:20:45,552 INFO  [main] com.example.quiz_project.QuizProjectApplication:logStarting:55 - Starting QuizProjectApplication using Java 1.8.0_452 on Haneko with PID 3164 (D:\Code_projects\target\classes started by 40108 in D:\Code_projects)
2025-07-31 14:20:45,555 INFO  [main] com.example.quiz_project.QuizProjectApplication:logStartupProfileInfo:634 - No active profile set, falling back to 1 default profile: "default"
2025-07-31 14:20:46,019 INFO  [main] org.springframework.data.repository.config.RepositoryConfigurationDelegate:registerRepositoriesIn:132 - Bootstrapping Spring Data JDBC repositories in DEFAULT mode.
2025-07-31 14:20:46,030 INFO  [main] org.springframework.data.repository.config.RepositoryConfigurationDelegate:registerRepositoriesIn:201 - Finished Spring Data repository scanning in 8 ms. Found 0 JDBC repository interfaces.
2025-07-31 14:20:46,586 INFO  [main] org.springframework.boot.web.embedded.tomcat.TomcatWebServer:initialize:108 - Tomcat initialized with port(s): 8080 (http)
2025-07-31 14:20:46,594 INFO  [main] org.apache.coyote.http11.Http11NioProtocol:log:173 - Initializing ProtocolHandler ["http-nio-8080"]
2025-07-31 14:20:46,595 INFO  [main] org.apache.catalina.core.StandardService:log:173 - Starting service [Tomcat]
2025-07-31 14:20:46,595 INFO  [main] org.apache.catalina.core.StandardEngine:log:173 - Starting Servlet engine: [Apache Tomcat/9.0.65]
2025-07-31 14:20:46,782 INFO  [main] org.apache.jasper.servlet.TldScanner:log:173 - At least one JAR was scanned for TLDs yet contained no TLDs. Enable debug logging for this logger for a complete list of JARs that were scanned but no TLDs were found in them. Skipping unneeded JARs during scanning can improve startup time and JSP compilation time.
2025-07-31 14:20:46,788 INFO  [main] org.apache.catalina.core.ContainerBase.[Tomcat].[localhost].[/]:log:173 - Initializing Spring embedded WebApplicationContext
2025-07-31 14:20:46,788 INFO  [main] org.springframework.boot.web.servlet.context.ServletWebServerApplicationContext:prepareWebApplicationContext:292 - Root WebApplicationContext: initialization completed in 1195 ms
2025-07-31 14:20:47,452 WARN  [main] org.springframework.boot.web.servlet.context.AnnotationConfigServletWebServerApplicationContext:refresh:591 - Exception encountered during context initialization - cancelling refresh attempt: org.springframework.beans.factory.UnsatisfiedDependencyException: Error creating bean with name 'jdbcMappingContext' defined in class path resource [org/springframework/boot/autoconfigure/data/jdbc/JdbcRepositoriesAutoConfiguration$SpringBootJdbcConfiguration.class]: Unsatisfied dependency expressed through method 'jdbcMappingContext' parameter 1; nested exception is org.springframework.beans.factory.BeanCreationException: Error creating bean with name 'jdbcCustomConversions' defined in class path resource [org/springframework/boot/autoconfigure/data/jdbc/JdbcRepositoriesAutoConfiguration$SpringBootJdbcConfiguration.class]: Bean instantiation via factory method failed; nested exception is org.springframework.beans.BeanInstantiationException: Failed to instantiate [org.springframework.data.jdbc.core.convert.JdbcCustomConversions]: Factory method 'jdbcCustomConversions' threw exception; nested exception is org.springframework.beans.factory.BeanCreationException: Error creating bean with name 'jdbcDialect' defined in class path resource [org/springframework/boot/autoconfigure/data/jdbc/JdbcRepositoriesAutoConfiguration$SpringBootJdbcConfiguration.class]: Bean instantiation via factory method failed; nested exception is org.springframework.beans.BeanInstantiationException: Failed to instantiate [org.springframework.data.relational.core.dialect.Dialect]: Factory method 'jdbcDialect' threw exception; nested exception is org.springframework.jdbc.CannotGetJdbcConnectionException: Failed to obtain JDBC Connection; nested exception is java.sql.SQLException: Access denied for user 'root'@'localhost' (using password: YES)
2025-07-31 14:20:47,456 INFO  [main] org.apache.catalina.core.StandardService:log:173 - Stopping service [Tomcat]
2025-07-31 14:20:47,463 INFO  [main] org.springframework.boot.autoconfigure.logging.ConditionEvaluationReportLoggingListener:logMessage:136 - 

Error starting ApplicationContext. To display the conditions report re-run your application with 'debug' enabled.
2025-07-31 14:20:47,477 ERROR [main] org.springframework.boot.SpringApplication:reportFailure:824 - Application run failed
org.springframework.beans.factory.UnsatisfiedDependencyException: Error creating bean with name 'jdbcMappingContext' defined in class path resource [org/springframework/boot/autoconfigure/data/jdbc/JdbcRepositoriesAutoConfiguration$SpringBootJdbcConfiguration.class]: Unsatisfied dependency expressed through method 'jdbcMappingContext' parameter 1; nested exception is org.springframework.beans.factory.BeanCreationException: Error creating bean with name 'jdbcCustomConversions' defined in class path resource [org/springframework/boot/autoconfigure/data/jdbc/JdbcRepositoriesAutoConfiguration$SpringBootJdbcConfiguration.class]: Bean instantiation via factory method failed; nested exception is org.springframework.beans.BeanInstantiationException: Failed to instantiate [org.springframework.data.jdbc.core.convert.JdbcCustomConversions]: Factory method 'jdbcCustomConversions' threw exception; nested exception is org.springframework.beans.factory.BeanCreationException: Error creating bean with name 'jdbcDialect' defined in class path resource [org/springframework/boot/autoconfigure/data/jdbc/JdbcRepositoriesAutoConfiguration$SpringBootJdbcConfiguration.class]: Bean instantiation via factory method failed; nested exception is org.springframework.beans.BeanInstantiationException: Failed to instantiate [org.springframework.data.relational.core.dialect.Dialect]: Factory method 'jdbcDialect' threw exception; nested exception is org.springframework.jdbc.CannotGetJdbcConnectionException: Failed to obtain JDBC Connection; nested exception is java.sql.SQLException: Access denied for user 'root'@'localhost' (using password: YES)
	at org.springframework.beans.factory.support.ConstructorResolver.createArgumentArray(ConstructorResolver.java:800)
	at org.springframework.beans.factory.support.ConstructorResolver.instantiateUsingFactoryMethod(ConstructorResolver.java:541)
	at org.springframework.beans.factory.support.AbstractAutowireCapableBeanFactory.instantiateUsingFactoryMethod(AbstractAutowireCapableBeanFactory.java:1352)
	at org.springframework.beans.factory.support.AbstractAutowireCapableBeanFactory.createBeanInstance(AbstractAutowireCapableBeanFactory.java:1195)
	at org.springframework.beans.factory.support.AbstractAutowireCapableBeanFactory.doCreateBean(AbstractAutowireCapableBeanFactory.java:582)
	at org.springframework.beans.factory.support.AbstractAutowireCapableBeanFactory.createBean(AbstractAutowireCapableBeanFactory.java:542)
	at org.springframework.beans.factory.support.AbstractBeanFactory.lambda$doGetBean$0(AbstractBeanFactory.java:335)
	at org.springframework.beans.factory.support.DefaultSingletonBeanRegistry.getSingleton(DefaultSingletonBeanRegistry.java:234)
	at org.springframework.beans.factory.support.AbstractBeanFactory.doGetBean(AbstractBeanFactory.java:333)
	at org.springframework.beans.factory.support.AbstractBeanFactory.getBean(AbstractBeanFactory.java:208)
	at org.springframework.beans.factory.support.DefaultListableBeanFactory.preInstantiateSingletons(DefaultListableBeanFactory.java:955)
	at org.springframework.context.support.AbstractApplicationContext.finishBeanFactoryInitialization(AbstractApplicationContext.java:918)
	at org.springframework.context.support.AbstractApplicationContext.refresh(AbstractApplicationContext.java:583)
	at org.springframework.boot.web.servlet.context.ServletWebServerApplicationContext.refresh(ServletWebServerApplicationContext.java:147)
	at org.springframework.boot.SpringApplication.refresh(SpringApplication.java:734)
	at org.springframework.boot.SpringApplication.refreshContext(SpringApplication.java:408)
	at org.springframework.boot.SpringApplication.run(SpringApplication.java:308)
	at org.springframework.boot.SpringApplication.run(SpringApplication.java:1306)
	at org.springframework.boot.SpringApplication.run(SpringApplication.java:1295)
	at com.example.quiz_project.QuizProjectApplication.main(QuizProjectApplication.java:12)
Caused by: org.springframework.beans.factory.BeanCreationException: Error creating bean with name 'jdbcCustomConversions' defined in class path resource [org/springframework/boot/autoconfigure/data/jdbc/JdbcRepositoriesAutoConfiguration$SpringBootJdbcConfiguration.class]: Bean instantiation via factory method failed; nested exception is org.springframework.beans.BeanInstantiationException: Failed to instantiate [org.springframework.data.jdbc.core.convert.JdbcCustomConversions]: Factory method 'jdbcCustomConversions' threw exception; nested exception is org.springframework.beans.factory.BeanCreationException: Error creating bean with name 'jdbcDialect' defined in class path resource [org/springframework/boot/autoconfigure/data/jdbc/JdbcRepositoriesAutoConfiguration$SpringBootJdbcConfiguration.class]: Bean instantiation via factory method failed; nested exception is org.springframework.beans.BeanInstantiationException: Failed to instantiate [org.springframework.data.relational.core.dialect.Dialect]: Factory method 'jdbcDialect' threw exception; nested exception is org.springframework.jdbc.CannotGetJdbcConnectionException: Failed to obtain JDBC Connection; nested exception is java.sql.SQLException: Access denied for user 'root'@'localhost' (using password: YES)
	at org.springframework.beans.factory.support.ConstructorResolver.instantiate(ConstructorResolver.java:658)
	at org.springframework.beans.factory.support.ConstructorResolver.instantiateUsingFactoryMethod(ConstructorResolver.java:486)
	at org.springframework.beans.factory.support.AbstractAutowireCapableBeanFactory.instantiateUsingFactoryMethod(AbstractAutowireCapableBeanFactory.java:1352)
	at org.springframework.beans.factory.support.AbstractAutowireCapableBeanFactory.createBeanInstance(AbstractAutowireCapableBeanFactory.java:1195)
	at org.springframework.beans.factory.support.AbstractAutowireCapableBeanFactory.doCreateBean(AbstractAutowireCapableBeanFactory.java:582)
	at org.springframework.beans.factory.support.AbstractAutowireCapableBeanFactory.createBean(AbstractAutowireCapableBeanFactory.java:542)
	at org.springframework.beans.factory.support.AbstractBeanFactory.lambda$doGetBean$0(AbstractBeanFactory.java:335)
	at org.springframework.beans.factory.support.DefaultSingletonBeanRegistry.getSingleton(DefaultSingletonBeanRegistry.java:234)
	at org.springframework.beans.factory.support.AbstractBeanFactory.doGetBean(AbstractBeanFactory.java:333)
	at org.springframework.beans.factory.support.AbstractBeanFactory.getBean(AbstractBeanFactory.java:208)
	at org.springframework.beans.factory.config.DependencyDescriptor.resolveCandidate(DependencyDescriptor.java:276)
	at org.springframework.beans.factory.support.DefaultListableBeanFactory.doResolveDependency(DefaultListableBeanFactory.java:1391)
	at org.springframework.beans.factory.support.DefaultListableBeanFactory.resolveDependency(DefaultListableBeanFactory.java:1311)
	at org.springframework.beans.factory.support.ConstructorResolver.resolveAutowiredArgument(ConstructorResolver.java:887)
	at org.springframework.beans.factory.support.ConstructorResolver.createArgumentArray(ConstructorResolver.java:791)
	... 19 common frames omitted
Caused by: org.springframework.beans.BeanInstantiationException: Failed to instantiate [org.springframework.data.jdbc.core.convert.JdbcCustomConversions]: Factory method 'jdbcCustomConversions' threw exception; nested exception is org.springframework.beans.factory.BeanCreationException: Error creating bean with name 'jdbcDialect' defined in class path resource [org/springframework/boot/autoconfigure/data/jdbc/JdbcRepositoriesAutoConfiguration$SpringBootJdbcConfiguration.class]: Bean instantiation via factory method failed; nested exception is org.springframework.beans.BeanInstantiationException: Failed to instantiate [org.springframework.data.relational.core.dialect.Dialect]: Factory method 'jdbcDialect' threw exception; nested exception is org.springframework.jdbc.CannotGetJdbcConnectionException: Failed to obtain JDBC Connection; nested exception is java.sql.SQLException: Access denied for user 'root'@'localhost' (using password: YES)
	at org.springframework.beans.factory.support.SimpleInstantiationStrategy.instantiate(SimpleInstantiationStrategy.java:185)
	at org.springframework.beans.factory.support.ConstructorResolver.instantiate(ConstructorResolver.java:653)
	... 33 common frames omitted
Caused by: org.springframework.beans.factory.BeanCreationException: Error creating bean with name 'jdbcDialect' defined in class path resource [org/springframework/boot/autoconfigure/data/jdbc/JdbcRepositoriesAutoConfiguration$SpringBootJdbcConfiguration.class]: Bean instantiation via factory method failed; nested exception is org.springframework.beans.BeanInstantiationException: Failed to instantiate [org.springframework.data.relational.core.dialect.Dialect]: Factory method 'jdbcDialect' threw exception; nested exception is org.springframework.jdbc.CannotGetJdbcConnectionException: Failed to obtain JDBC Connection; nested exception is java.sql.SQLException: Access denied for user 'root'@'localhost' (using password: YES)
	at org.springframework.beans.factory.support.ConstructorResolver.instantiate(ConstructorResolver.java:658)
	at org.springframework.beans.factory.support.ConstructorResolver.instantiateUsingFactoryMethod(ConstructorResolver.java:638)
	at org.springframework.beans.factory.support.AbstractAutowireCapableBeanFactory.instantiateUsingFactoryMethod(AbstractAutowireCapableBeanFactory.java:1352)
	at org.springframework.beans.factory.support.AbstractAutowireCapableBeanFactory.createBeanInstance(AbstractAutowireCapableBeanFactory.java:1195)
	at org.springframework.beans.factory.support.AbstractAutowireCapableBeanFactory.doCreateBean(AbstractAutowireCapableBeanFactory.java:582)
	at org.springframework.beans.factory.support.AbstractAutowireCapableBeanFactory.createBean(AbstractAutowireCapableBeanFactory.java:542)
	at org.springframework.beans.factory.support.AbstractBeanFactory.lambda$doGetBean$0(AbstractBeanFactory.java:335)
	at org.springframework.beans.factory.support.DefaultSingletonBeanRegistry.getSingleton(DefaultSingletonBeanRegistry.java:234)
	at org.springframework.beans.factory.support.AbstractBeanFactory.doGetBean(AbstractBeanFactory.java:333)
	at org.springframework.beans.factory.support.AbstractBeanFactory.getBean(AbstractBeanFactory.java:233)
	at org.springframework.beans.factory.support.DefaultListableBeanFactory.resolveNamedBean(DefaultListableBeanFactory.java:1284)
	at org.springframework.beans.factory.support.DefaultListableBeanFactory.resolveNamedBean(DefaultListableBeanFactory.java:1245)
	at org.springframework.beans.factory.support.DefaultListableBeanFactory.resolveBean(DefaultListableBeanFactory.java:494)
	at org.springframework.beans.factory.support.DefaultListableBeanFactory.getBean(DefaultListableBeanFactory.java:349)
	at org.springframework.beans.factory.support.DefaultListableBeanFactory.getBean(DefaultListableBeanFactory.java:342)
	at org.springframework.context.support.AbstractApplicationContext.getBean(AbstractApplicationContext.java:1172)
	at org.springframework.data.jdbc.repository.config.AbstractJdbcConfiguration.jdbcCustomConversions(AbstractJdbcConfiguration.java:117)
	at sun.reflect.NativeMethodAccessorImpl.invoke0(Native Method)
	at sun.reflect.NativeMethodAccessorImpl.invoke(NativeMethodAccessorImpl.java:62)
	at sun.reflect.DelegatingMethodAccessorImpl.invoke(DelegatingMethodAccessorImpl.java:43)
	at java.lang.reflect.Method.invoke(Method.java:498)
	at org.springframework.beans.factory.support.SimpleInstantiationStrategy.instantiate(SimpleInstantiationStrategy.java:154)
	... 34 common frames omitted
Caused by: org.springframework.beans.BeanInstantiationException: Failed to instantiate [org.springframework.data.relational.core.dialect.Dialect]: Factory method 'jdbcDialect' threw exception; nested exception is org.springframework.jdbc.CannotGetJdbcConnectionException: Failed to obtain JDBC Connection; nested exception is java.sql.SQLException: Access denied for user 'root'@'localhost' (using password: YES)
	at org.springframework.beans.factory.support.SimpleInstantiationStrategy.instantiate(SimpleInstantiationStrategy.java:185)
	at org.springframework.beans.factory.support.ConstructorResolver.instantiate(ConstructorResolver.java:653)
	... 55 common frames omitted
Caused by: org.springframework.jdbc.CannotGetJdbcConnectionException: Failed to obtain JDBC Connection; nested exception is java.sql.SQLException: Access denied for user 'root'@'localhost' (using password: YES)
	at org.springframework.jdbc.datasource.DataSourceUtils.getConnection(DataSourceUtils.java:83)
	at org.springframework.jdbc.core.JdbcTemplate.execute(JdbcTemplate.java:330)
	at org.springframework.data.jdbc.repository.config.DialectResolver$DefaultDialectProvider.getDialect(DialectResolver.java:108)
	at org.springframework.data.jdbc.repository.config.DialectResolver.lambda$getDialect$0(DialectResolver.java:78)
	at java.util.stream.ReferencePipeline$3$1.accept(ReferencePipeline.java:193)
	at java.util.ArrayList$ArrayListSpliterator.tryAdvance(ArrayList.java:1361)
	at java.util.stream.ReferencePipeline.forEachWithCancel(ReferencePipeline.java:126)
	at java.util.stream.AbstractPipeline.copyIntoWithCancel(AbstractPipeline.java:499)
	at java.util.stream.AbstractPipeline.copyInto(AbstractPipeline.java:486)
	at java.util.stream.AbstractPipeline.wrapAndCopyInto(AbstractPipeline.java:472)
	at java.util.stream.FindOps$FindOp.evaluateSequential(FindOps.java:152)
	at java.util.stream.AbstractPipeline.evaluate(AbstractPipeline.java:234)
	at java.util.stream.ReferencePipeline.findFirst(ReferencePipeline.java:531)
	at org.springframework.data.jdbc.repository.config.DialectResolver.getDialect(DialectResolver.java:80)
	at org.springframework.data.jdbc.repository.config.AbstractJdbcConfiguration.jdbcDialect(AbstractJdbcConfiguration.java:186)
	at sun.reflect.NativeMethodAccessorImpl.invoke0(Native Method)
	at sun.reflect.NativeMethodAccessorImpl.invoke(NativeMethodAccessorImpl.java:62)
	at sun.reflect.DelegatingMethodAccessorImpl.invoke(DelegatingMethodAccessorImpl.java:43)
	at java.lang.reflect.Method.invoke(Method.java:498)
	at org.springframework.beans.factory.support.SimpleInstantiationStrategy.instantiate(SimpleInstantiationStrategy.java:154)
	... 56 common frames omitted
Caused by: java.sql.SQLException: Access denied for user 'root'@'localhost' (using password: YES)
	at com.mysql.cj.jdbc.exceptions.SQLError.createSQLException(SQLError.java:129)
	at com.mysql.cj.jdbc.exceptions.SQLExceptionsMapping.translateException(SQLExceptionsMapping.java:122)
	at com.mysql.cj.jdbc.ConnectionImpl.createNewIO(ConnectionImpl.java:828)
	at com.mysql.cj.jdbc.ConnectionImpl.<init>(ConnectionImpl.java:448)
	at com.mysql.cj.jdbc.ConnectionImpl.getInstance(ConnectionImpl.java:241)
	at com.mysql.cj.jdbc.NonRegisteringDriver.connect(NonRegisteringDriver.java:198)
	at java.sql.DriverManager.getConnection(DriverManager.java:664)
	at java.sql.DriverManager.getConnection(DriverManager.java:208)
	at org.springframework.jdbc.datasource.DriverManagerDataSource.getConnectionFromDriverManager(DriverManagerDataSource.java:155)
	at org.springframework.jdbc.datasource.DriverManagerDataSource.getConnectionFromDriver(DriverManagerDataSource.java:146)
	at org.springframework.jdbc.datasource.AbstractDriverBasedDataSource.getConnectionFromDriver(AbstractDriverBasedDataSource.java:205)
	at org.springframework.jdbc.datasource.AbstractDriverBasedDataSource.getConnection(AbstractDriverBasedDataSource.java:169)
	at org.springframework.jdbc.datasource.DataSourceUtils.fetchConnection(DataSourceUtils.java:159)
	at org.springframework.jdbc.datasource.DataSourceUtils.doGetConnection(DataSourceUtils.java:117)
	at org.springframework.jdbc.datasource.DataSourceUtils.getConnection(DataSourceUtils.java:80)
	... 75 common frames omitted
2025-07-31 14:33:42,486 INFO  [main] com.example.quiz_project.QuizProjectApplication:logStarting:55 - Starting QuizProjectApplication using Java 1.8.0_452 on Haneko with PID 3024 (D:\Code_projects\target\classes started by 40108 in D:\Code_projects)
2025-07-31 14:33:42,489 INFO  [main] com.example.quiz_project.QuizProjectApplication:logStartupProfileInfo:634 - No active profile set, falling back to 1 default profile: "default"
2025-07-31 14:33:42,925 INFO  [main] org.springframework.data.repository.config.RepositoryConfigurationDelegate:registerRepositoriesIn:132 - Bootstrapping Spring Data JDBC repositories in DEFAULT mode.
2025-07-31 14:33:42,936 INFO  [main] org.springframework.data.repository.config.RepositoryConfigurationDelegate:registerRepositoriesIn:201 - Finished Spring Data repository scanning in 8 ms. Found 0 JDBC repository interfaces.
2025-07-31 14:33:43,532 INFO  [main] org.springframework.boot.web.embedded.tomcat.TomcatWebServer:initialize:108 - Tomcat initialized with port(s): 8080 (http)
2025-07-31 14:33:43,540 INFO  [main] org.apache.coyote.http11.Http11NioProtocol:log:173 - Initializing ProtocolHandler ["http-nio-8080"]
2025-07-31 14:33:43,541 INFO  [main] org.apache.catalina.core.StandardService:log:173 - Starting service [Tomcat]
2025-07-31 14:33:43,541 INFO  [main] org.apache.catalina.core.StandardEngine:log:173 - Starting Servlet engine: [Apache Tomcat/9.0.65]
2025-07-31 14:33:43,935 INFO  [main] org.apache.jasper.servlet.TldScanner:log:173 - At least one JAR was scanned for TLDs yet contained no TLDs. Enable debug logging for this logger for a complete list of JARs that were scanned but no TLDs were found in them. Skipping unneeded JARs during scanning can improve startup time and JSP compilation time.
2025-07-31 14:33:43,940 INFO  [main] org.apache.catalina.core.ContainerBase.[Tomcat].[localhost].[/]:log:173 - Initializing Spring embedded WebApplicationContext
2025-07-31 14:33:43,941 INFO  [main] org.springframework.boot.web.servlet.context.ServletWebServerApplicationContext:prepareWebApplicationContext:292 - Root WebApplicationContext: initialization completed in 1420 ms
2025-07-31 14:33:44,754 WARN  [main] org.springframework.boot.web.servlet.context.AnnotationConfigServletWebServerApplicationContext:refresh:591 - Exception encountered during context initialization - cancelling refresh attempt: org.springframework.beans.factory.UnsatisfiedDependencyException: Error creating bean with name 'jdbcMappingContext' defined in class path resource [org/springframework/boot/autoconfigure/data/jdbc/JdbcRepositoriesAutoConfiguration$SpringBootJdbcConfiguration.class]: Unsatisfied dependency expressed through method 'jdbcMappingContext' parameter 1; nested exception is org.springframework.beans.factory.BeanCreationException: Error creating bean with name 'jdbcCustomConversions' defined in class path resource [org/springframework/boot/autoconfigure/data/jdbc/JdbcRepositoriesAutoConfiguration$SpringBootJdbcConfiguration.class]: Bean instantiation via factory method failed; nested exception is org.springframework.beans.BeanInstantiationException: Failed to instantiate [org.springframework.data.jdbc.core.convert.JdbcCustomConversions]: Factory method 'jdbcCustomConversions' threw exception; nested exception is org.springframework.beans.factory.BeanCreationException: Error creating bean with name 'jdbcDialect' defined in class path resource [org/springframework/boot/autoconfigure/data/jdbc/JdbcRepositoriesAutoConfiguration$SpringBootJdbcConfiguration.class]: Bean instantiation via factory method failed; nested exception is org.springframework.beans.BeanInstantiationException: Failed to instantiate [org.springframework.data.relational.core.dialect.Dialect]: Factory method 'jdbcDialect' threw exception; nested exception is org.springframework.jdbc.CannotGetJdbcConnectionException: Failed to obtain JDBC Connection; nested exception is java.sql.SQLException: Access denied for user 'root'@'localhost' (using password: YES)
2025-07-31 14:33:44,757 INFO  [main] org.apache.catalina.core.StandardService:log:173 - Stopping service [Tomcat]
2025-07-31 14:33:44,765 INFO  [main] org.springframework.boot.autoconfigure.logging.ConditionEvaluationReportLoggingListener:logMessage:136 - 

Error starting ApplicationContext. To display the conditions report re-run your application with 'debug' enabled.
2025-07-31 14:33:44,783 ERROR [main] org.springframework.boot.SpringApplication:reportFailure:824 - Application run failed
org.springframework.beans.factory.UnsatisfiedDependencyException: Error creating bean with name 'jdbcMappingContext' defined in class path resource [org/springframework/boot/autoconfigure/data/jdbc/JdbcRepositoriesAutoConfiguration$SpringBootJdbcConfiguration.class]: Unsatisfied dependency expressed through method 'jdbcMappingContext' parameter 1; nested exception is org.springframework.beans.factory.BeanCreationException: Error creating bean with name 'jdbcCustomConversions' defined in class path resource [org/springframework/boot/autoconfigure/data/jdbc/JdbcRepositoriesAutoConfiguration$SpringBootJdbcConfiguration.class]: Bean instantiation via factory method failed; nested exception is org.springframework.beans.BeanInstantiationException: Failed to instantiate [org.springframework.data.jdbc.core.convert.JdbcCustomConversions]: Factory method 'jdbcCustomConversions' threw exception; nested exception is org.springframework.beans.factory.BeanCreationException: Error creating bean with name 'jdbcDialect' defined in class path resource [org/springframework/boot/autoconfigure/data/jdbc/JdbcRepositoriesAutoConfiguration$SpringBootJdbcConfiguration.class]: Bean instantiation via factory method failed; nested exception is org.springframework.beans.BeanInstantiationException: Failed to instantiate [org.springframework.data.relational.core.dialect.Dialect]: Factory method 'jdbcDialect' threw exception; nested exception is org.springframework.jdbc.CannotGetJdbcConnectionException: Failed to obtain JDBC Connection; nested exception is java.sql.SQLException: Access denied for user 'root'@'localhost' (using password: YES)
	at org.springframework.beans.factory.support.ConstructorResolver.createArgumentArray(ConstructorResolver.java:800)
	at org.springframework.beans.factory.support.ConstructorResolver.instantiateUsingFactoryMethod(ConstructorResolver.java:541)
	at org.springframework.beans.factory.support.AbstractAutowireCapableBeanFactory.instantiateUsingFactoryMethod(AbstractAutowireCapableBeanFactory.java:1352)
	at org.springframework.beans.factory.support.AbstractAutowireCapableBeanFactory.createBeanInstance(AbstractAutowireCapableBeanFactory.java:1195)
	at org.springframework.beans.factory.support.AbstractAutowireCapableBeanFactory.doCreateBean(AbstractAutowireCapableBeanFactory.java:582)
	at org.springframework.beans.factory.support.AbstractAutowireCapableBeanFactory.createBean(AbstractAutowireCapableBeanFactory.java:542)
	at org.springframework.beans.factory.support.AbstractBeanFactory.lambda$doGetBean$0(AbstractBeanFactory.java:335)
	at org.springframework.beans.factory.support.DefaultSingletonBeanRegistry.getSingleton(DefaultSingletonBeanRegistry.java:234)
	at org.springframework.beans.factory.support.AbstractBeanFactory.doGetBean(AbstractBeanFactory.java:333)
	at org.springframework.beans.factory.support.AbstractBeanFactory.getBean(AbstractBeanFactory.java:208)
	at org.springframework.beans.factory.support.DefaultListableBeanFactory.preInstantiateSingletons(DefaultListableBeanFactory.java:955)
	at org.springframework.context.support.AbstractApplicationContext.finishBeanFactoryInitialization(AbstractApplicationContext.java:918)
	at org.springframework.context.support.AbstractApplicationContext.refresh(AbstractApplicationContext.java:583)
	at org.springframework.boot.web.servlet.context.ServletWebServerApplicationContext.refresh(ServletWebServerApplicationContext.java:147)
	at org.springframework.boot.SpringApplication.refresh(SpringApplication.java:734)
	at org.springframework.boot.SpringApplication.refreshContext(SpringApplication.java:408)
	at org.springframework.boot.SpringApplication.run(SpringApplication.java:308)
	at org.springframework.boot.SpringApplication.run(SpringApplication.java:1306)
	at org.springframework.boot.SpringApplication.run(SpringApplication.java:1295)
	at com.example.quiz_project.QuizProjectApplication.main(QuizProjectApplication.java:12)
Caused by: org.springframework.beans.factory.BeanCreationException: Error creating bean with name 'jdbcCustomConversions' defined in class path resource [org/springframework/boot/autoconfigure/data/jdbc/JdbcRepositoriesAutoConfiguration$SpringBootJdbcConfiguration.class]: Bean instantiation via factory method failed; nested exception is org.springframework.beans.BeanInstantiationException: Failed to instantiate [org.springframework.data.jdbc.core.convert.JdbcCustomConversions]: Factory method 'jdbcCustomConversions' threw exception; nested exception is org.springframework.beans.factory.BeanCreationException: Error creating bean with name 'jdbcDialect' defined in class path resource [org/springframework/boot/autoconfigure/data/jdbc/JdbcRepositoriesAutoConfiguration$SpringBootJdbcConfiguration.class]: Bean instantiation via factory method failed; nested exception is org.springframework.beans.BeanInstantiationException: Failed to instantiate [org.springframework.data.relational.core.dialect.Dialect]: Factory method 'jdbcDialect' threw exception; nested exception is org.springframework.jdbc.CannotGetJdbcConnectionException: Failed to obtain JDBC Connection; nested exception is java.sql.SQLException: Access denied for user 'root'@'localhost' (using password: YES)
	at org.springframework.beans.factory.support.ConstructorResolver.instantiate(ConstructorResolver.java:658)
	at org.springframework.beans.factory.support.ConstructorResolver.instantiateUsingFactoryMethod(ConstructorResolver.java:486)
	at org.springframework.beans.factory.support.AbstractAutowireCapableBeanFactory.instantiateUsingFactoryMethod(AbstractAutowireCapableBeanFactory.java:1352)
	at org.springframework.beans.factory.support.AbstractAutowireCapableBeanFactory.createBeanInstance(AbstractAutowireCapableBeanFactory.java:1195)
	at org.springframework.beans.factory.support.AbstractAutowireCapableBeanFactory.doCreateBean(AbstractAutowireCapableBeanFactory.java:582)
	at org.springframework.beans.factory.support.AbstractAutowireCapableBeanFactory.createBean(AbstractAutowireCapableBeanFactory.java:542)
	at org.springframework.beans.factory.support.AbstractBeanFactory.lambda$doGetBean$0(AbstractBeanFactory.java:335)
	at org.springframework.beans.factory.support.DefaultSingletonBeanRegistry.getSingleton(DefaultSingletonBeanRegistry.java:234)
	at org.springframework.beans.factory.support.AbstractBeanFactory.doGetBean(AbstractBeanFactory.java:333)
	at org.springframework.beans.factory.support.AbstractBeanFactory.getBean(AbstractBeanFactory.java:208)
	at org.springframework.beans.factory.config.DependencyDescriptor.resolveCandidate(DependencyDescriptor.java:276)
	at org.springframework.beans.factory.support.DefaultListableBeanFactory.doResolveDependency(DefaultListableBeanFactory.java:1391)
	at org.springframework.beans.factory.support.DefaultListableBeanFactory.resolveDependency(DefaultListableBeanFactory.java:1311)
	at org.springframework.beans.factory.support.ConstructorResolver.resolveAutowiredArgument(ConstructorResolver.java:887)
	at org.springframework.beans.factory.support.ConstructorResolver.createArgumentArray(ConstructorResolver.java:791)
	... 19 common frames omitted
Caused by: org.springframework.beans.BeanInstantiationException: Failed to instantiate [org.springframework.data.jdbc.core.convert.JdbcCustomConversions]: Factory method 'jdbcCustomConversions' threw exception; nested exception is org.springframework.beans.factory.BeanCreationException: Error creating bean with name 'jdbcDialect' defined in class path resource [org/springframework/boot/autoconfigure/data/jdbc/JdbcRepositoriesAutoConfiguration$SpringBootJdbcConfiguration.class]: Bean instantiation via factory method failed; nested exception is org.springframework.beans.BeanInstantiationException: Failed to instantiate [org.springframework.data.relational.core.dialect.Dialect]: Factory method 'jdbcDialect' threw exception; nested exception is org.springframework.jdbc.CannotGetJdbcConnectionException: Failed to obtain JDBC Connection; nested exception is java.sql.SQLException: Access denied for user 'root'@'localhost' (using password: YES)
	at org.springframework.beans.factory.support.SimpleInstantiationStrategy.instantiate(SimpleInstantiationStrategy.java:185)
	at org.springframework.beans.factory.support.ConstructorResolver.instantiate(ConstructorResolver.java:653)
	... 33 common frames omitted
Caused by: org.springframework.beans.factory.BeanCreationException: Error creating bean with name 'jdbcDialect' defined in class path resource [org/springframework/boot/autoconfigure/data/jdbc/JdbcRepositoriesAutoConfiguration$SpringBootJdbcConfiguration.class]: Bean instantiation via factory method failed; nested exception is org.springframework.beans.BeanInstantiationException: Failed to instantiate [org.springframework.data.relational.core.dialect.Dialect]: Factory method 'jdbcDialect' threw exception; nested exception is org.springframework.jdbc.CannotGetJdbcConnectionException: Failed to obtain JDBC Connection; nested exception is java.sql.SQLException: Access denied for user 'root'@'localhost' (using password: YES)
	at org.springframework.beans.factory.support.ConstructorResolver.instantiate(ConstructorResolver.java:658)
	at org.springframework.beans.factory.support.ConstructorResolver.instantiateUsingFactoryMethod(ConstructorResolver.java:638)
	at org.springframework.beans.factory.support.AbstractAutowireCapableBeanFactory.instantiateUsingFactoryMethod(AbstractAutowireCapableBeanFactory.java:1352)
	at org.springframework.beans.factory.support.AbstractAutowireCapableBeanFactory.createBeanInstance(AbstractAutowireCapableBeanFactory.java:1195)
	at org.springframework.beans.factory.support.AbstractAutowireCapableBeanFactory.doCreateBean(AbstractAutowireCapableBeanFactory.java:582)
	at org.springframework.beans.factory.support.AbstractAutowireCapableBeanFactory.createBean(AbstractAutowireCapableBeanFactory.java:542)
	at org.springframework.beans.factory.support.AbstractBeanFactory.lambda$doGetBean$0(AbstractBeanFactory.java:335)
	at org.springframework.beans.factory.support.DefaultSingletonBeanRegistry.getSingleton(DefaultSingletonBeanRegistry.java:234)
	at org.springframework.beans.factory.support.AbstractBeanFactory.doGetBean(AbstractBeanFactory.java:333)
	at org.springframework.beans.factory.support.AbstractBeanFactory.getBean(AbstractBeanFactory.java:233)
	at org.springframework.beans.factory.support.DefaultListableBeanFactory.resolveNamedBean(DefaultListableBeanFactory.java:1284)
	at org.springframework.beans.factory.support.DefaultListableBeanFactory.resolveNamedBean(DefaultListableBeanFactory.java:1245)
	at org.springframework.beans.factory.support.DefaultListableBeanFactory.resolveBean(DefaultListableBeanFactory.java:494)
	at org.springframework.beans.factory.support.DefaultListableBeanFactory.getBean(DefaultListableBeanFactory.java:349)
	at org.springframework.beans.factory.support.DefaultListableBeanFactory.getBean(DefaultListableBeanFactory.java:342)
	at org.springframework.context.support.AbstractApplicationContext.getBean(AbstractApplicationContext.java:1172)
	at org.springframework.data.jdbc.repository.config.AbstractJdbcConfiguration.jdbcCustomConversions(AbstractJdbcConfiguration.java:117)
	at sun.reflect.NativeMethodAccessorImpl.invoke0(Native Method)
	at sun.reflect.NativeMethodAccessorImpl.invoke(NativeMethodAccessorImpl.java:62)
	at sun.reflect.DelegatingMethodAccessorImpl.invoke(DelegatingMethodAccessorImpl.java:43)
	at java.lang.reflect.Method.invoke(Method.java:498)
	at org.springframework.beans.factory.support.SimpleInstantiationStrategy.instantiate(SimpleInstantiationStrategy.java:154)
	... 34 common frames omitted
Caused by: org.springframework.beans.BeanInstantiationException: Failed to instantiate [org.springframework.data.relational.core.dialect.Dialect]: Factory method 'jdbcDialect' threw exception; nested exception is org.springframework.jdbc.CannotGetJdbcConnectionException: Failed to obtain JDBC Connection; nested exception is java.sql.SQLException: Access denied for user 'root'@'localhost' (using password: YES)
	at org.springframework.beans.factory.support.SimpleInstantiationStrategy.instantiate(SimpleInstantiationStrategy.java:185)
	at org.springframework.beans.factory.support.ConstructorResolver.instantiate(ConstructorResolver.java:653)
	... 55 common frames omitted
Caused by: org.springframework.jdbc.CannotGetJdbcConnectionException: Failed to obtain JDBC Connection; nested exception is java.sql.SQLException: Access denied for user 'root'@'localhost' (using password: YES)
	at org.springframework.jdbc.datasource.DataSourceUtils.getConnection(DataSourceUtils.java:83)
	at org.springframework.jdbc.core.JdbcTemplate.execute(JdbcTemplate.java:330)
	at org.springframework.data.jdbc.repository.config.DialectResolver$DefaultDialectProvider.getDialect(DialectResolver.java:108)
	at org.springframework.data.jdbc.repository.config.DialectResolver.lambda$getDialect$0(DialectResolver.java:78)
	at java.util.stream.ReferencePipeline$3$1.accept(ReferencePipeline.java:193)
	at java.util.ArrayList$ArrayListSpliterator.tryAdvance(ArrayList.java:1361)
	at java.util.stream.ReferencePipeline.forEachWithCancel(ReferencePipeline.java:126)
	at java.util.stream.AbstractPipeline.copyIntoWithCancel(AbstractPipeline.java:499)
	at java.util.stream.AbstractPipeline.copyInto(AbstractPipeline.java:486)
	at java.util.stream.AbstractPipeline.wrapAndCopyInto(AbstractPipeline.java:472)
	at java.util.stream.FindOps$FindOp.evaluateSequential(FindOps.java:152)
	at java.util.stream.AbstractPipeline.evaluate(AbstractPipeline.java:234)
	at java.util.stream.ReferencePipeline.findFirst(ReferencePipeline.java:531)
	at org.springframework.data.jdbc.repository.config.DialectResolver.getDialect(DialectResolver.java:80)
	at org.springframework.data.jdbc.repository.config.AbstractJdbcConfiguration.jdbcDialect(AbstractJdbcConfiguration.java:186)
	at sun.reflect.NativeMethodAccessorImpl.invoke0(Native Method)
	at sun.reflect.NativeMethodAccessorImpl.invoke(NativeMethodAccessorImpl.java:62)
	at sun.reflect.DelegatingMethodAccessorImpl.invoke(DelegatingMethodAccessorImpl.java:43)
	at java.lang.reflect.Method.invoke(Method.java:498)
	at org.springframework.beans.factory.support.SimpleInstantiationStrategy.instantiate(SimpleInstantiationStrategy.java:154)
	... 56 common frames omitted
Caused by: java.sql.SQLException: Access denied for user 'root'@'localhost' (using password: YES)
	at com.mysql.cj.jdbc.exceptions.SQLError.createSQLException(SQLError.java:129)
	at com.mysql.cj.jdbc.exceptions.SQLExceptionsMapping.translateException(SQLExceptionsMapping.java:122)
	at com.mysql.cj.jdbc.ConnectionImpl.createNewIO(ConnectionImpl.java:828)
	at com.mysql.cj.jdbc.ConnectionImpl.<init>(ConnectionImpl.java:448)
	at com.mysql.cj.jdbc.ConnectionImpl.getInstance(ConnectionImpl.java:241)
	at com.mysql.cj.jdbc.NonRegisteringDriver.connect(NonRegisteringDriver.java:198)
	at java.sql.DriverManager.getConnection(DriverManager.java:664)
	at java.sql.DriverManager.getConnection(DriverManager.java:208)
	at org.springframework.jdbc.datasource.DriverManagerDataSource.getConnectionFromDriverManager(DriverManagerDataSource.java:155)
	at org.springframework.jdbc.datasource.DriverManagerDataSource.getConnectionFromDriver(DriverManagerDataSource.java:146)
	at org.springframework.jdbc.datasource.AbstractDriverBasedDataSource.getConnectionFromDriver(AbstractDriverBasedDataSource.java:205)
	at org.springframework.jdbc.datasource.AbstractDriverBasedDataSource.getConnection(AbstractDriverBasedDataSource.java:169)
	at org.springframework.jdbc.datasource.DataSourceUtils.fetchConnection(DataSourceUtils.java:159)
	at org.springframework.jdbc.datasource.DataSourceUtils.doGetConnection(DataSourceUtils.java:117)
	at org.springframework.jdbc.datasource.DataSourceUtils.getConnection(DataSourceUtils.java:80)
	... 75 common frames omitted
2025-07-31 14:39:28,046 INFO  [main] com.example.quiz_project.QuizProjectApplication:logStarting:55 - Starting QuizProjectApplication using Java 1.8.0_452 on Haneko with PID 11184 (D:\Code_projects\target\classes started by 40108 in D:\Code_projects)
2025-07-31 14:39:28,049 INFO  [main] com.example.quiz_project.QuizProjectApplication:logStartupProfileInfo:634 - No active profile set, falling back to 1 default profile: "default"
2025-07-31 14:39:28,490 INFO  [main] org.springframework.data.repository.config.RepositoryConfigurationDelegate:registerRepositoriesIn:132 - Bootstrapping Spring Data JDBC repositories in DEFAULT mode.
2025-07-31 14:39:28,501 INFO  [main] org.springframework.data.repository.config.RepositoryConfigurationDelegate:registerRepositoriesIn:201 - Finished Spring Data repository scanning in 7 ms. Found 0 JDBC repository interfaces.
2025-07-31 14:39:29,026 INFO  [main] org.springframework.boot.web.embedded.tomcat.TomcatWebServer:initialize:108 - Tomcat initialized with port(s): 8080 (http)
2025-07-31 14:39:29,034 INFO  [main] org.apache.coyote.http11.Http11NioProtocol:log:173 - Initializing ProtocolHandler ["http-nio-8080"]
2025-07-31 14:39:29,034 INFO  [main] org.apache.catalina.core.StandardService:log:173 - Starting service [Tomcat]
2025-07-31 14:39:29,034 INFO  [main] org.apache.catalina.core.StandardEngine:log:173 - Starting Servlet engine: [Apache Tomcat/9.0.65]
2025-07-31 14:39:29,217 INFO  [main] org.apache.jasper.servlet.TldScanner:log:173 - At least one JAR was scanned for TLDs yet contained no TLDs. Enable debug logging for this logger for a complete list of JARs that were scanned but no TLDs were found in them. Skipping unneeded JARs during scanning can improve startup time and JSP compilation time.
2025-07-31 14:39:29,222 INFO  [main] org.apache.catalina.core.ContainerBase.[Tomcat].[localhost].[/]:log:173 - Initializing Spring embedded WebApplicationContext
2025-07-31 14:39:29,223 INFO  [main] org.springframework.boot.web.servlet.context.ServletWebServerApplicationContext:prepareWebApplicationContext:292 - Root WebApplicationContext: initialization completed in 1139 ms
2025-07-31 14:39:29,970 INFO  [main] org.apache.coyote.http11.Http11NioProtocol:log:173 - Starting ProtocolHandler ["http-nio-8080"]
2025-07-31 14:39:29,994 INFO  [main] org.springframework.boot.web.embedded.tomcat.TomcatWebServer:start:220 - Tomcat started on port(s): 8080 (http) with context path ''
2025-07-31 14:39:30,002 INFO  [main] com.example.quiz_project.QuizProjectApplication:logStarted:61 - Started QuizProjectApplication in 2.305 seconds (JVM running for 2.619)
2025-07-31 14:40:02,940 INFO  [http-nio-8080-exec-1] org.apache.catalina.core.ContainerBase.[Tomcat].[localhost].[/]:log:173 - Initializing Spring DispatcherServlet 'dispatcherServlet'
2025-07-31 14:40:02,940 INFO  [http-nio-8080-exec-1] org.springframework.web.servlet.DispatcherServlet:initServletBean:525 - Initializing Servlet 'dispatcherServlet'
2025-07-31 14:40:02,942 INFO  [http-nio-8080-exec-1] org.springframework.web.servlet.DispatcherServlet:initServletBean:547 - Completed initialization in 1 ms
2025-07-31 14:40:11,938 ERROR [http-nio-8080-exec-6] org.apache.catalina.core.ContainerBase.[Tomcat].[localhost].[/].[dispatcherServlet]:log:175 - Servlet.service() for servlet [dispatcherServlet] in context with path [] threw exception [Request processing failed; nested exception is org.springframework.jdbc.BadSqlGrammarException: StatementCallback; bad SQL grammar [SELECT * FROM USER]; nested exception is java.sql.SQLSyntaxErrorException: Table 'my_db.user' doesn't exist] with root cause
java.sql.SQLSyntaxErrorException: Table 'my_db.user' doesn't exist
	at com.mysql.cj.jdbc.exceptions.SQLError.createSQLException(SQLError.java:120)
	at com.mysql.cj.jdbc.exceptions.SQLExceptionsMapping.translateException(SQLExceptionsMapping.java:122)
	at com.mysql.cj.jdbc.StatementImpl.executeQuery(StatementImpl.java:1200)
	at org.springframework.jdbc.core.JdbcTemplate$1QueryStatementCallback.doInStatement(JdbcTemplate.java:452)
	at org.springframework.jdbc.core.JdbcTemplate.execute(JdbcTemplate.java:381)
	at org.springframework.jdbc.core.JdbcTemplate.query(JdbcTemplate.java:465)
	at org.springframework.jdbc.core.JdbcTemplate.query(JdbcTemplate.java:475)
	at com.example.quiz_project.dao.UserDao.getAllUsers(UserDao.java:23)
	at com.example.quiz_project.dao.UserDao$$FastClassBySpringCGLIB$$a78e3dd.invoke(<generated>)
	at org.springframework.cglib.proxy.MethodProxy.invoke(MethodProxy.java:218)
	at org.springframework.aop.framework.CglibAopProxy$CglibMethodInvocation.invokeJoinpoint(CglibAopProxy.java:793)
	at org.springframework.aop.framework.ReflectiveMethodInvocation.proceed(ReflectiveMethodInvocation.java:163)
	at org.springframework.aop.framework.CglibAopProxy$CglibMethodInvocation.proceed(CglibAopProxy.java:763)
	at org.springframework.dao.support.PersistenceExceptionTranslationInterceptor.invoke(PersistenceExceptionTranslationInterceptor.java:137)
	at org.springframework.aop.framework.ReflectiveMethodInvocation.proceed(ReflectiveMethodInvocation.java:186)
	at org.springframework.aop.framework.CglibAopProxy$CglibMethodInvocation.proceed(CglibAopProxy.java:763)
	at org.springframework.aop.framework.CglibAopProxy$DynamicAdvisedInterceptor.intercept(CglibAopProxy.java:708)
	at com.example.quiz_project.dao.UserDao$$EnhancerBySpringCGLIB$$3110ddbe.getAllUsers(<generated>)
	at com.example.quiz_project.service.UserService.validateLogin(UserService.java:20)
	at com.example.quiz_project.service.LoginService.validateLogin(LoginService.java:17)
	at com.example.quiz_project.controller.LoginController.postLogin(LoginController.java:38)
	at sun.reflect.NativeMethodAccessorImpl.invoke0(Native Method)
	at sun.reflect.NativeMethodAccessorImpl.invoke(NativeMethodAccessorImpl.java:62)
	at sun.reflect.DelegatingMethodAccessorImpl.invoke(DelegatingMethodAccessorImpl.java:43)
	at java.lang.reflect.Method.invoke(Method.java:498)
	at org.springframework.web.method.support.InvocableHandlerMethod.doInvoke(InvocableHandlerMethod.java:205)
	at org.springframework.web.method.support.InvocableHandlerMethod.invokeForRequest(InvocableHandlerMethod.java:150)
	at org.springframework.web.servlet.mvc.method.annotation.ServletInvocableHandlerMethod.invokeAndHandle(ServletInvocableHandlerMethod.java:117)
	at org.springframework.web.servlet.mvc.method.annotation.RequestMappingHandlerAdapter.invokeHandlerMethod(RequestMappingHandlerAdapter.java:895)
	at org.springframework.web.servlet.mvc.method.annotation.RequestMappingHandlerAdapter.handleInternal(RequestMappingHandlerAdapter.java:808)
	at org.springframework.web.servlet.mvc.method.AbstractHandlerMethodAdapter.handle(AbstractHandlerMethodAdapter.java:87)
	at org.springframework.web.servlet.DispatcherServlet.doDispatch(DispatcherServlet.java:1070)
	at org.springframework.web.servlet.DispatcherServlet.doService(DispatcherServlet.java:963)
	at org.springframework.web.servlet.FrameworkServlet.processRequest(FrameworkServlet.java:1006)
	at org.springframework.web.servlet.FrameworkServlet.doPost(FrameworkServlet.java:909)
	at javax.servlet.http.HttpServlet.service(HttpServlet.java:681)
	at org.springframework.web.servlet.FrameworkServlet.service(FrameworkServlet.java:883)
	at javax.servlet.http.HttpServlet.service(HttpServlet.java:764)
	at org.apache.catalina.core.ApplicationFilterChain.internalDoFilter(ApplicationFilterChain.java:227)
	at org.apache.catalina.core.ApplicationFilterChain.doFilter(ApplicationFilterChain.java:162)
	at org.apache.tomcat.websocket.server.WsFilter.doFilter(WsFilter.java:53)
	at org.apache.catalina.core.ApplicationFilterChain.internalDoFilter(ApplicationFilterChain.java:189)
	at org.apache.catalina.core.ApplicationFilterChain.doFilter(ApplicationFilterChain.java:162)
	at org.springframework.web.filter.OncePerRequestFilter.doFilter(OncePerRequestFilter.java:102)
	at org.apache.catalina.core.ApplicationFilterChain.internalDoFilter(ApplicationFilterChain.java:189)
	at org.apache.catalina.core.ApplicationFilterChain.doFilter(ApplicationFilterChain.java:162)
	at org.springframework.web.filter.RequestContextFilter.doFilterInternal(RequestContextFilter.java:100)
	at org.springframework.web.filter.OncePerRequestFilter.doFilter(OncePerRequestFilter.java:117)
	at org.apache.catalina.core.ApplicationFilterChain.internalDoFilter(ApplicationFilterChain.java:189)
	at org.apache.catalina.core.ApplicationFilterChain.doFilter(ApplicationFilterChain.java:162)
	at org.springframework.web.filter.FormContentFilter.doFilterInternal(FormContentFilter.java:93)
	at org.springframework.web.filter.OncePerRequestFilter.doFilter(OncePerRequestFilter.java:117)
	at org.apache.catalina.core.ApplicationFilterChain.internalDoFilter(ApplicationFilterChain.java:189)
	at org.apache.catalina.core.ApplicationFilterChain.doFilter(ApplicationFilterChain.java:162)
	at org.springframework.web.filter.CharacterEncodingFilter.doFilterInternal(CharacterEncodingFilter.java:201)
	at org.springframework.web.filter.OncePerRequestFilter.doFilter(OncePerRequestFilter.java:117)
	at org.apache.catalina.core.ApplicationFilterChain.internalDoFilter(ApplicationFilterChain.java:189)
	at org.apache.catalina.core.ApplicationFilterChain.doFilter(ApplicationFilterChain.java:162)
	at org.apache.catalina.core.StandardWrapperValve.invoke(StandardWrapperValve.java:197)
	at org.apache.catalina.core.StandardContextValve.invoke(StandardContextValve.java:97)
	at org.apache.catalina.authenticator.AuthenticatorBase.invoke(AuthenticatorBase.java:541)
	at org.apache.catalina.core.StandardHostValve.invoke(StandardHostValve.java:135)
	at org.apache.catalina.valves.ErrorReportValve.invoke(ErrorReportValve.java:92)
	at org.apache.catalina.core.StandardEngineValve.invoke(StandardEngineValve.java:78)
	at org.apache.catalina.connector.CoyoteAdapter.service(CoyoteAdapter.java:360)
	at org.apache.coyote.http11.Http11Processor.service(Http11Processor.java:399)
	at org.apache.coyote.AbstractProcessorLight.process(AbstractProcessorLight.java:65)
	at org.apache.coyote.AbstractProtocol$ConnectionHandler.process(AbstractProtocol.java:890)
	at org.apache.tomcat.util.net.NioEndpoint$SocketProcessor.doRun(NioEndpoint.java:1789)
	at org.apache.tomcat.util.net.SocketProcessorBase.run(SocketProcessorBase.java:49)
	at org.apache.tomcat.util.threads.ThreadPoolExecutor.runWorker(ThreadPoolExecutor.java:1191)
	at org.apache.tomcat.util.threads.ThreadPoolExecutor$Worker.run(ThreadPoolExecutor.java:659)
	at org.apache.tomcat.util.threads.TaskThread$WrappingRunnable.run(TaskThread.java:61)
	at java.lang.Thread.run(Thread.java:750)
2025-07-31 14:40:28,270 ERROR [http-nio-8080-exec-4] org.apache.catalina.core.ContainerBase.[Tomcat].[localhost].[/].[dispatcherServlet]:log:175 - Servlet.service() for servlet [dispatcherServlet] in context with path [] threw exception [Request processing failed; nested exception is org.springframework.jdbc.BadSqlGrammarException: StatementCallback; bad SQL grammar [SELECT * FROM USER]; nested exception is java.sql.SQLSyntaxErrorException: Table 'my_db.user' doesn't exist] with root cause
java.sql.SQLSyntaxErrorException: Table 'my_db.user' doesn't exist
	at com.mysql.cj.jdbc.exceptions.SQLError.createSQLException(SQLError.java:120)
	at com.mysql.cj.jdbc.exceptions.SQLExceptionsMapping.translateException(SQLExceptionsMapping.java:122)
	at com.mysql.cj.jdbc.StatementImpl.executeQuery(StatementImpl.java:1200)
	at org.springframework.jdbc.core.JdbcTemplate$1QueryStatementCallback.doInStatement(JdbcTemplate.java:452)
	at org.springframework.jdbc.core.JdbcTemplate.execute(JdbcTemplate.java:381)
	at org.springframework.jdbc.core.JdbcTemplate.query(JdbcTemplate.java:465)
	at org.springframework.jdbc.core.JdbcTemplate.query(JdbcTemplate.java:475)
	at com.example.quiz_project.dao.UserDao.getAllUsers(UserDao.java:23)
	at com.example.quiz_project.dao.UserDao$$FastClassBySpringCGLIB$$a78e3dd.invoke(<generated>)
	at org.springframework.cglib.proxy.MethodProxy.invoke(MethodProxy.java:218)
	at org.springframework.aop.framework.CglibAopProxy$CglibMethodInvocation.invokeJoinpoint(CglibAopProxy.java:793)
	at org.springframework.aop.framework.ReflectiveMethodInvocation.proceed(ReflectiveMethodInvocation.java:163)
	at org.springframework.aop.framework.CglibAopProxy$CglibMethodInvocation.proceed(CglibAopProxy.java:763)
	at org.springframework.dao.support.PersistenceExceptionTranslationInterceptor.invoke(PersistenceExceptionTranslationInterceptor.java:137)
	at org.springframework.aop.framework.ReflectiveMethodInvocation.proceed(ReflectiveMethodInvocation.java:186)
	at org.springframework.aop.framework.CglibAopProxy$CglibMethodInvocation.proceed(CglibAopProxy.java:763)
	at org.springframework.aop.framework.CglibAopProxy$DynamicAdvisedInterceptor.intercept(CglibAopProxy.java:708)
	at com.example.quiz_project.dao.UserDao$$EnhancerBySpringCGLIB$$3110ddbe.getAllUsers(<generated>)
	at com.example.quiz_project.service.UserService.userExists(UserService.java:26)
	at com.example.quiz_project.controller.RegisterController.registration(RegisterController.java:34)
	at sun.reflect.NativeMethodAccessorImpl.invoke0(Native Method)
	at sun.reflect.NativeMethodAccessorImpl.invoke(NativeMethodAccessorImpl.java:62)
	at sun.reflect.DelegatingMethodAccessorImpl.invoke(DelegatingMethodAccessorImpl.java:43)
	at java.lang.reflect.Method.invoke(Method.java:498)
	at org.springframework.web.method.support.InvocableHandlerMethod.doInvoke(InvocableHandlerMethod.java:205)
	at org.springframework.web.method.support.InvocableHandlerMethod.invokeForRequest(InvocableHandlerMethod.java:150)
	at org.springframework.web.servlet.mvc.method.annotation.ServletInvocableHandlerMethod.invokeAndHandle(ServletInvocableHandlerMethod.java:117)
	at org.springframework.web.servlet.mvc.method.annotation.RequestMappingHandlerAdapter.invokeHandlerMethod(RequestMappingHandlerAdapter.java:895)
	at org.springframework.web.servlet.mvc.method.annotation.RequestMappingHandlerAdapter.handleInternal(RequestMappingHandlerAdapter.java:808)
	at org.springframework.web.servlet.mvc.method.AbstractHandlerMethodAdapter.handle(AbstractHandlerMethodAdapter.java:87)
	at org.springframework.web.servlet.DispatcherServlet.doDispatch(DispatcherServlet.java:1070)
	at org.springframework.web.servlet.DispatcherServlet.doService(DispatcherServlet.java:963)
	at org.springframework.web.servlet.FrameworkServlet.processRequest(FrameworkServlet.java:1006)
	at org.springframework.web.servlet.FrameworkServlet.doPost(FrameworkServlet.java:909)
	at javax.servlet.http.HttpServlet.service(HttpServlet.java:681)
	at org.springframework.web.servlet.FrameworkServlet.service(FrameworkServlet.java:883)
	at javax.servlet.http.HttpServlet.service(HttpServlet.java:764)
	at org.apache.catalina.core.ApplicationFilterChain.internalDoFilter(ApplicationFilterChain.java:227)
	at org.apache.catalina.core.ApplicationFilterChain.doFilter(ApplicationFilterChain.java:162)
	at org.apache.tomcat.websocket.server.WsFilter.doFilter(WsFilter.java:53)
	at org.apache.catalina.core.ApplicationFilterChain.internalDoFilter(ApplicationFilterChain.java:189)
	at org.apache.catalina.core.ApplicationFilterChain.doFilter(ApplicationFilterChain.java:162)
	at org.springframework.web.filter.OncePerRequestFilter.doFilter(OncePerRequestFilter.java:102)
	at org.apache.catalina.core.ApplicationFilterChain.internalDoFilter(ApplicationFilterChain.java:189)
	at org.apache.catalina.core.ApplicationFilterChain.doFilter(ApplicationFilterChain.java:162)
	at org.springframework.web.filter.RequestContextFilter.doFilterInternal(RequestContextFilter.java:100)
	at org.springframework.web.filter.OncePerRequestFilter.doFilter(OncePerRequestFilter.java:117)
	at org.apache.catalina.core.ApplicationFilterChain.internalDoFilter(ApplicationFilterChain.java:189)
	at org.apache.catalina.core.ApplicationFilterChain.doFilter(ApplicationFilterChain.java:162)
	at org.springframework.web.filter.FormContentFilter.doFilterInternal(FormContentFilter.java:93)
	at org.springframework.web.filter.OncePerRequestFilter.doFilter(OncePerRequestFilter.java:117)
	at org.apache.catalina.core.ApplicationFilterChain.internalDoFilter(ApplicationFilterChain.java:189)
	at org.apache.catalina.core.ApplicationFilterChain.doFilter(ApplicationFilterChain.java:162)
	at org.springframework.web.filter.CharacterEncodingFilter.doFilterInternal(CharacterEncodingFilter.java:201)
	at org.springframework.web.filter.OncePerRequestFilter.doFilter(OncePerRequestFilter.java:117)
	at org.apache.catalina.core.ApplicationFilterChain.internalDoFilter(ApplicationFilterChain.java:189)
	at org.apache.catalina.core.ApplicationFilterChain.doFilter(ApplicationFilterChain.java:162)
	at org.apache.catalina.core.StandardWrapperValve.invoke(StandardWrapperValve.java:197)
	at org.apache.catalina.core.StandardContextValve.invoke(StandardContextValve.java:97)
	at org.apache.catalina.authenticator.AuthenticatorBase.invoke(AuthenticatorBase.java:541)
	at org.apache.catalina.core.StandardHostValve.invoke(StandardHostValve.java:135)
	at org.apache.catalina.valves.ErrorReportValve.invoke(ErrorReportValve.java:92)
	at org.apache.catalina.core.StandardEngineValve.invoke(StandardEngineValve.java:78)
	at org.apache.catalina.connector.CoyoteAdapter.service(CoyoteAdapter.java:360)
	at org.apache.coyote.http11.Http11Processor.service(Http11Processor.java:399)
	at org.apache.coyote.AbstractProcessorLight.process(AbstractProcessorLight.java:65)
	at org.apache.coyote.AbstractProtocol$ConnectionHandler.process(AbstractProtocol.java:890)
	at org.apache.tomcat.util.net.NioEndpoint$SocketProcessor.doRun(NioEndpoint.java:1789)
	at org.apache.tomcat.util.net.SocketProcessorBase.run(SocketProcessorBase.java:49)
	at org.apache.tomcat.util.threads.ThreadPoolExecutor.runWorker(ThreadPoolExecutor.java:1191)
	at org.apache.tomcat.util.threads.ThreadPoolExecutor$Worker.run(ThreadPoolExecutor.java:659)
	at org.apache.tomcat.util.threads.TaskThread$WrappingRunnable.run(TaskThread.java:61)
	at java.lang.Thread.run(Thread.java:750)
2025-07-31 14:49:57,823 INFO  [main] com.example.quiz_project.QuizProjectApplication:logStarting:55 - Starting QuizProjectApplication using Java 1.8.0_452 on Haneko with PID 7536 (D:\Code_projects\target\classes started by 40108 in D:\Code_projects)
2025-07-31 14:49:57,825 INFO  [main] com.example.quiz_project.QuizProjectApplication:logStartupProfileInfo:634 - No active profile set, falling back to 1 default profile: "default"
2025-07-31 14:49:58,261 INFO  [main] org.springframework.data.repository.config.RepositoryConfigurationDelegate:registerRepositoriesIn:132 - Bootstrapping Spring Data JDBC repositories in DEFAULT mode.
2025-07-31 14:49:58,273 INFO  [main] org.springframework.data.repository.config.RepositoryConfigurationDelegate:registerRepositoriesIn:201 - Finished Spring Data repository scanning in 8 ms. Found 0 JDBC repository interfaces.
2025-07-31 14:49:58,779 INFO  [main] org.springframework.boot.web.embedded.tomcat.TomcatWebServer:initialize:108 - Tomcat initialized with port(s): 8080 (http)
2025-07-31 14:49:58,786 INFO  [main] org.apache.coyote.http11.Http11NioProtocol:log:173 - Initializing ProtocolHandler ["http-nio-8080"]
2025-07-31 14:49:58,786 INFO  [main] org.apache.catalina.core.StandardService:log:173 - Starting service [Tomcat]
2025-07-31 14:49:58,787 INFO  [main] org.apache.catalina.core.StandardEngine:log:173 - Starting Servlet engine: [Apache Tomcat/9.0.65]
2025-07-31 14:49:58,973 INFO  [main] org.apache.jasper.servlet.TldScanner:log:173 - At least one JAR was scanned for TLDs yet contained no TLDs. Enable debug logging for this logger for a complete list of JARs that were scanned but no TLDs were found in them. Skipping unneeded JARs during scanning can improve startup time and JSP compilation time.
2025-07-31 14:49:58,980 INFO  [main] org.apache.catalina.core.ContainerBase.[Tomcat].[localhost].[/]:log:173 - Initializing Spring embedded WebApplicationContext
2025-07-31 14:49:58,981 INFO  [main] org.springframework.boot.web.servlet.context.ServletWebServerApplicationContext:prepareWebApplicationContext:292 - Root WebApplicationContext: initialization completed in 1120 ms
2025-07-31 14:49:59,775 INFO  [main] org.apache.coyote.http11.Http11NioProtocol:log:173 - Starting ProtocolHandler ["http-nio-8080"]
2025-07-31 14:49:59,795 INFO  [main] org.springframework.boot.web.embedded.tomcat.TomcatWebServer:start:220 - Tomcat started on port(s): 8080 (http) with context path ''
2025-07-31 14:49:59,802 INFO  [main] com.example.quiz_project.QuizProjectApplication:logStarted:61 - Started QuizProjectApplication in 2.289 seconds (JVM running for 2.604)
2025-07-31 14:50:06,372 INFO  [http-nio-8080-exec-1] org.apache.catalina.core.ContainerBase.[Tomcat].[localhost].[/]:log:173 - Initializing Spring DispatcherServlet 'dispatcherServlet'
2025-07-31 14:50:06,372 INFO  [http-nio-8080-exec-1] org.springframework.web.servlet.DispatcherServlet:initServletBean:525 - Initializing Servlet 'dispatcherServlet'
2025-07-31 14:50:06,373 INFO  [http-nio-8080-exec-1] org.springframework.web.servlet.DispatcherServlet:initServletBean:547 - Completed initialization in 1 ms
2025-07-31 14:50:33,978 ERROR [http-nio-8080-exec-6] org.apache.catalina.core.ContainerBase.[Tomcat].[localhost].[/].[dispatcherServlet]:log:175 - Servlet.service() for servlet [dispatcherServlet] in context with path [] threw exception [Request processing failed; nested exception is org.springframework.dao.DataIntegrityViolationException: PreparedStatementCallback; Field 'quiz_id' doesn't have a default value; nested exception is java.sql.SQLException: Field 'quiz_id' doesn't have a default value] with root cause
java.sql.SQLException: Field 'quiz_id' doesn't have a default value
	at com.mysql.cj.jdbc.exceptions.SQLError.createSQLException(SQLError.java:129)
	at com.mysql.cj.jdbc.exceptions.SQLExceptionsMapping.translateException(SQLExceptionsMapping.java:122)
	at com.mysql.cj.jdbc.ClientPreparedStatement.executeInternal(ClientPreparedStatement.java:916)
	at com.mysql.cj.jdbc.ClientPreparedStatement.executeUpdateInternal(ClientPreparedStatement.java:1061)
	at com.mysql.cj.jdbc.ClientPreparedStatement.executeUpdateInternal(ClientPreparedStatement.java:1009)
	at com.mysql.cj.jdbc.ClientPreparedStatement.executeLargeUpdate(ClientPreparedStatement.java:1320)
	at com.mysql.cj.jdbc.ClientPreparedStatement.executeUpdate(ClientPreparedStatement.java:994)
	at org.springframework.jdbc.core.JdbcTemplate.lambda$update$3(JdbcTemplate.java:992)
	at org.springframework.jdbc.core.JdbcTemplate.execute(JdbcTemplate.java:651)
	at org.springframework.jdbc.core.JdbcTemplate.update(JdbcTemplate.java:991)
	at com.example.quiz_project.dao.QuizDao.addQuiz(QuizDao.java:53)
	at com.example.quiz_project.dao.QuizDao$$FastClassBySpringCGLIB$$3a85a913.invoke(<generated>)
	at org.springframework.cglib.proxy.MethodProxy.invoke(MethodProxy.java:218)
	at org.springframework.aop.framework.CglibAopProxy$CglibMethodInvocation.invokeJoinpoint(CglibAopProxy.java:793)
	at org.springframework.aop.framework.ReflectiveMethodInvocation.proceed(ReflectiveMethodInvocation.java:163)
	at org.springframework.aop.framework.CglibAopProxy$CglibMethodInvocation.proceed(CglibAopProxy.java:763)
	at org.springframework.dao.support.PersistenceExceptionTranslationInterceptor.invoke(PersistenceExceptionTranslationInterceptor.java:137)
	at org.springframework.aop.framework.ReflectiveMethodInvocation.proceed(ReflectiveMethodInvocation.java:186)
	at org.springframework.aop.framework.CglibAopProxy$CglibMethodInvocation.proceed(CglibAopProxy.java:763)
	at org.springframework.aop.framework.CglibAopProxy$DynamicAdvisedInterceptor.intercept(CglibAopProxy.java:708)
	at com.example.quiz_project.dao.QuizDao$$EnhancerBySpringCGLIB$$b74ba064.addQuiz(<generated>)
	at com.example.quiz_project.service.QuizService.saveQuiz(QuizService.java:35)
	at com.example.quiz_project.controller.QuizController.initQuiz(QuizController.java:96)
	at com.example.quiz_project.controller.QuizController.pageQuestions(QuizController.java:115)
	at sun.reflect.NativeMethodAccessorImpl.invoke0(Native Method)
	at sun.reflect.NativeMethodAccessorImpl.invoke(NativeMethodAccessorImpl.java:62)
	at sun.reflect.DelegatingMethodAccessorImpl.invoke(DelegatingMethodAccessorImpl.java:43)
	at java.lang.reflect.Method.invoke(Method.java:498)
	at org.springframework.web.method.support.InvocableHandlerMethod.doInvoke(InvocableHandlerMethod.java:205)
	at org.springframework.web.method.support.InvocableHandlerMethod.invokeForRequest(InvocableHandlerMethod.java:150)
	at org.springframework.web.servlet.mvc.method.annotation.ServletInvocableHandlerMethod.invokeAndHandle(ServletInvocableHandlerMethod.java:117)
	at org.springframework.web.servlet.mvc.method.annotation.RequestMappingHandlerAdapter.invokeHandlerMethod(RequestMappingHandlerAdapter.java:895)
	at org.springframework.web.servlet.mvc.method.annotation.RequestMappingHandlerAdapter.handleInternal(RequestMappingHandlerAdapter.java:808)
	at org.springframework.web.servlet.mvc.method.AbstractHandlerMethodAdapter.handle(AbstractHandlerMethodAdapter.java:87)
	at org.springframework.web.servlet.DispatcherServlet.doDispatch(DispatcherServlet.java:1070)
	at org.springframework.web.servlet.DispatcherServlet.doService(DispatcherServlet.java:963)
	at org.springframework.web.servlet.FrameworkServlet.processRequest(FrameworkServlet.java:1006)
	at org.springframework.web.servlet.FrameworkServlet.doGet(FrameworkServlet.java:898)
	at javax.servlet.http.HttpServlet.service(HttpServlet.java:655)
	at org.springframework.web.servlet.FrameworkServlet.service(FrameworkServlet.java:883)
	at javax.servlet.http.HttpServlet.service(HttpServlet.java:764)
	at org.apache.catalina.core.ApplicationFilterChain.internalDoFilter(ApplicationFilterChain.java:227)
	at org.apache.catalina.core.ApplicationFilterChain.doFilter(ApplicationFilterChain.java:162)
	at org.apache.tomcat.websocket.server.WsFilter.doFilter(WsFilter.java:53)
	at org.apache.catalina.core.ApplicationFilterChain.internalDoFilter(ApplicationFilterChain.java:189)
	at org.apache.catalina.core.ApplicationFilterChain.doFilter(ApplicationFilterChain.java:162)
	at com.example.quiz_project.filter.LoginFilter.doFilterInternal(LoginFilter.java:26)
	at org.springframework.web.filter.OncePerRequestFilter.doFilter(OncePerRequestFilter.java:117)
	at org.apache.catalina.core.ApplicationFilterChain.internalDoFilter(ApplicationFilterChain.java:189)
	at org.apache.catalina.core.ApplicationFilterChain.doFilter(ApplicationFilterChain.java:162)
	at org.springframework.web.filter.RequestContextFilter.doFilterInternal(RequestContextFilter.java:100)
	at org.springframework.web.filter.OncePerRequestFilter.doFilter(OncePerRequestFilter.java:117)
	at org.apache.catalina.core.ApplicationFilterChain.internalDoFilter(ApplicationFilterChain.java:189)
	at org.apache.catalina.core.ApplicationFilterChain.doFilter(ApplicationFilterChain.java:162)
	at org.springframework.web.filter.FormContentFilter.doFilterInternal(FormContentFilter.java:93)
	at org.springframework.web.filter.OncePerRequestFilter.doFilter(OncePerRequestFilter.java:117)
	at org.apache.catalina.core.ApplicationFilterChain.internalDoFilter(ApplicationFilterChain.java:189)
	at org.apache.catalina.core.ApplicationFilterChain.doFilter(ApplicationFilterChain.java:162)
	at org.springframework.web.filter.CharacterEncodingFilter.doFilterInternal(CharacterEncodingFilter.java:201)
	at org.springframework.web.filter.OncePerRequestFilter.doFilter(OncePerRequestFilter.java:117)
	at org.apache.catalina.core.ApplicationFilterChain.internalDoFilter(ApplicationFilterChain.java:189)
	at org.apache.catalina.core.ApplicationFilterChain.doFilter(ApplicationFilterChain.java:162)
	at org.apache.catalina.core.StandardWrapperValve.invoke(StandardWrapperValve.java:197)
	at org.apache.catalina.core.StandardContextValve.invoke(StandardContextValve.java:97)
	at org.apache.catalina.authenticator.AuthenticatorBase.invoke(AuthenticatorBase.java:541)
	at org.apache.catalina.core.StandardHostValve.invoke(StandardHostValve.java:135)
	at org.apache.catalina.valves.ErrorReportValve.invoke(ErrorReportValve.java:92)
	at org.apache.catalina.core.StandardEngineValve.invoke(StandardEngineValve.java:78)
	at org.apache.catalina.connector.CoyoteAdapter.service(CoyoteAdapter.java:360)
	at org.apache.coyote.http11.Http11Processor.service(Http11Processor.java:399)
	at org.apache.coyote.AbstractProcessorLight.process(AbstractProcessorLight.java:65)
	at org.apache.coyote.AbstractProtocol$ConnectionHandler.process(AbstractProtocol.java:890)
	at org.apache.tomcat.util.net.NioEndpoint$SocketProcessor.doRun(NioEndpoint.java:1789)
	at org.apache.tomcat.util.net.SocketProcessorBase.run(SocketProcessorBase.java:49)
	at org.apache.tomcat.util.threads.ThreadPoolExecutor.runWorker(ThreadPoolExecutor.java:1191)
	at org.apache.tomcat.util.threads.ThreadPoolExecutor$Worker.run(ThreadPoolExecutor.java:659)
	at org.apache.tomcat.util.threads.TaskThread$WrappingRunnable.run(TaskThread.java:61)
	at java.lang.Thread.run(Thread.java:750)
2025-07-31 14:56:21,066 INFO  [main] com.example.quiz_project.QuizProjectApplication:logStarting:55 - Starting QuizProjectApplication using Java 1.8.0_452 on Haneko with PID 13996 (D:\Code_projects\target\classes started by 40108 in D:\Code_projects)
2025-07-31 14:56:21,068 INFO  [main] com.example.quiz_project.QuizProjectApplication:logStartupProfileInfo:634 - No active profile set, falling back to 1 default profile: "default"
2025-07-31 14:56:21,496 INFO  [main] org.springframework.data.repository.config.RepositoryConfigurationDelegate:registerRepositoriesIn:132 - Bootstrapping Spring Data JDBC repositories in DEFAULT mode.
2025-07-31 14:56:21,507 INFO  [main] org.springframework.data.repository.config.RepositoryConfigurationDelegate:registerRepositoriesIn:201 - Finished Spring Data repository scanning in 7 ms. Found 0 JDBC repository interfaces.
2025-07-31 14:56:22,023 INFO  [main] org.springframework.boot.web.embedded.tomcat.TomcatWebServer:initialize:108 - Tomcat initialized with port(s): 8080 (http)
2025-07-31 14:56:22,031 INFO  [main] org.apache.coyote.http11.Http11NioProtocol:log:173 - Initializing ProtocolHandler ["http-nio-8080"]
2025-07-31 14:56:22,031 INFO  [main] org.apache.catalina.core.StandardService:log:173 - Starting service [Tomcat]
2025-07-31 14:56:22,031 INFO  [main] org.apache.catalina.core.StandardEngine:log:173 - Starting Servlet engine: [Apache Tomcat/9.0.65]
2025-07-31 14:56:22,207 INFO  [main] org.apache.jasper.servlet.TldScanner:log:173 - At least one JAR was scanned for TLDs yet contained no TLDs. Enable debug logging for this logger for a complete list of JARs that were scanned but no TLDs were found in them. Skipping unneeded JARs during scanning can improve startup time and JSP compilation time.
2025-07-31 14:56:22,212 INFO  [main] org.apache.catalina.core.ContainerBase.[Tomcat].[localhost].[/]:log:173 - Initializing Spring embedded WebApplicationContext
2025-07-31 14:56:22,212 INFO  [main] org.springframework.boot.web.servlet.context.ServletWebServerApplicationContext:prepareWebApplicationContext:292 - Root WebApplicationContext: initialization completed in 1107 ms
2025-07-31 14:56:22,899 INFO  [main] org.apache.coyote.http11.Http11NioProtocol:log:173 - Starting ProtocolHandler ["http-nio-8080"]
2025-07-31 14:56:22,922 INFO  [main] org.springframework.boot.web.embedded.tomcat.TomcatWebServer:start:220 - Tomcat started on port(s): 8080 (http) with context path ''
2025-07-31 14:56:22,929 INFO  [main] com.example.quiz_project.QuizProjectApplication:logStarted:61 - Started QuizProjectApplication in 2.166 seconds (JVM running for 2.481)
2025-07-31 14:56:27,172 INFO  [http-nio-8080-exec-1] org.apache.catalina.core.ContainerBase.[Tomcat].[localhost].[/]:log:173 - Initializing Spring DispatcherServlet 'dispatcherServlet'
2025-07-31 14:56:27,172 INFO  [http-nio-8080-exec-1] org.springframework.web.servlet.DispatcherServlet:initServletBean:525 - Initializing Servlet 'dispatcherServlet'
2025-07-31 14:56:27,173 INFO  [http-nio-8080-exec-1] org.springframework.web.servlet.DispatcherServlet:initServletBean:547 - Completed initialization in 1 ms
2025-07-31 14:56:45,934 ERROR [http-nio-8080-exec-6] org.apache.catalina.core.ContainerBase.[Tomcat].[localhost].[/].[dispatcherServlet]:log:175 - Servlet.service() for servlet [dispatcherServlet] in context with path [] threw exception [Request processing failed; nested exception is org.springframework.jdbc.BadSqlGrammarException: PreparedStatementCallback; bad SQL grammar [INSERT INTO quizquestion (quiz_id,question_id,choice_id,order_num) VALUES(?,?,?,?)]; nested exception is java.sql.BatchUpdateException: Unknown column 'order_num' in 'field list'] with root cause
java.sql.SQLSyntaxErrorException: Unknown column 'order_num' in 'field list'
	at com.mysql.cj.jdbc.exceptions.SQLError.createSQLException(SQLError.java:120)
	at com.mysql.cj.jdbc.exceptions.SQLExceptionsMapping.translateException(SQLExceptionsMapping.java:122)
	at com.mysql.cj.jdbc.ClientPreparedStatement.executeInternal(ClientPreparedStatement.java:916)
	at com.mysql.cj.jdbc.ClientPreparedStatement.executeUpdateInternal(ClientPreparedStatement.java:1061)
	at com.mysql.cj.jdbc.ClientPreparedStatement.executeBatchSerially(ClientPreparedStatement.java:795)
	at com.mysql.cj.jdbc.ClientPreparedStatement.executeBatchInternal(ClientPreparedStatement.java:418)
	at com.mysql.cj.jdbc.StatementImpl.executeBatch(StatementImpl.java:795)
	at org.springframework.jdbc.core.JdbcTemplate.lambda$batchUpdate$4(JdbcTemplate.java:1048)
	at org.springframework.jdbc.core.JdbcTemplate.execute(JdbcTemplate.java:651)
	at org.springframework.jdbc.core.JdbcTemplate.execute(JdbcTemplate.java:691)
	at org.springframework.jdbc.core.JdbcTemplate.batchUpdate(JdbcTemplate.java:1034)
	at org.springframework.jdbc.core.JdbcTemplate.batchUpdate(JdbcTemplate.java:1088)
	at org.springframework.jdbc.core.JdbcTemplate.batchUpdate(JdbcTemplate.java:1079)
	at com.example.quiz_project.dao.QuizQuestionDao.addBatch(QuizQuestionDao.java:42)
	at com.example.quiz_project.dao.QuizQuestionDao$$FastClassBySpringCGLIB$$4a84924d.invoke(<generated>)
	at org.springframework.cglib.proxy.MethodProxy.invoke(MethodProxy.java:218)
	at org.springframework.aop.framework.CglibAopProxy$CglibMethodInvocation.invokeJoinpoint(CglibAopProxy.java:793)
	at org.springframework.aop.framework.ReflectiveMethodInvocation.proceed(ReflectiveMethodInvocation.java:163)
	at org.springframework.aop.framework.CglibAopProxy$CglibMethodInvocation.proceed(CglibAopProxy.java:763)
	at org.springframework.dao.support.PersistenceExceptionTranslationInterceptor.invoke(PersistenceExceptionTranslationInterceptor.java:137)
	at org.springframework.aop.framework.ReflectiveMethodInvocation.proceed(ReflectiveMethodInvocation.java:186)
	at org.springframework.aop.framework.CglibAopProxy$CglibMethodInvocation.proceed(CglibAopProxy.java:763)
	at org.springframework.aop.framework.CglibAopProxy$DynamicAdvisedInterceptor.intercept(CglibAopProxy.java:708)
	at com.example.quiz_project.dao.QuizQuestionDao$$EnhancerBySpringCGLIB$$d69ef052.addBatch(<generated>)
	at com.example.quiz_project.service.QuizQuestionService.saveQQ(QuizQuestionService.java:26)
	at com.example.quiz_project.controller.QuizController.pageQuestions(QuizController.java:177)
	at sun.reflect.NativeMethodAccessorImpl.invoke0(Native Method)
	at sun.reflect.NativeMethodAccessorImpl.invoke(NativeMethodAccessorImpl.java:62)
	at sun.reflect.DelegatingMethodAccessorImpl.invoke(DelegatingMethodAccessorImpl.java:43)
	at java.lang.reflect.Method.invoke(Method.java:498)
	at org.springframework.web.method.support.InvocableHandlerMethod.doInvoke(InvocableHandlerMethod.java:205)
	at org.springframework.web.method.support.InvocableHandlerMethod.invokeForRequest(InvocableHandlerMethod.java:150)
	at org.springframework.web.servlet.mvc.method.annotation.ServletInvocableHandlerMethod.invokeAndHandle(ServletInvocableHandlerMethod.java:117)
	at org.springframework.web.servlet.mvc.method.annotation.RequestMappingHandlerAdapter.invokeHandlerMethod(RequestMappingHandlerAdapter.java:895)
	at org.springframework.web.servlet.mvc.method.annotation.RequestMappingHandlerAdapter.handleInternal(RequestMappingHandlerAdapter.java:808)
	at org.springframework.web.servlet.mvc.method.AbstractHandlerMethodAdapter.handle(AbstractHandlerMethodAdapter.java:87)
	at org.springframework.web.servlet.DispatcherServlet.doDispatch(DispatcherServlet.java:1070)
	at org.springframework.web.servlet.DispatcherServlet.doService(DispatcherServlet.java:963)
	at org.springframework.web.servlet.FrameworkServlet.processRequest(FrameworkServlet.java:1006)
	at org.springframework.web.servlet.FrameworkServlet.doGet(FrameworkServlet.java:898)
	at javax.servlet.http.HttpServlet.service(HttpServlet.java:655)
	at org.springframework.web.servlet.FrameworkServlet.service(FrameworkServlet.java:883)
	at javax.servlet.http.HttpServlet.service(HttpServlet.java:764)
	at org.apache.catalina.core.ApplicationFilterChain.internalDoFilter(ApplicationFilterChain.java:227)
	at org.apache.catalina.core.ApplicationFilterChain.doFilter(ApplicationFilterChain.java:162)
	at org.apache.tomcat.websocket.server.WsFilter.doFilter(WsFilter.java:53)
	at org.apache.catalina.core.ApplicationFilterChain.internalDoFilter(ApplicationFilterChain.java:189)
	at org.apache.catalina.core.ApplicationFilterChain.doFilter(ApplicationFilterChain.java:162)
	at com.example.quiz_project.filter.LoginFilter.doFilterInternal(LoginFilter.java:26)
	at org.springframework.web.filter.OncePerRequestFilter.doFilter(OncePerRequestFilter.java:117)
	at org.apache.catalina.core.ApplicationFilterChain.internalDoFilter(ApplicationFilterChain.java:189)
	at org.apache.catalina.core.ApplicationFilterChain.doFilter(ApplicationFilterChain.java:162)
	at org.springframework.web.filter.RequestContextFilter.doFilterInternal(RequestContextFilter.java:100)
	at org.springframework.web.filter.OncePerRequestFilter.doFilter(OncePerRequestFilter.java:117)
	at org.apache.catalina.core.ApplicationFilterChain.internalDoFilter(ApplicationFilterChain.java:189)
	at org.apache.catalina.core.ApplicationFilterChain.doFilter(ApplicationFilterChain.java:162)
	at org.springframework.web.filter.FormContentFilter.doFilterInternal(FormContentFilter.java:93)
	at org.springframework.web.filter.OncePerRequestFilter.doFilter(OncePerRequestFilter.java:117)
	at org.apache.catalina.core.ApplicationFilterChain.internalDoFilter(ApplicationFilterChain.java:189)
	at org.apache.catalina.core.ApplicationFilterChain.doFilter(ApplicationFilterChain.java:162)
	at org.springframework.web.filter.CharacterEncodingFilter.doFilterInternal(CharacterEncodingFilter.java:201)
	at org.springframework.web.filter.OncePerRequestFilter.doFilter(OncePerRequestFilter.java:117)
	at org.apache.catalina.core.ApplicationFilterChain.internalDoFilter(ApplicationFilterChain.java:189)
	at org.apache.catalina.core.ApplicationFilterChain.doFilter(ApplicationFilterChain.java:162)
	at org.apache.catalina.core.StandardWrapperValve.invoke(StandardWrapperValve.java:197)
	at org.apache.catalina.core.StandardContextValve.invoke(StandardContextValve.java:97)
	at org.apache.catalina.authenticator.AuthenticatorBase.invoke(AuthenticatorBase.java:541)
	at org.apache.catalina.core.StandardHostValve.invoke(StandardHostValve.java:135)
	at org.apache.catalina.valves.ErrorReportValve.invoke(ErrorReportValve.java:92)
	at org.apache.catalina.core.StandardEngineValve.invoke(StandardEngineValve.java:78)
	at org.apache.catalina.connector.CoyoteAdapter.service(CoyoteAdapter.java:360)
	at org.apache.coyote.http11.Http11Processor.service(Http11Processor.java:399)
	at org.apache.coyote.AbstractProcessorLight.process(AbstractProcessorLight.java:65)
	at org.apache.coyote.AbstractProtocol$ConnectionHandler.process(AbstractProtocol.java:890)
	at org.apache.tomcat.util.net.NioEndpoint$SocketProcessor.doRun(NioEndpoint.java:1789)
	at org.apache.tomcat.util.net.SocketProcessorBase.run(SocketProcessorBase.java:49)
	at org.apache.tomcat.util.threads.ThreadPoolExecutor.runWorker(ThreadPoolExecutor.java:1191)
	at org.apache.tomcat.util.threads.ThreadPoolExecutor$Worker.run(ThreadPoolExecutor.java:659)
	at org.apache.tomcat.util.threads.TaskThread$WrappingRunnable.run(TaskThread.java:61)
	at java.lang.Thread.run(Thread.java:750)
2025-07-31 15:01:44,917 INFO  [main] com.example.quiz_project.QuizProjectApplication:logStarting:55 - Starting QuizProjectApplication using Java 1.8.0_452 on Haneko with PID 4280 (D:\Code_projects\target\classes started by 40108 in D:\Code_projects)
2025-07-31 15:01:44,920 INFO  [main] com.example.quiz_project.QuizProjectApplication:logStartupProfileInfo:634 - No active profile set, falling back to 1 default profile: "default"
2025-07-31 15:01:45,378 INFO  [main] org.springframework.data.repository.config.RepositoryConfigurationDelegate:registerRepositoriesIn:132 - Bootstrapping Spring Data JDBC repositories in DEFAULT mode.
2025-07-31 15:01:45,390 INFO  [main] org.springframework.data.repository.config.RepositoryConfigurationDelegate:registerRepositoriesIn:201 - Finished Spring Data repository scanning in 8 ms. Found 0 JDBC repository interfaces.
2025-07-31 15:01:45,910 INFO  [main] org.springframework.boot.web.embedded.tomcat.TomcatWebServer:initialize:108 - Tomcat initialized with port(s): 8080 (http)
2025-07-31 15:01:45,917 INFO  [main] org.apache.coyote.http11.Http11NioProtocol:log:173 - Initializing ProtocolHandler ["http-nio-8080"]
2025-07-31 15:01:45,918 INFO  [main] org.apache.catalina.core.StandardService:log:173 - Starting service [Tomcat]
2025-07-31 15:01:45,918 INFO  [main] org.apache.catalina.core.StandardEngine:log:173 - Starting Servlet engine: [Apache Tomcat/9.0.65]
2025-07-31 15:01:46,112 INFO  [main] org.apache.jasper.servlet.TldScanner:log:173 - At least one JAR was scanned for TLDs yet contained no TLDs. Enable debug logging for this logger for a complete list of JARs that were scanned but no TLDs were found in them. Skipping unneeded JARs during scanning can improve startup time and JSP compilation time.
2025-07-31 15:01:46,117 INFO  [main] org.apache.catalina.core.ContainerBase.[Tomcat].[localhost].[/]:log:173 - Initializing Spring embedded WebApplicationContext
2025-07-31 15:01:46,118 INFO  [main] org.springframework.boot.web.servlet.context.ServletWebServerApplicationContext:prepareWebApplicationContext:292 - Root WebApplicationContext: initialization completed in 1163 ms
2025-07-31 15:01:46,872 INFO  [main] org.apache.coyote.http11.Http11NioProtocol:log:173 - Starting ProtocolHandler ["http-nio-8080"]
2025-07-31 15:01:46,897 INFO  [main] org.springframework.boot.web.embedded.tomcat.TomcatWebServer:start:220 - Tomcat started on port(s): 8080 (http) with context path ''
2025-07-31 15:01:46,904 INFO  [main] com.example.quiz_project.QuizProjectApplication:logStarted:61 - Started QuizProjectApplication in 2.301 seconds (JVM running for 2.621)
2025-07-31 15:01:52,259 INFO  [http-nio-8080-exec-1] org.apache.catalina.core.ContainerBase.[Tomcat].[localhost].[/]:log:173 - Initializing Spring DispatcherServlet 'dispatcherServlet'
2025-07-31 15:01:52,259 INFO  [http-nio-8080-exec-1] org.springframework.web.servlet.DispatcherServlet:initServletBean:525 - Initializing Servlet 'dispatcherServlet'
2025-07-31 15:01:52,260 INFO  [http-nio-8080-exec-1] org.springframework.web.servlet.DispatcherServlet:initServletBean:547 - Completed initialization in 0 ms
2025-07-31 15:02:05,972 ERROR [http-nio-8080-exec-10] org.apache.catalina.core.ContainerBase.[Tomcat].[localhost].[/].[dispatcherServlet]:log:175 - Servlet.service() for servlet [dispatcherServlet] in context with path [] threw exception [Request processing failed; nested exception is org.springframework.jdbc.BadSqlGrammarException: PreparedStatementCallback; bad SQL grammar [INSERT INTO quizquestion (quiz_id,question_id,choice_id,order_num) VALUES(?,?,?,?)]; nested exception is java.sql.BatchUpdateException: Unknown column 'order_num' in 'field list'] with root cause
java.sql.SQLSyntaxErrorException: Unknown column 'order_num' in 'field list'
	at com.mysql.cj.jdbc.exceptions.SQLError.createSQLException(SQLError.java:120)
	at com.mysql.cj.jdbc.exceptions.SQLExceptionsMapping.translateException(SQLExceptionsMapping.java:122)
	at com.mysql.cj.jdbc.ClientPreparedStatement.executeInternal(ClientPreparedStatement.java:916)
	at com.mysql.cj.jdbc.ClientPreparedStatement.executeUpdateInternal(ClientPreparedStatement.java:1061)
	at com.mysql.cj.jdbc.ClientPreparedStatement.executeBatchSerially(ClientPreparedStatement.java:795)
	at com.mysql.cj.jdbc.ClientPreparedStatement.executeBatchInternal(ClientPreparedStatement.java:418)
	at com.mysql.cj.jdbc.StatementImpl.executeBatch(StatementImpl.java:795)
	at org.springframework.jdbc.core.JdbcTemplate.lambda$batchUpdate$4(JdbcTemplate.java:1048)
	at org.springframework.jdbc.core.JdbcTemplate.execute(JdbcTemplate.java:651)
	at org.springframework.jdbc.core.JdbcTemplate.execute(JdbcTemplate.java:691)
	at org.springframework.jdbc.core.JdbcTemplate.batchUpdate(JdbcTemplate.java:1034)
	at org.springframework.jdbc.core.JdbcTemplate.batchUpdate(JdbcTemplate.java:1088)
	at org.springframework.jdbc.core.JdbcTemplate.batchUpdate(JdbcTemplate.java:1079)
	at com.example.quiz_project.dao.QuizQuestionDao.addBatch(QuizQuestionDao.java:42)
	at com.example.quiz_project.dao.QuizQuestionDao$$FastClassBySpringCGLIB$$4a84924d.invoke(<generated>)
	at org.springframework.cglib.proxy.MethodProxy.invoke(MethodProxy.java:218)
	at org.springframework.aop.framework.CglibAopProxy$CglibMethodInvocation.invokeJoinpoint(CglibAopProxy.java:793)
	at org.springframework.aop.framework.ReflectiveMethodInvocation.proceed(ReflectiveMethodInvocation.java:163)
	at org.springframework.aop.framework.CglibAopProxy$CglibMethodInvocation.proceed(CglibAopProxy.java:763)
	at org.springframework.dao.support.PersistenceExceptionTranslationInterceptor.invoke(PersistenceExceptionTranslationInterceptor.java:137)
	at org.springframework.aop.framework.ReflectiveMethodInvocation.proceed(ReflectiveMethodInvocation.java:186)
	at org.springframework.aop.framework.CglibAopProxy$CglibMethodInvocation.proceed(CglibAopProxy.java:763)
	at org.springframework.aop.framework.CglibAopProxy$DynamicAdvisedInterceptor.intercept(CglibAopProxy.java:708)
	at com.example.quiz_project.dao.QuizQuestionDao$$EnhancerBySpringCGLIB$$1afc6f0e.addBatch(<generated>)
	at com.example.quiz_project.service.QuizQuestionService.saveQQ(QuizQuestionService.java:26)
	at com.example.quiz_project.controller.QuizController.pageQuestions(QuizController.java:177)
	at sun.reflect.NativeMethodAccessorImpl.invoke0(Native Method)
	at sun.reflect.NativeMethodAccessorImpl.invoke(NativeMethodAccessorImpl.java:62)
	at sun.reflect.DelegatingMethodAccessorImpl.invoke(DelegatingMethodAccessorImpl.java:43)
	at java.lang.reflect.Method.invoke(Method.java:498)
	at org.springframework.web.method.support.InvocableHandlerMethod.doInvoke(InvocableHandlerMethod.java:205)
	at org.springframework.web.method.support.InvocableHandlerMethod.invokeForRequest(InvocableHandlerMethod.java:150)
	at org.springframework.web.servlet.mvc.method.annotation.ServletInvocableHandlerMethod.invokeAndHandle(ServletInvocableHandlerMethod.java:117)
	at org.springframework.web.servlet.mvc.method.annotation.RequestMappingHandlerAdapter.invokeHandlerMethod(RequestMappingHandlerAdapter.java:895)
	at org.springframework.web.servlet.mvc.method.annotation.RequestMappingHandlerAdapter.handleInternal(RequestMappingHandlerAdapter.java:808)
	at org.springframework.web.servlet.mvc.method.AbstractHandlerMethodAdapter.handle(AbstractHandlerMethodAdapter.java:87)
	at org.springframework.web.servlet.DispatcherServlet.doDispatch(DispatcherServlet.java:1070)
	at org.springframework.web.servlet.DispatcherServlet.doService(DispatcherServlet.java:963)
	at org.springframework.web.servlet.FrameworkServlet.processRequest(FrameworkServlet.java:1006)
	at org.springframework.web.servlet.FrameworkServlet.doGet(FrameworkServlet.java:898)
	at javax.servlet.http.HttpServlet.service(HttpServlet.java:655)
	at org.springframework.web.servlet.FrameworkServlet.service(FrameworkServlet.java:883)
	at javax.servlet.http.HttpServlet.service(HttpServlet.java:764)
	at org.apache.catalina.core.ApplicationFilterChain.internalDoFilter(ApplicationFilterChain.java:227)
	at org.apache.catalina.core.ApplicationFilterChain.doFilter(ApplicationFilterChain.java:162)
	at org.apache.tomcat.websocket.server.WsFilter.doFilter(WsFilter.java:53)
	at org.apache.catalina.core.ApplicationFilterChain.internalDoFilter(ApplicationFilterChain.java:189)
	at org.apache.catalina.core.ApplicationFilterChain.doFilter(ApplicationFilterChain.java:162)
	at com.example.quiz_project.filter.LoginFilter.doFilterInternal(LoginFilter.java:26)
	at org.springframework.web.filter.OncePerRequestFilter.doFilter(OncePerRequestFilter.java:117)
	at org.apache.catalina.core.ApplicationFilterChain.internalDoFilter(ApplicationFilterChain.java:189)
	at org.apache.catalina.core.ApplicationFilterChain.doFilter(ApplicationFilterChain.java:162)
	at org.springframework.web.filter.RequestContextFilter.doFilterInternal(RequestContextFilter.java:100)
	at org.springframework.web.filter.OncePerRequestFilter.doFilter(OncePerRequestFilter.java:117)
	at org.apache.catalina.core.ApplicationFilterChain.internalDoFilter(ApplicationFilterChain.java:189)
	at org.apache.catalina.core.ApplicationFilterChain.doFilter(ApplicationFilterChain.java:162)
	at org.springframework.web.filter.FormContentFilter.doFilterInternal(FormContentFilter.java:93)
	at org.springframework.web.filter.OncePerRequestFilter.doFilter(OncePerRequestFilter.java:117)
	at org.apache.catalina.core.ApplicationFilterChain.internalDoFilter(ApplicationFilterChain.java:189)
	at org.apache.catalina.core.ApplicationFilterChain.doFilter(ApplicationFilterChain.java:162)
	at org.springframework.web.filter.CharacterEncodingFilter.doFilterInternal(CharacterEncodingFilter.java:201)
	at org.springframework.web.filter.OncePerRequestFilter.doFilter(OncePerRequestFilter.java:117)
	at org.apache.catalina.core.ApplicationFilterChain.internalDoFilter(ApplicationFilterChain.java:189)
	at org.apache.catalina.core.ApplicationFilterChain.doFilter(ApplicationFilterChain.java:162)
	at org.apache.catalina.core.StandardWrapperValve.invoke(StandardWrapperValve.java:197)
	at org.apache.catalina.core.StandardContextValve.invoke(StandardContextValve.java:97)
	at org.apache.catalina.authenticator.AuthenticatorBase.invoke(AuthenticatorBase.java:541)
	at org.apache.catalina.core.StandardHostValve.invoke(StandardHostValve.java:135)
	at org.apache.catalina.valves.ErrorReportValve.invoke(ErrorReportValve.java:92)
	at org.apache.catalina.core.StandardEngineValve.invoke(StandardEngineValve.java:78)
	at org.apache.catalina.connector.CoyoteAdapter.service(CoyoteAdapter.java:360)
	at org.apache.coyote.http11.Http11Processor.service(Http11Processor.java:399)
	at org.apache.coyote.AbstractProcessorLight.process(AbstractProcessorLight.java:65)
	at org.apache.coyote.AbstractProtocol$ConnectionHandler.process(AbstractProtocol.java:890)
	at org.apache.tomcat.util.net.NioEndpoint$SocketProcessor.doRun(NioEndpoint.java:1789)
	at org.apache.tomcat.util.net.SocketProcessorBase.run(SocketProcessorBase.java:49)
	at org.apache.tomcat.util.threads.ThreadPoolExecutor.runWorker(ThreadPoolExecutor.java:1191)
	at org.apache.tomcat.util.threads.ThreadPoolExecutor$Worker.run(ThreadPoolExecutor.java:659)
	at org.apache.tomcat.util.threads.TaskThread$WrappingRunnable.run(TaskThread.java:61)
	at java.lang.Thread.run(Thread.java:750)
2025-07-31 15:04:51,627 INFO  [main] com.example.quiz_project.QuizProjectApplication:logStarting:55 - Starting QuizProjectApplication using Java 1.8.0_452 on Haneko with PID 14596 (D:\Code_projects\target\classes started by 40108 in D:\Code_projects)
2025-07-31 15:04:51,629 INFO  [main] com.example.quiz_project.QuizProjectApplication:logStartupProfileInfo:634 - No active profile set, falling back to 1 default profile: "default"
2025-07-31 15:04:52,054 INFO  [main] org.springframework.data.repository.config.RepositoryConfigurationDelegate:registerRepositoriesIn:132 - Bootstrapping Spring Data JDBC repositories in DEFAULT mode.
2025-07-31 15:04:52,064 INFO  [main] org.springframework.data.repository.config.RepositoryConfigurationDelegate:registerRepositoriesIn:201 - Finished Spring Data repository scanning in 7 ms. Found 0 JDBC repository interfaces.
2025-07-31 15:04:52,586 INFO  [main] org.springframework.boot.web.embedded.tomcat.TomcatWebServer:initialize:108 - Tomcat initialized with port(s): 8080 (http)
2025-07-31 15:04:52,593 INFO  [main] org.apache.coyote.http11.Http11NioProtocol:log:173 - Initializing ProtocolHandler ["http-nio-8080"]
2025-07-31 15:04:52,594 INFO  [main] org.apache.catalina.core.StandardService:log:173 - Starting service [Tomcat]
2025-07-31 15:04:52,594 INFO  [main] org.apache.catalina.core.StandardEngine:log:173 - Starting Servlet engine: [Apache Tomcat/9.0.65]
2025-07-31 15:04:52,776 INFO  [main] org.apache.jasper.servlet.TldScanner:log:173 - At least one JAR was scanned for TLDs yet contained no TLDs. Enable debug logging for this logger for a complete list of JARs that were scanned but no TLDs were found in them. Skipping unneeded JARs during scanning can improve startup time and JSP compilation time.
2025-07-31 15:04:52,782 INFO  [main] org.apache.catalina.core.ContainerBase.[Tomcat].[localhost].[/]:log:173 - Initializing Spring embedded WebApplicationContext
2025-07-31 15:04:52,782 INFO  [main] org.springframework.boot.web.servlet.context.ServletWebServerApplicationContext:prepareWebApplicationContext:292 - Root WebApplicationContext: initialization completed in 1117 ms
2025-07-31 15:04:53,502 INFO  [main] org.apache.coyote.http11.Http11NioProtocol:log:173 - Starting ProtocolHandler ["http-nio-8080"]
2025-07-31 15:04:53,527 INFO  [main] org.springframework.boot.web.embedded.tomcat.TomcatWebServer:start:220 - Tomcat started on port(s): 8080 (http) with context path ''
2025-07-31 15:04:53,536 INFO  [main] com.example.quiz_project.QuizProjectApplication:logStarted:61 - Started QuizProjectApplication in 2.224 seconds (JVM running for 2.526)
2025-07-31 15:05:00,365 INFO  [http-nio-8080-exec-1] org.apache.catalina.core.ContainerBase.[Tomcat].[localhost].[/]:log:173 - Initializing Spring DispatcherServlet 'dispatcherServlet'
2025-07-31 15:05:00,365 INFO  [http-nio-8080-exec-1] org.springframework.web.servlet.DispatcherServlet:initServletBean:525 - Initializing Servlet 'dispatcherServlet'
2025-07-31 15:05:00,366 INFO  [http-nio-8080-exec-1] org.springframework.web.servlet.DispatcherServlet:initServletBean:547 - Completed initialization in 0 ms
2025-07-31 15:05:13,609 ERROR [http-nio-8080-exec-9] org.apache.catalina.core.ContainerBase.[Tomcat].[localhost].[/].[dispatcherServlet]:log:175 - Servlet.service() for servlet [dispatcherServlet] in context with path [] threw exception [Request processing failed; nested exception is org.springframework.jdbc.BadSqlGrammarException: PreparedStatementCallback; bad SQL grammar [INSERT INTO quizquestion (quiz_id,question_id,choice_id,order_num) VALUES(?,?,?,?)]; nested exception is java.sql.BatchUpdateException: Unknown column 'order_num' in 'field list'] with root cause
java.sql.SQLSyntaxErrorException: Unknown column 'order_num' in 'field list'
	at com.mysql.cj.jdbc.exceptions.SQLError.createSQLException(SQLError.java:120)
	at com.mysql.cj.jdbc.exceptions.SQLExceptionsMapping.translateException(SQLExceptionsMapping.java:122)
	at com.mysql.cj.jdbc.ClientPreparedStatement.executeInternal(ClientPreparedStatement.java:916)
	at com.mysql.cj.jdbc.ClientPreparedStatement.executeUpdateInternal(ClientPreparedStatement.java:1061)
	at com.mysql.cj.jdbc.ClientPreparedStatement.executeBatchSerially(ClientPreparedStatement.java:795)
	at com.mysql.cj.jdbc.ClientPreparedStatement.executeBatchInternal(ClientPreparedStatement.java:418)
	at com.mysql.cj.jdbc.StatementImpl.executeBatch(StatementImpl.java:795)
	at org.springframework.jdbc.core.JdbcTemplate.lambda$batchUpdate$4(JdbcTemplate.java:1048)
	at org.springframework.jdbc.core.JdbcTemplate.execute(JdbcTemplate.java:651)
	at org.springframework.jdbc.core.JdbcTemplate.execute(JdbcTemplate.java:691)
	at org.springframework.jdbc.core.JdbcTemplate.batchUpdate(JdbcTemplate.java:1034)
	at org.springframework.jdbc.core.JdbcTemplate.batchUpdate(JdbcTemplate.java:1088)
	at org.springframework.jdbc.core.JdbcTemplate.batchUpdate(JdbcTemplate.java:1079)
	at com.example.quiz_project.dao.QuizQuestionDao.addBatch(QuizQuestionDao.java:42)
	at com.example.quiz_project.dao.QuizQuestionDao$$FastClassBySpringCGLIB$$4a84924d.invoke(<generated>)
	at org.springframework.cglib.proxy.MethodProxy.invoke(MethodProxy.java:218)
	at org.springframework.aop.framework.CglibAopProxy$CglibMethodInvocation.invokeJoinpoint(CglibAopProxy.java:793)
	at org.springframework.aop.framework.ReflectiveMethodInvocation.proceed(ReflectiveMethodInvocation.java:163)
	at org.springframework.aop.framework.CglibAopProxy$CglibMethodInvocation.proceed(CglibAopProxy.java:763)
	at org.springframework.dao.support.PersistenceExceptionTranslationInterceptor.invoke(PersistenceExceptionTranslationInterceptor.java:137)
	at org.springframework.aop.framework.ReflectiveMethodInvocation.proceed(ReflectiveMethodInvocation.java:186)
	at org.springframework.aop.framework.CglibAopProxy$CglibMethodInvocation.proceed(CglibAopProxy.java:763)
	at org.springframework.aop.framework.CglibAopProxy$DynamicAdvisedInterceptor.intercept(CglibAopProxy.java:708)
	at com.example.quiz_project.dao.QuizQuestionDao$$EnhancerBySpringCGLIB$$1afc6f0e.addBatch(<generated>)
	at com.example.quiz_project.service.QuizQuestionService.saveQQ(QuizQuestionService.java:26)
	at com.example.quiz_project.controller.QuizController.pageQuestions(QuizController.java:177)
	at sun.reflect.NativeMethodAccessorImpl.invoke0(Native Method)
	at sun.reflect.NativeMethodAccessorImpl.invoke(NativeMethodAccessorImpl.java:62)
	at sun.reflect.DelegatingMethodAccessorImpl.invoke(DelegatingMethodAccessorImpl.java:43)
	at java.lang.reflect.Method.invoke(Method.java:498)
	at org.springframework.web.method.support.InvocableHandlerMethod.doInvoke(InvocableHandlerMethod.java:205)
	at org.springframework.web.method.support.InvocableHandlerMethod.invokeForRequest(InvocableHandlerMethod.java:150)
	at org.springframework.web.servlet.mvc.method.annotation.ServletInvocableHandlerMethod.invokeAndHandle(ServletInvocableHandlerMethod.java:117)
	at org.springframework.web.servlet.mvc.method.annotation.RequestMappingHandlerAdapter.invokeHandlerMethod(RequestMappingHandlerAdapter.java:895)
	at org.springframework.web.servlet.mvc.method.annotation.RequestMappingHandlerAdapter.handleInternal(RequestMappingHandlerAdapter.java:808)
	at org.springframework.web.servlet.mvc.method.AbstractHandlerMethodAdapter.handle(AbstractHandlerMethodAdapter.java:87)
	at org.springframework.web.servlet.DispatcherServlet.doDispatch(DispatcherServlet.java:1070)
	at org.springframework.web.servlet.DispatcherServlet.doService(DispatcherServlet.java:963)
	at org.springframework.web.servlet.FrameworkServlet.processRequest(FrameworkServlet.java:1006)
	at org.springframework.web.servlet.FrameworkServlet.doGet(FrameworkServlet.java:898)
	at javax.servlet.http.HttpServlet.service(HttpServlet.java:655)
	at org.springframework.web.servlet.FrameworkServlet.service(FrameworkServlet.java:883)
	at javax.servlet.http.HttpServlet.service(HttpServlet.java:764)
	at org.apache.catalina.core.ApplicationFilterChain.internalDoFilter(ApplicationFilterChain.java:227)
	at org.apache.catalina.core.ApplicationFilterChain.doFilter(ApplicationFilterChain.java:162)
	at org.apache.tomcat.websocket.server.WsFilter.doFilter(WsFilter.java:53)
	at org.apache.catalina.core.ApplicationFilterChain.internalDoFilter(ApplicationFilterChain.java:189)
	at org.apache.catalina.core.ApplicationFilterChain.doFilter(ApplicationFilterChain.java:162)
	at com.example.quiz_project.filter.LoginFilter.doFilterInternal(LoginFilter.java:26)
	at org.springframework.web.filter.OncePerRequestFilter.doFilter(OncePerRequestFilter.java:117)
	at org.apache.catalina.core.ApplicationFilterChain.internalDoFilter(ApplicationFilterChain.java:189)
	at org.apache.catalina.core.ApplicationFilterChain.doFilter(ApplicationFilterChain.java:162)
	at org.springframework.web.filter.RequestContextFilter.doFilterInternal(RequestContextFilter.java:100)
	at org.springframework.web.filter.OncePerRequestFilter.doFilter(OncePerRequestFilter.java:117)
	at org.apache.catalina.core.ApplicationFilterChain.internalDoFilter(ApplicationFilterChain.java:189)
	at org.apache.catalina.core.ApplicationFilterChain.doFilter(ApplicationFilterChain.java:162)
	at org.springframework.web.filter.FormContentFilter.doFilterInternal(FormContentFilter.java:93)
	at org.springframework.web.filter.OncePerRequestFilter.doFilter(OncePerRequestFilter.java:117)
	at org.apache.catalina.core.ApplicationFilterChain.internalDoFilter(ApplicationFilterChain.java:189)
	at org.apache.catalina.core.ApplicationFilterChain.doFilter(ApplicationFilterChain.java:162)
	at org.springframework.web.filter.CharacterEncodingFilter.doFilterInternal(CharacterEncodingFilter.java:201)
	at org.springframework.web.filter.OncePerRequestFilter.doFilter(OncePerRequestFilter.java:117)
	at org.apache.catalina.core.ApplicationFilterChain.internalDoFilter(ApplicationFilterChain.java:189)
	at org.apache.catalina.core.ApplicationFilterChain.doFilter(ApplicationFilterChain.java:162)
	at org.apache.catalina.core.StandardWrapperValve.invoke(StandardWrapperValve.java:197)
	at org.apache.catalina.core.StandardContextValve.invoke(StandardContextValve.java:97)
	at org.apache.catalina.authenticator.AuthenticatorBase.invoke(AuthenticatorBase.java:541)
	at org.apache.catalina.core.StandardHostValve.invoke(StandardHostValve.java:135)
	at org.apache.catalina.valves.ErrorReportValve.invoke(ErrorReportValve.java:92)
	at org.apache.catalina.core.StandardEngineValve.invoke(StandardEngineValve.java:78)
	at org.apache.catalina.connector.CoyoteAdapter.service(CoyoteAdapter.java:360)
	at org.apache.coyote.http11.Http11Processor.service(Http11Processor.java:399)
	at org.apache.coyote.AbstractProcessorLight.process(AbstractProcessorLight.java:65)
	at org.apache.coyote.AbstractProtocol$ConnectionHandler.process(AbstractProtocol.java:890)
	at org.apache.tomcat.util.net.NioEndpoint$SocketProcessor.doRun(NioEndpoint.java:1789)
	at org.apache.tomcat.util.net.SocketProcessorBase.run(SocketProcessorBase.java:49)
	at org.apache.tomcat.util.threads.ThreadPoolExecutor.runWorker(ThreadPoolExecutor.java:1191)
	at org.apache.tomcat.util.threads.ThreadPoolExecutor$Worker.run(ThreadPoolExecutor.java:659)
	at org.apache.tomcat.util.threads.TaskThread$WrappingRunnable.run(TaskThread.java:61)
	at java.lang.Thread.run(Thread.java:750)
2025-07-31 15:08:51,587 INFO  [main] com.example.quiz_project.QuizProjectApplication:logStarting:55 - Starting QuizProjectApplication using Java 1.8.0_452 on Haneko with PID 6000 (D:\Code_projects\target\classes started by 40108 in D:\Code_projects)
2025-07-31 15:08:51,589 INFO  [main] com.example.quiz_project.QuizProjectApplication:logStartupProfileInfo:634 - No active profile set, falling back to 1 default profile: "default"
2025-07-31 15:08:52,046 INFO  [main] org.springframework.data.repository.config.RepositoryConfigurationDelegate:registerRepositoriesIn:132 - Bootstrapping Spring Data JDBC repositories in DEFAULT mode.
2025-07-31 15:08:52,057 INFO  [main] org.springframework.data.repository.config.RepositoryConfigurationDelegate:registerRepositoriesIn:201 - Finished Spring Data repository scanning in 7 ms. Found 0 JDBC repository interfaces.
2025-07-31 15:08:52,576 INFO  [main] org.springframework.boot.web.embedded.tomcat.TomcatWebServer:initialize:108 - Tomcat initialized with port(s): 8080 (http)
2025-07-31 15:08:52,583 INFO  [main] org.apache.coyote.http11.Http11NioProtocol:log:173 - Initializing ProtocolHandler ["http-nio-8080"]
2025-07-31 15:08:52,584 INFO  [main] org.apache.catalina.core.StandardService:log:173 - Starting service [Tomcat]
2025-07-31 15:08:52,584 INFO  [main] org.apache.catalina.core.StandardEngine:log:173 - Starting Servlet engine: [Apache Tomcat/9.0.65]
2025-07-31 15:08:52,758 INFO  [main] org.apache.jasper.servlet.TldScanner:log:173 - At least one JAR was scanned for TLDs yet contained no TLDs. Enable debug logging for this logger for a complete list of JARs that were scanned but no TLDs were found in them. Skipping unneeded JARs during scanning can improve startup time and JSP compilation time.
2025-07-31 15:08:52,763 INFO  [main] org.apache.catalina.core.ContainerBase.[Tomcat].[localhost].[/]:log:173 - Initializing Spring embedded WebApplicationContext
2025-07-31 15:08:52,763 INFO  [main] org.springframework.boot.web.servlet.context.ServletWebServerApplicationContext:prepareWebApplicationContext:292 - Root WebApplicationContext: initialization completed in 1126 ms
2025-07-31 15:08:53,453 INFO  [main] org.apache.coyote.http11.Http11NioProtocol:log:173 - Starting ProtocolHandler ["http-nio-8080"]
2025-07-31 15:08:53,475 INFO  [main] org.springframework.boot.web.embedded.tomcat.TomcatWebServer:start:220 - Tomcat started on port(s): 8080 (http) with context path ''
2025-07-31 15:08:53,482 INFO  [main] com.example.quiz_project.QuizProjectApplication:logStarted:61 - Started QuizProjectApplication in 2.208 seconds (JVM running for 2.521)
2025-07-31 15:09:02,449 INFO  [http-nio-8080-exec-1] org.apache.catalina.core.ContainerBase.[Tomcat].[localhost].[/]:log:173 - Initializing Spring DispatcherServlet 'dispatcherServlet'
2025-07-31 15:09:02,449 INFO  [http-nio-8080-exec-1] org.springframework.web.servlet.DispatcherServlet:initServletBean:525 - Initializing Servlet 'dispatcherServlet'
2025-07-31 15:09:02,450 INFO  [http-nio-8080-exec-1] org.springframework.web.servlet.DispatcherServlet:initServletBean:547 - Completed initialization in 1 ms
2025-07-31 15:09:16,745 ERROR [http-nio-8080-exec-1] org.apache.catalina.core.ContainerBase.[Tomcat].[localhost].[/].[dispatcherServlet]:log:175 - Servlet.service() for servlet [dispatcherServlet] in context with path [] threw exception [Request processing failed; nested exception is org.springframework.dao.DataIntegrityViolationException: PreparedStatementCallback; SQL [INSERT INTO quizquestion (quiz_id,question_id,choice_id,is_marked) VALUES(?,?,?,?)]; Field 'quizquestion_id' doesn't have a default value; nested exception is java.sql.BatchUpdateException: Field 'quizquestion_id' doesn't have a default value] with root cause
java.sql.SQLException: Field 'quizquestion_id' doesn't have a default value
	at com.mysql.cj.jdbc.exceptions.SQLError.createSQLException(SQLError.java:129)
	at com.mysql.cj.jdbc.exceptions.SQLExceptionsMapping.translateException(SQLExceptionsMapping.java:122)
	at com.mysql.cj.jdbc.ClientPreparedStatement.executeInternal(ClientPreparedStatement.java:916)
	at com.mysql.cj.jdbc.ClientPreparedStatement.executeUpdateInternal(ClientPreparedStatement.java:1061)
	at com.mysql.cj.jdbc.ClientPreparedStatement.executeBatchSerially(ClientPreparedStatement.java:795)
	at com.mysql.cj.jdbc.ClientPreparedStatement.executeBatchInternal(ClientPreparedStatement.java:418)
	at com.mysql.cj.jdbc.StatementImpl.executeBatch(StatementImpl.java:795)
	at org.springframework.jdbc.core.JdbcTemplate.lambda$batchUpdate$4(JdbcTemplate.java:1048)
	at org.springframework.jdbc.core.JdbcTemplate.execute(JdbcTemplate.java:651)
	at org.springframework.jdbc.core.JdbcTemplate.execute(JdbcTemplate.java:691)
	at org.springframework.jdbc.core.JdbcTemplate.batchUpdate(JdbcTemplate.java:1034)
	at org.springframework.jdbc.core.JdbcTemplate.batchUpdate(JdbcTemplate.java:1088)
	at org.springframework.jdbc.core.JdbcTemplate.batchUpdate(JdbcTemplate.java:1079)
	at com.example.quiz_project.dao.QuizQuestionDao.addBatch(QuizQuestionDao.java:42)
	at com.example.quiz_project.dao.QuizQuestionDao$$FastClassBySpringCGLIB$$4a84924d.invoke(<generated>)
	at org.springframework.cglib.proxy.MethodProxy.invoke(MethodProxy.java:218)
	at org.springframework.aop.framework.CglibAopProxy$CglibMethodInvocation.invokeJoinpoint(CglibAopProxy.java:793)
	at org.springframework.aop.framework.ReflectiveMethodInvocation.proceed(ReflectiveMethodInvocation.java:163)
	at org.springframework.aop.framework.CglibAopProxy$CglibMethodInvocation.proceed(CglibAopProxy.java:763)
	at org.springframework.dao.support.PersistenceExceptionTranslationInterceptor.invoke(PersistenceExceptionTranslationInterceptor.java:137)
	at org.springframework.aop.framework.ReflectiveMethodInvocation.proceed(ReflectiveMethodInvocation.java:186)
	at org.springframework.aop.framework.CglibAopProxy$CglibMethodInvocation.proceed(CglibAopProxy.java:763)
	at org.springframework.aop.framework.CglibAopProxy$DynamicAdvisedInterceptor.intercept(CglibAopProxy.java:708)
	at com.example.quiz_project.dao.QuizQuestionDao$$EnhancerBySpringCGLIB$$d69ef052.addBatch(<generated>)
	at com.example.quiz_project.service.QuizQuestionService.saveQQ(QuizQuestionService.java:26)
	at com.example.quiz_project.controller.QuizController.pageQuestions(QuizController.java:177)
	at sun.reflect.NativeMethodAccessorImpl.invoke0(Native Method)
	at sun.reflect.NativeMethodAccessorImpl.invoke(NativeMethodAccessorImpl.java:62)
	at sun.reflect.DelegatingMethodAccessorImpl.invoke(DelegatingMethodAccessorImpl.java:43)
	at java.lang.reflect.Method.invoke(Method.java:498)
	at org.springframework.web.method.support.InvocableHandlerMethod.doInvoke(InvocableHandlerMethod.java:205)
	at org.springframework.web.method.support.InvocableHandlerMethod.invokeForRequest(InvocableHandlerMethod.java:150)
	at org.springframework.web.servlet.mvc.method.annotation.ServletInvocableHandlerMethod.invokeAndHandle(ServletInvocableHandlerMethod.java:117)
	at org.springframework.web.servlet.mvc.method.annotation.RequestMappingHandlerAdapter.invokeHandlerMethod(RequestMappingHandlerAdapter.java:895)
	at org.springframework.web.servlet.mvc.method.annotation.RequestMappingHandlerAdapter.handleInternal(RequestMappingHandlerAdapter.java:808)
	at org.springframework.web.servlet.mvc.method.AbstractHandlerMethodAdapter.handle(AbstractHandlerMethodAdapter.java:87)
	at org.springframework.web.servlet.DispatcherServlet.doDispatch(DispatcherServlet.java:1070)
	at org.springframework.web.servlet.DispatcherServlet.doService(DispatcherServlet.java:963)
	at org.springframework.web.servlet.FrameworkServlet.processRequest(FrameworkServlet.java:1006)
	at org.springframework.web.servlet.FrameworkServlet.doGet(FrameworkServlet.java:898)
	at javax.servlet.http.HttpServlet.service(HttpServlet.java:655)
	at org.springframework.web.servlet.FrameworkServlet.service(FrameworkServlet.java:883)
	at javax.servlet.http.HttpServlet.service(HttpServlet.java:764)
	at org.apache.catalina.core.ApplicationFilterChain.internalDoFilter(ApplicationFilterChain.java:227)
	at org.apache.catalina.core.ApplicationFilterChain.doFilter(ApplicationFilterChain.java:162)
	at org.apache.tomcat.websocket.server.WsFilter.doFilter(WsFilter.java:53)
	at org.apache.catalina.core.ApplicationFilterChain.internalDoFilter(ApplicationFilterChain.java:189)
	at org.apache.catalina.core.ApplicationFilterChain.doFilter(ApplicationFilterChain.java:162)
	at com.example.quiz_project.filter.LoginFilter.doFilterInternal(LoginFilter.java:26)
	at org.springframework.web.filter.OncePerRequestFilter.doFilter(OncePerRequestFilter.java:117)
	at org.apache.catalina.core.ApplicationFilterChain.internalDoFilter(ApplicationFilterChain.java:189)
	at org.apache.catalina.core.ApplicationFilterChain.doFilter(ApplicationFilterChain.java:162)
	at org.springframework.web.filter.RequestContextFilter.doFilterInternal(RequestContextFilter.java:100)
	at org.springframework.web.filter.OncePerRequestFilter.doFilter(OncePerRequestFilter.java:117)
	at org.apache.catalina.core.ApplicationFilterChain.internalDoFilter(ApplicationFilterChain.java:189)
	at org.apache.catalina.core.ApplicationFilterChain.doFilter(ApplicationFilterChain.java:162)
	at org.springframework.web.filter.FormContentFilter.doFilterInternal(FormContentFilter.java:93)
	at org.springframework.web.filter.OncePerRequestFilter.doFilter(OncePerRequestFilter.java:117)
	at org.apache.catalina.core.ApplicationFilterChain.internalDoFilter(ApplicationFilterChain.java:189)
	at org.apache.catalina.core.ApplicationFilterChain.doFilter(ApplicationFilterChain.java:162)
	at org.springframework.web.filter.CharacterEncodingFilter.doFilterInternal(CharacterEncodingFilter.java:201)
	at org.springframework.web.filter.OncePerRequestFilter.doFilter(OncePerRequestFilter.java:117)
	at org.apache.catalina.core.ApplicationFilterChain.internalDoFilter(ApplicationFilterChain.java:189)
	at org.apache.catalina.core.ApplicationFilterChain.doFilter(ApplicationFilterChain.java:162)
	at org.apache.catalina.core.StandardWrapperValve.invoke(StandardWrapperValve.java:197)
	at org.apache.catalina.core.StandardContextValve.invoke(StandardContextValve.java:97)
	at org.apache.catalina.authenticator.AuthenticatorBase.invoke(AuthenticatorBase.java:541)
	at org.apache.catalina.core.StandardHostValve.invoke(StandardHostValve.java:135)
	at org.apache.catalina.valves.ErrorReportValve.invoke(ErrorReportValve.java:92)
	at org.apache.catalina.core.StandardEngineValve.invoke(StandardEngineValve.java:78)
	at org.apache.catalina.connector.CoyoteAdapter.service(CoyoteAdapter.java:360)
	at org.apache.coyote.http11.Http11Processor.service(Http11Processor.java:399)
	at org.apache.coyote.AbstractProcessorLight.process(AbstractProcessorLight.java:65)
	at org.apache.coyote.AbstractProtocol$ConnectionHandler.process(AbstractProtocol.java:890)
	at org.apache.tomcat.util.net.NioEndpoint$SocketProcessor.doRun(NioEndpoint.java:1789)
	at org.apache.tomcat.util.net.SocketProcessorBase.run(SocketProcessorBase.java:49)
	at org.apache.tomcat.util.threads.ThreadPoolExecutor.runWorker(ThreadPoolExecutor.java:1191)
	at org.apache.tomcat.util.threads.ThreadPoolExecutor$Worker.run(ThreadPoolExecutor.java:659)
	at org.apache.tomcat.util.threads.TaskThread$WrappingRunnable.run(TaskThread.java:61)
	at java.lang.Thread.run(Thread.java:750)
2025-07-31 15:10:55,216 INFO  [main] com.example.quiz_project.QuizProjectApplication:logStarting:55 - Starting QuizProjectApplication using Java 1.8.0_452 on Haneko with PID 6936 (D:\Code_projects\target\classes started by 40108 in D:\Code_projects)
2025-07-31 15:10:55,219 INFO  [main] com.example.quiz_project.QuizProjectApplication:logStartupProfileInfo:634 - No active profile set, falling back to 1 default profile: "default"
2025-07-31 15:10:55,664 INFO  [main] org.springframework.data.repository.config.RepositoryConfigurationDelegate:registerRepositoriesIn:132 - Bootstrapping Spring Data JDBC repositories in DEFAULT mode.
2025-07-31 15:10:55,674 INFO  [main] org.springframework.data.repository.config.RepositoryConfigurationDelegate:registerRepositoriesIn:201 - Finished Spring Data repository scanning in 7 ms. Found 0 JDBC repository interfaces.
2025-07-31 15:10:56,202 INFO  [main] org.springframework.boot.web.embedded.tomcat.TomcatWebServer:initialize:108 - Tomcat initialized with port(s): 8080 (http)
2025-07-31 15:10:56,210 INFO  [main] org.apache.coyote.http11.Http11NioProtocol:log:173 - Initializing ProtocolHandler ["http-nio-8080"]
2025-07-31 15:10:56,210 INFO  [main] org.apache.catalina.core.StandardService:log:173 - Starting service [Tomcat]
2025-07-31 15:10:56,210 INFO  [main] org.apache.catalina.core.StandardEngine:log:173 - Starting Servlet engine: [Apache Tomcat/9.0.65]
2025-07-31 15:10:56,379 INFO  [main] org.apache.jasper.servlet.TldScanner:log:173 - At least one JAR was scanned for TLDs yet contained no TLDs. Enable debug logging for this logger for a complete list of JARs that were scanned but no TLDs were found in them. Skipping unneeded JARs during scanning can improve startup time and JSP compilation time.
2025-07-31 15:10:56,384 INFO  [main] org.apache.catalina.core.ContainerBase.[Tomcat].[localhost].[/]:log:173 - Initializing Spring embedded WebApplicationContext
2025-07-31 15:10:56,384 INFO  [main] org.springframework.boot.web.servlet.context.ServletWebServerApplicationContext:prepareWebApplicationContext:292 - Root WebApplicationContext: initialization completed in 1129 ms
2025-07-31 15:10:57,122 INFO  [main] org.apache.coyote.http11.Http11NioProtocol:log:173 - Starting ProtocolHandler ["http-nio-8080"]
2025-07-31 15:10:57,141 INFO  [main] org.springframework.boot.web.embedded.tomcat.TomcatWebServer:start:220 - Tomcat started on port(s): 8080 (http) with context path ''
2025-07-31 15:10:57,148 INFO  [main] com.example.quiz_project.QuizProjectApplication:logStarted:61 - Started QuizProjectApplication in 2.243 seconds (JVM running for 2.558)
2025-07-31 15:11:01,669 INFO  [http-nio-8080-exec-1] org.apache.catalina.core.ContainerBase.[Tomcat].[localhost].[/]:log:173 - Initializing Spring DispatcherServlet 'dispatcherServlet'
2025-07-31 15:11:01,670 INFO  [http-nio-8080-exec-1] org.springframework.web.servlet.DispatcherServlet:initServletBean:525 - Initializing Servlet 'dispatcherServlet'
2025-07-31 15:11:01,670 INFO  [http-nio-8080-exec-1] org.springframework.web.servlet.DispatcherServlet:initServletBean:547 - Completed initialization in 0 ms
2025-07-31 15:11:16,512 INFO  [http-nio-8080-exec-1] com.example.quiz_project.controller.QuizController:quizDetails:85 - qclist [QuestionChoice(questionId=1, Description=1+1, userChoice=2, choiceList=[Choice(choice_id=1, question_id=1, choice_description=1, is_correct=0), Choice(choice_id=2, question_id=1, choice_description=2, is_correct=1), Choice(choice_id=3, question_id=1, choice_description=3, is_correct=0)]), QuestionChoice(questionId=5, Description=5+2, userChoice=14, choiceList=[Choice(choice_id=13, question_id=5, choice_description=6, is_correct=0), Choice(choice_id=14, question_id=5, choice_description=7, is_correct=1), Choice(choice_id=15, question_id=5, choice_description=3, is_correct=0)]), QuestionChoice(questionId=3, Description=3+2, userChoice=8, choiceList=[Choice(choice_id=7, question_id=3, choice_description=5, is_correct=1), Choice(choice_id=8, question_id=3, choice_description=2, is_correct=0), Choice(choice_id=9, question_id=3, choice_description=3, is_correct=0)]), QuestionChoice(questionId=4, Description=4+2, userChoice=11, choiceList=[Choice(choice_id=10, question_id=4, choice_description=6, is_correct=1), Choice(choice_id=11, question_id=4, choice_description=2, is_correct=0), Choice(choice_id=12, question_id=4, choice_description=3, is_correct=0)]), QuestionChoice(questionId=2, Description=2+2, userChoice=6, choiceList=[Choice(choice_id=4, question_id=2, choice_description=1, is_correct=0), Choice(choice_id=5, question_id=2, choice_description=2, is_correct=0), Choice(choice_id=6, question_id=2, choice_description=4, is_correct=1)])]
