2025-08-06 00:01:06,441 INFO  [http-nio-8080-exec-5] com.example.quiz_project.controller.QuizController:quizDetails:85 - qclist [QuestionChoice(questionId=14, Description=4x1, userChoice=42, choiceList=[Choice(choice_id=40, question_id=14, choice_description=6, is_correct=0), Choice(choice_id=41, question_id=14, choice_description=2, is_correct=0), Choice(choice_id=42, question_id=14, choice_description=4, is_correct=1)]), QuestionChoice(questionId=15, Description=5x1, userChoice=43, choiceList=[Choice(choice_id=43, question_id=15, choice_description=5, is_correct=1), Choice(choice_id=44, question_id=15, choice_description=2, is_correct=0), Choice(choice_id=45, question_id=15, choice_description=3, is_correct=0)]), QuestionChoice(questionId=11, Description=1x1, userChoice=31, choiceList=[Choice(choice_id=31, question_id=11, choice_description=1, is_correct=1), Choice(choice_id=32, question_id=11, choice_description=2, is_correct=0), Choice(choice_id=33, question_id=11, choice_description=3, is_correct=0)]), QuestionChoice(questionId=12, Description=2x1, userChoice=35, choiceList=[Choice(choice_id=34, question_id=12, choice_description=6, is_correct=0), Choice(choice_id=35, question_id=12, choice_description=2, is_correct=1), Choice(choice_id=36, question_id=12, choice_description=3, is_correct=0)]), QuestionChoice(questionId=13, Description=3x1, userChoice=39, choiceList=[Choice(choice_id=37, question_id=13, choice_description=6, is_correct=0), Choice(choice_id=38, question_id=13, choice_description=2, is_correct=0), Choice(choice_id=39, question_id=13, choice_description=3, is_correct=1)])]
2025-08-06 00:24:49,889 INFO  [main] com.example.quiz_project.QuizProjectApplication:logStarting:55 - Starting QuizProjectApplication using Java 1.8.0_452 on Haneko with PID 9484 (D:\Code_projects\target\classes started by 40108 in D:\Code_projects)
2025-08-06 00:24:49,891 INFO  [main] com.example.quiz_project.QuizProjectApplication:logStartupProfileInfo:634 - No active profile set, falling back to 1 default profile: "default"
2025-08-06 00:24:50,313 INFO  [main] org.springframework.data.repository.config.RepositoryConfigurationDelegate:registerRepositoriesIn:132 - Bootstrapping Spring Data JDBC repositories in DEFAULT mode.
2025-08-06 00:24:50,324 INFO  [main] org.springframework.data.repository.config.RepositoryConfigurationDelegate:registerRepositoriesIn:201 - Finished Spring Data repository scanning in 7 ms. Found 0 JDBC repository interfaces.
2025-08-06 00:24:50,836 INFO  [main] org.springframework.boot.web.embedded.tomcat.TomcatWebServer:initialize:108 - Tomcat initialized with port(s): 8080 (http)
2025-08-06 00:24:50,843 INFO  [main] org.apache.coyote.http11.Http11NioProtocol:log:173 - Initializing ProtocolHandler ["http-nio-8080"]
2025-08-06 00:24:50,843 INFO  [main] org.apache.catalina.core.StandardService:log:173 - Starting service [Tomcat]
2025-08-06 00:24:50,843 INFO  [main] org.apache.catalina.core.StandardEngine:log:173 - Starting Servlet engine: [Apache Tomcat/9.0.65]
2025-08-06 00:24:51,013 INFO  [main] org.apache.jasper.servlet.TldScanner:log:173 - At least one JAR was scanned for TLDs yet contained no TLDs. Enable debug logging for this logger for a complete list of JARs that were scanned but no TLDs were found in them. Skipping unneeded JARs during scanning can improve startup time and JSP compilation time.
2025-08-06 00:24:51,018 INFO  [main] org.apache.catalina.core.ContainerBase.[Tomcat].[localhost].[/]:log:173 - Initializing Spring embedded WebApplicationContext
2025-08-06 00:24:51,018 INFO  [main] org.springframework.boot.web.servlet.context.ServletWebServerApplicationContext:prepareWebApplicationContext:292 - Root WebApplicationContext: initialization completed in 1092 ms
2025-08-06 00:24:51,379 WARN  [main] org.springframework.boot.web.servlet.context.AnnotationConfigServletWebServerApplicationContext:refresh:591 - Exception encountered during context initialization - cancelling refresh attempt: org.springframework.beans.factory.BeanCreationException: Error creating bean with name 'requestMappingHandlerMapping' defined in class path resource [org/springframework/boot/autoconfigure/web/servlet/WebMvcAutoConfiguration$EnableWebMvcConfiguration.class]: Invocation of init method failed; nested exception is java.lang.IllegalStateException: Ambiguous mapping. Cannot map 'adminQuizController' method 
com.example.quiz_project.controller.AdminQuizController#toggleuser(int)
to {POST [/admin/adminupdateuser]}: There is already 'adminQuizController' bean method
com.example.quiz_project.controller.AdminQuizController#updateUser(int, String) mapped.
2025-08-06 00:24:51,381 INFO  [main] org.apache.catalina.core.StandardService:log:173 - Stopping service [Tomcat]
2025-08-06 00:24:51,389 INFO  [main] org.springframework.boot.autoconfigure.logging.ConditionEvaluationReportLoggingListener:logMessage:136 - 

Error starting ApplicationContext. To display the conditions report re-run your application with 'debug' enabled.
2025-08-06 00:24:51,411 ERROR [main] org.springframework.boot.SpringApplication:reportFailure:824 - Application run failed
org.springframework.beans.factory.BeanCreationException: Error creating bean with name 'requestMappingHandlerMapping' defined in class path resource [org/springframework/boot/autoconfigure/web/servlet/WebMvcAutoConfiguration$EnableWebMvcConfiguration.class]: Invocation of init method failed; nested exception is java.lang.IllegalStateException: Ambiguous mapping. Cannot map 'adminQuizController' method 
com.example.quiz_project.controller.AdminQuizController#toggleuser(int)
to {POST [/admin/adminupdateuser]}: There is already 'adminQuizController' bean method
com.example.quiz_project.controller.AdminQuizController#updateUser(int, String) mapped.
	at org.springframework.beans.factory.support.AbstractAutowireCapableBeanFactory.initializeBean(AbstractAutowireCapableBeanFactory.java:1804)
	at org.springframework.beans.factory.support.AbstractAutowireCapableBeanFactory.doCreateBean(AbstractAutowireCapableBeanFactory.java:620)
	at org.springframework.beans.factory.support.AbstractAutowireCapableBeanFactory.createBean(AbstractAutowireCapableBeanFactory.java:542)
	at org.springframework.beans.factory.support.AbstractBeanFactory.lambda$doGetBean$0(AbstractBeanFactory.java:335)
	at org.springframework.beans.factory.support.DefaultSingletonBeanRegistry.getSingleton(DefaultSingletonBeanRegistry.java:234)
	at org.springframework.beans.factory.support.AbstractBeanFactory.doGetBean(AbstractBeanFactory.java:333)
	at org.springframework.beans.factory.support.AbstractBeanFactory.getBean(AbstractBeanFactory.java:208)
	at org.springframework.beans.factory.support.DefaultListableBeanFactory.preInstantiateSingletons(DefaultListableBeanFactory.java:955)
	at org.springframework.context.support.AbstractApplicationContext.finishBeanFactoryInitialization(AbstractApplicationContext.java:918)
	at org.springframework.context.support.AbstractApplicationContext.refresh(AbstractApplicationContext.java:583)
	at org.springframework.boot.web.servlet.context.ServletWebServerApplicationContext.refresh(ServletWebServerApplicationContext.java:147)
	at org.springframework.boot.SpringApplication.refresh(SpringApplication.java:734)
	at org.springframework.boot.SpringApplication.refreshContext(SpringApplication.java:408)
	at org.springframework.boot.SpringApplication.run(SpringApplication.java:308)
	at org.springframework.boot.SpringApplication.run(SpringApplication.java:1306)
	at org.springframework.boot.SpringApplication.run(SpringApplication.java:1295)
	at com.example.quiz_project.QuizProjectApplication.main(QuizProjectApplication.java:12)
Caused by: java.lang.IllegalStateException: Ambiguous mapping. Cannot map 'adminQuizController' method 
com.example.quiz_project.controller.AdminQuizController#toggleuser(int)
to {POST [/admin/adminupdateuser]}: There is already 'adminQuizController' bean method
com.example.quiz_project.controller.AdminQuizController#updateUser(int, String) mapped.
	at org.springframework.web.servlet.handler.AbstractHandlerMethodMapping$MappingRegistry.validateMethodMapping(AbstractHandlerMethodMapping.java:669)
	at org.springframework.web.servlet.handler.AbstractHandlerMethodMapping$MappingRegistry.register(AbstractHandlerMethodMapping.java:635)
	at org.springframework.web.servlet.handler.AbstractHandlerMethodMapping.registerHandlerMethod(AbstractHandlerMethodMapping.java:332)
	at org.springframework.web.servlet.mvc.method.annotation.RequestMappingHandlerMapping.registerHandlerMethod(RequestMappingHandlerMapping.java:420)
	at org.springframework.web.servlet.mvc.method.annotation.RequestMappingHandlerMapping.registerHandlerMethod(RequestMappingHandlerMapping.java:76)
	at org.springframework.web.servlet.handler.AbstractHandlerMethodMapping.lambda$detectHandlerMethods$2(AbstractHandlerMethodMapping.java:299)
	at java.util.LinkedHashMap.forEach(LinkedHashMap.java:684)
	at org.springframework.web.servlet.handler.AbstractHandlerMethodMapping.detectHandlerMethods(AbstractHandlerMethodMapping.java:297)
	at org.springframework.web.servlet.handler.AbstractHandlerMethodMapping.processCandidateBean(AbstractHandlerMethodMapping.java:266)
	at org.springframework.web.servlet.handler.AbstractHandlerMethodMapping.initHandlerMethods(AbstractHandlerMethodMapping.java:225)
	at org.springframework.web.servlet.handler.AbstractHandlerMethodMapping.afterPropertiesSet(AbstractHandlerMethodMapping.java:213)
	at org.springframework.web.servlet.mvc.method.annotation.RequestMappingHandlerMapping.afterPropertiesSet(RequestMappingHandlerMapping.java:205)
	at org.springframework.beans.factory.support.AbstractAutowireCapableBeanFactory.invokeInitMethods(AbstractAutowireCapableBeanFactory.java:1863)
	at org.springframework.beans.factory.support.AbstractAutowireCapableBeanFactory.initializeBean(AbstractAutowireCapableBeanFactory.java:1800)
	... 16 common frames omitted
2025-08-06 00:29:10,340 INFO  [main] com.example.quiz_project.QuizProjectApplication:logStarting:55 - Starting QuizProjectApplication using Java 1.8.0_452 on Haneko with PID 8328 (D:\Code_projects\target\classes started by 40108 in D:\Code_projects)
2025-08-06 00:29:10,342 INFO  [main] com.example.quiz_project.QuizProjectApplication:logStartupProfileInfo:634 - No active profile set, falling back to 1 default profile: "default"
2025-08-06 00:29:10,793 INFO  [main] org.springframework.data.repository.config.RepositoryConfigurationDelegate:registerRepositoriesIn:132 - Bootstrapping Spring Data JDBC repositories in DEFAULT mode.
2025-08-06 00:29:10,804 INFO  [main] org.springframework.data.repository.config.RepositoryConfigurationDelegate:registerRepositoriesIn:201 - Finished Spring Data repository scanning in 7 ms. Found 0 JDBC repository interfaces.
2025-08-06 00:29:11,360 INFO  [main] org.springframework.boot.web.embedded.tomcat.TomcatWebServer:initialize:108 - Tomcat initialized with port(s): 8080 (http)
2025-08-06 00:29:11,368 INFO  [main] org.apache.coyote.http11.Http11NioProtocol:log:173 - Initializing ProtocolHandler ["http-nio-8080"]
2025-08-06 00:29:11,369 INFO  [main] org.apache.catalina.core.StandardService:log:173 - Starting service [Tomcat]
2025-08-06 00:29:11,369 INFO  [main] org.apache.catalina.core.StandardEngine:log:173 - Starting Servlet engine: [Apache Tomcat/9.0.65]
2025-08-06 00:29:11,550 INFO  [main] org.apache.jasper.servlet.TldScanner:log:173 - At least one JAR was scanned for TLDs yet contained no TLDs. Enable debug logging for this logger for a complete list of JARs that were scanned but no TLDs were found in them. Skipping unneeded JARs during scanning can improve startup time and JSP compilation time.
2025-08-06 00:29:11,555 INFO  [main] org.apache.catalina.core.ContainerBase.[Tomcat].[localhost].[/]:log:173 - Initializing Spring embedded WebApplicationContext
2025-08-06 00:29:11,556 INFO  [main] org.springframework.boot.web.servlet.context.ServletWebServerApplicationContext:prepareWebApplicationContext:292 - Root WebApplicationContext: initialization completed in 1178 ms
2025-08-06 00:29:12,317 INFO  [main] org.apache.coyote.http11.Http11NioProtocol:log:173 - Starting ProtocolHandler ["http-nio-8080"]
2025-08-06 00:29:12,337 INFO  [main] org.springframework.boot.web.embedded.tomcat.TomcatWebServer:start:220 - Tomcat started on port(s): 8080 (http) with context path ''
2025-08-06 00:29:12,345 INFO  [main] com.example.quiz_project.QuizProjectApplication:logStarted:61 - Started QuizProjectApplication in 2.316 seconds (JVM running for 2.616)
2025-08-06 00:29:21,007 INFO  [http-nio-8080-exec-1] org.apache.catalina.core.ContainerBase.[Tomcat].[localhost].[/]:log:173 - Initializing Spring DispatcherServlet 'dispatcherServlet'
2025-08-06 00:29:21,008 INFO  [http-nio-8080-exec-1] org.springframework.web.servlet.DispatcherServlet:initServletBean:525 - Initializing Servlet 'dispatcherServlet'
2025-08-06 00:29:21,009 INFO  [http-nio-8080-exec-1] org.springframework.web.servlet.DispatcherServlet:initServletBean:547 - Completed initialization in 1 ms
2025-08-06 00:32:09,971 INFO  [main] com.example.quiz_project.QuizProjectApplication:logStarting:55 - Starting QuizProjectApplication using Java 1.8.0_452 on Haneko with PID 7688 (D:\Code_projects\target\classes started by 40108 in D:\Code_projects)
2025-08-06 00:32:09,973 INFO  [main] com.example.quiz_project.QuizProjectApplication:logStartupProfileInfo:634 - No active profile set, falling back to 1 default profile: "default"
2025-08-06 00:32:10,434 INFO  [main] org.springframework.data.repository.config.RepositoryConfigurationDelegate:registerRepositoriesIn:132 - Bootstrapping Spring Data JDBC repositories in DEFAULT mode.
2025-08-06 00:32:10,445 INFO  [main] org.springframework.data.repository.config.RepositoryConfigurationDelegate:registerRepositoriesIn:201 - Finished Spring Data repository scanning in 8 ms. Found 0 JDBC repository interfaces.
2025-08-06 00:32:10,992 INFO  [main] org.springframework.boot.web.embedded.tomcat.TomcatWebServer:initialize:108 - Tomcat initialized with port(s): 8080 (http)
2025-08-06 00:32:10,999 INFO  [main] org.apache.coyote.http11.Http11NioProtocol:log:173 - Initializing ProtocolHandler ["http-nio-8080"]
2025-08-06 00:32:11,000 INFO  [main] org.apache.catalina.core.StandardService:log:173 - Starting service [Tomcat]
2025-08-06 00:32:11,000 INFO  [main] org.apache.catalina.core.StandardEngine:log:173 - Starting Servlet engine: [Apache Tomcat/9.0.65]
2025-08-06 00:32:11,170 INFO  [main] org.apache.jasper.servlet.TldScanner:log:173 - At least one JAR was scanned for TLDs yet contained no TLDs. Enable debug logging for this logger for a complete list of JARs that were scanned but no TLDs were found in them. Skipping unneeded JARs during scanning can improve startup time and JSP compilation time.
2025-08-06 00:32:11,174 INFO  [main] org.apache.catalina.core.ContainerBase.[Tomcat].[localhost].[/]:log:173 - Initializing Spring embedded WebApplicationContext
2025-08-06 00:32:11,175 INFO  [main] org.springframework.boot.web.servlet.context.ServletWebServerApplicationContext:prepareWebApplicationContext:292 - Root WebApplicationContext: initialization completed in 1159 ms
2025-08-06 00:32:11,913 INFO  [main] org.apache.coyote.http11.Http11NioProtocol:log:173 - Starting ProtocolHandler ["http-nio-8080"]
2025-08-06 00:32:11,934 INFO  [main] org.springframework.boot.web.embedded.tomcat.TomcatWebServer:start:220 - Tomcat started on port(s): 8080 (http) with context path ''
2025-08-06 00:32:11,943 INFO  [main] com.example.quiz_project.QuizProjectApplication:logStarted:61 - Started QuizProjectApplication in 2.294 seconds (JVM running for 2.604)
2025-08-06 00:32:17,501 INFO  [http-nio-8080-exec-1] org.apache.catalina.core.ContainerBase.[Tomcat].[localhost].[/]:log:173 - Initializing Spring DispatcherServlet 'dispatcherServlet'
2025-08-06 00:32:17,501 INFO  [http-nio-8080-exec-1] org.springframework.web.servlet.DispatcherServlet:initServletBean:525 - Initializing Servlet 'dispatcherServlet'
2025-08-06 00:32:17,502 INFO  [http-nio-8080-exec-1] org.springframework.web.servlet.DispatcherServlet:initServletBean:547 - Completed initialization in 1 ms
2025-08-06 00:43:33,975 INFO  [main] com.example.quiz_project.QuizProjectApplication:logStarting:55 - Starting QuizProjectApplication using Java 1.8.0_452 on Haneko with PID 1724 (D:\Code_projects\target\classes started by 40108 in D:\Code_projects)
2025-08-06 00:43:33,978 INFO  [main] com.example.quiz_project.QuizProjectApplication:logStartupProfileInfo:634 - No active profile set, falling back to 1 default profile: "default"
2025-08-06 00:43:34,464 INFO  [main] org.springframework.data.repository.config.RepositoryConfigurationDelegate:registerRepositoriesIn:132 - Bootstrapping Spring Data JDBC repositories in DEFAULT mode.
2025-08-06 00:43:34,477 INFO  [main] org.springframework.data.repository.config.RepositoryConfigurationDelegate:registerRepositoriesIn:201 - Finished Spring Data repository scanning in 9 ms. Found 0 JDBC repository interfaces.
2025-08-06 00:43:35,025 INFO  [main] org.springframework.boot.web.embedded.tomcat.TomcatWebServer:initialize:108 - Tomcat initialized with port(s): 8080 (http)
2025-08-06 00:43:35,032 INFO  [main] org.apache.coyote.http11.Http11NioProtocol:log:173 - Initializing ProtocolHandler ["http-nio-8080"]
2025-08-06 00:43:35,033 INFO  [main] org.apache.catalina.core.StandardService:log:173 - Starting service [Tomcat]
2025-08-06 00:43:35,033 INFO  [main] org.apache.catalina.core.StandardEngine:log:173 - Starting Servlet engine: [Apache Tomcat/9.0.65]
2025-08-06 00:43:35,201 INFO  [main] org.apache.jasper.servlet.TldScanner:log:173 - At least one JAR was scanned for TLDs yet contained no TLDs. Enable debug logging for this logger for a complete list of JARs that were scanned but no TLDs were found in them. Skipping unneeded JARs during scanning can improve startup time and JSP compilation time.
2025-08-06 00:43:35,206 INFO  [main] org.apache.catalina.core.ContainerBase.[Tomcat].[localhost].[/]:log:173 - Initializing Spring embedded WebApplicationContext
2025-08-06 00:43:35,206 INFO  [main] org.springframework.boot.web.servlet.context.ServletWebServerApplicationContext:prepareWebApplicationContext:292 - Root WebApplicationContext: initialization completed in 1185 ms
2025-08-06 00:43:35,938 INFO  [main] org.apache.coyote.http11.Http11NioProtocol:log:173 - Starting ProtocolHandler ["http-nio-8080"]
2025-08-06 00:43:35,957 INFO  [main] org.springframework.boot.web.embedded.tomcat.TomcatWebServer:start:220 - Tomcat started on port(s): 8080 (http) with context path ''
2025-08-06 00:43:35,965 INFO  [main] com.example.quiz_project.QuizProjectApplication:logStarted:61 - Started QuizProjectApplication in 2.334 seconds (JVM running for 2.649)
2025-08-06 00:43:43,366 INFO  [http-nio-8080-exec-1] org.apache.catalina.core.ContainerBase.[Tomcat].[localhost].[/]:log:173 - Initializing Spring DispatcherServlet 'dispatcherServlet'
2025-08-06 00:43:43,367 INFO  [http-nio-8080-exec-1] org.springframework.web.servlet.DispatcherServlet:initServletBean:525 - Initializing Servlet 'dispatcherServlet'
2025-08-06 00:43:43,367 INFO  [http-nio-8080-exec-1] org.springframework.web.servlet.DispatcherServlet:initServletBean:547 - Completed initialization in 0 ms
2025-08-06 00:47:49,013 INFO  [http-nio-8080-exec-9] com.example.quiz_project.controller.AdminQuizController:adminQuizIndex:60 - User Haneko logged in with role: Admin
2025-08-06 00:48:10,355 WARN  [http-nio-8080-exec-1] org.springframework.web.servlet.mvc.support.DefaultHandlerExceptionResolver:logException:208 - Resolved [org.springframework.web.bind.MissingServletRequestParameterException: Required request parameter 'userid' for method parameter type int is not present]
2025-08-06 00:48:34,416 INFO  [http-nio-8080-exec-2] com.example.quiz_project.controller.AdminQuizController:toggleUserStatus:144 - Toggling status for user with ID: 2
2025-08-06 00:48:51,923 INFO  [http-nio-8080-exec-4] com.example.quiz_project.controller.AdminQuizController:toggleUserStatus:144 - Toggling status for user with ID: 1
2025-08-06 00:49:05,735 INFO  [http-nio-8080-exec-10] com.example.quiz_project.controller.AdminQuizController:toggleUserStatus:144 - Toggling status for user with ID: 1
2025-08-06 00:49:07,399 INFO  [http-nio-8080-exec-8] com.example.quiz_project.controller.AdminQuizController:toggleUserStatus:144 - Toggling status for user with ID: 1
2025-08-06 00:49:27,910 INFO  [http-nio-8080-exec-3] com.example.quiz_project.controller.AdminQuizController:toggleUserStatus:144 - Toggling status for user with ID: 1
2025-08-06 00:49:28,304 INFO  [http-nio-8080-exec-2] com.example.quiz_project.controller.AdminQuizController:toggleUserStatus:144 - Toggling status for user with ID: 2
2025-08-06 10:04:23,044 INFO  [main] com.example.quiz_project.QuizProjectApplication:logStarting:55 - Starting QuizProjectApplication using Java 1.8.0_452 on Haneko with PID 11168 (D:\Code_projects\target\classes started by 40108 in D:\Code_projects)
2025-08-06 10:04:23,048 INFO  [main] com.example.quiz_project.QuizProjectApplication:logStartupProfileInfo:634 - No active profile set, falling back to 1 default profile: "default"
2025-08-06 10:04:23,640 INFO  [main] org.springframework.data.repository.config.RepositoryConfigurationDelegate:registerRepositoriesIn:132 - Bootstrapping Spring Data JDBC repositories in DEFAULT mode.
2025-08-06 10:04:23,656 INFO  [main] org.springframework.data.repository.config.RepositoryConfigurationDelegate:registerRepositoriesIn:201 - Finished Spring Data repository scanning in 11 ms. Found 0 JDBC repository interfaces.
2025-08-06 10:04:24,353 INFO  [main] org.springframework.boot.web.embedded.tomcat.TomcatWebServer:initialize:108 - Tomcat initialized with port(s): 8080 (http)
2025-08-06 10:04:24,362 INFO  [main] org.apache.coyote.http11.Http11NioProtocol:log:173 - Initializing ProtocolHandler ["http-nio-8080"]
2025-08-06 10:04:24,362 INFO  [main] org.apache.catalina.core.StandardService:log:173 - Starting service [Tomcat]
2025-08-06 10:04:24,362 INFO  [main] org.apache.catalina.core.StandardEngine:log:173 - Starting Servlet engine: [Apache Tomcat/9.0.65]
2025-08-06 10:04:24,586 INFO  [main] org.apache.jasper.servlet.TldScanner:log:173 - At least one JAR was scanned for TLDs yet contained no TLDs. Enable debug logging for this logger for a complete list of JARs that were scanned but no TLDs were found in them. Skipping unneeded JARs during scanning can improve startup time and JSP compilation time.
2025-08-06 10:04:24,592 INFO  [main] org.apache.catalina.core.ContainerBase.[Tomcat].[localhost].[/]:log:173 - Initializing Spring embedded WebApplicationContext
2025-08-06 10:04:24,592 INFO  [main] org.springframework.boot.web.servlet.context.ServletWebServerApplicationContext:prepareWebApplicationContext:292 - Root WebApplicationContext: initialization completed in 1504 ms
2025-08-06 10:04:25,549 INFO  [main] org.apache.coyote.http11.Http11NioProtocol:log:173 - Starting ProtocolHandler ["http-nio-8080"]
2025-08-06 10:04:25,574 INFO  [main] org.springframework.boot.web.embedded.tomcat.TomcatWebServer:start:220 - Tomcat started on port(s): 8080 (http) with context path ''
2025-08-06 10:04:25,581 INFO  [main] com.example.quiz_project.QuizProjectApplication:logStarted:61 - Started QuizProjectApplication in 2.912 seconds (JVM running for 3.296)
2025-08-06 10:04:30,916 INFO  [http-nio-8080-exec-1] org.apache.catalina.core.ContainerBase.[Tomcat].[localhost].[/]:log:173 - Initializing Spring DispatcherServlet 'dispatcherServlet'
2025-08-06 10:04:30,916 INFO  [http-nio-8080-exec-1] org.springframework.web.servlet.DispatcherServlet:initServletBean:525 - Initializing Servlet 'dispatcherServlet'
2025-08-06 10:04:30,917 INFO  [http-nio-8080-exec-1] org.springframework.web.servlet.DispatcherServlet:initServletBean:547 - Completed initialization in 1 ms
2025-08-06 10:04:52,680 INFO  [http-nio-8080-exec-8] com.example.quiz_project.controller.AdminQuizController:adminQuizIndex:60 - User Haneko logged in with role: Admin
2025-08-06 10:14:49,820 INFO  [main] com.example.quiz_project.QuizProjectApplication:logStarting:55 - Starting QuizProjectApplication using Java 1.8.0_452 on Haneko with PID 20404 (D:\Code_projects\target\classes started by 40108 in D:\Code_projects)
2025-08-06 10:14:49,823 INFO  [main] com.example.quiz_project.QuizProjectApplication:logStartupProfileInfo:634 - No active profile set, falling back to 1 default profile: "default"
2025-08-06 10:14:50,295 INFO  [main] org.springframework.data.repository.config.RepositoryConfigurationDelegate:registerRepositoriesIn:132 - Bootstrapping Spring Data JDBC repositories in DEFAULT mode.
2025-08-06 10:14:50,306 INFO  [main] org.springframework.data.repository.config.RepositoryConfigurationDelegate:registerRepositoriesIn:201 - Finished Spring Data repository scanning in 7 ms. Found 0 JDBC repository interfaces.
2025-08-06 10:14:50,847 INFO  [main] org.springframework.boot.web.embedded.tomcat.TomcatWebServer:initialize:108 - Tomcat initialized with port(s): 8080 (http)
2025-08-06 10:14:50,854 INFO  [main] org.apache.coyote.http11.Http11NioProtocol:log:173 - Initializing ProtocolHandler ["http-nio-8080"]
2025-08-06 10:14:50,855 INFO  [main] org.apache.catalina.core.StandardService:log:173 - Starting service [Tomcat]
2025-08-06 10:14:50,855 INFO  [main] org.apache.catalina.core.StandardEngine:log:173 - Starting Servlet engine: [Apache Tomcat/9.0.65]
2025-08-06 10:14:51,028 INFO  [main] org.apache.jasper.servlet.TldScanner:log:173 - At least one JAR was scanned for TLDs yet contained no TLDs. Enable debug logging for this logger for a complete list of JARs that were scanned but no TLDs were found in them. Skipping unneeded JARs during scanning can improve startup time and JSP compilation time.
2025-08-06 10:14:51,033 INFO  [main] org.apache.catalina.core.ContainerBase.[Tomcat].[localhost].[/]:log:173 - Initializing Spring embedded WebApplicationContext
2025-08-06 10:14:51,033 INFO  [main] org.springframework.boot.web.servlet.context.ServletWebServerApplicationContext:prepareWebApplicationContext:292 - Root WebApplicationContext: initialization completed in 1172 ms
2025-08-06 10:14:51,717 INFO  [main] org.apache.coyote.http11.Http11NioProtocol:log:173 - Starting ProtocolHandler ["http-nio-8080"]
2025-08-06 10:14:51,737 INFO  [main] org.springframework.boot.web.embedded.tomcat.TomcatWebServer:start:220 - Tomcat started on port(s): 8080 (http) with context path ''
2025-08-06 10:14:51,744 INFO  [main] com.example.quiz_project.QuizProjectApplication:logStarted:61 - Started QuizProjectApplication in 2.252 seconds (JVM running for 2.577)
2025-08-06 10:14:55,998 INFO  [http-nio-8080-exec-1] org.apache.catalina.core.ContainerBase.[Tomcat].[localhost].[/]:log:173 - Initializing Spring DispatcherServlet 'dispatcherServlet'
2025-08-06 10:14:55,999 INFO  [http-nio-8080-exec-1] org.springframework.web.servlet.DispatcherServlet:initServletBean:525 - Initializing Servlet 'dispatcherServlet'
2025-08-06 10:14:55,999 INFO  [http-nio-8080-exec-1] org.springframework.web.servlet.DispatcherServlet:initServletBean:547 - Completed initialization in 0 ms
2025-08-06 10:19:27,221 INFO  [main] com.example.quiz_project.QuizProjectApplication:logStarting:55 - Starting QuizProjectApplication using Java 1.8.0_452 on Haneko with PID 14264 (D:\Code_projects\target\classes started by 40108 in D:\Code_projects)
2025-08-06 10:19:27,223 INFO  [main] com.example.quiz_project.QuizProjectApplication:logStartupProfileInfo:634 - No active profile set, falling back to 1 default profile: "default"
2025-08-06 10:19:27,788 INFO  [main] org.springframework.data.repository.config.RepositoryConfigurationDelegate:registerRepositoriesIn:132 - Bootstrapping Spring Data JDBC repositories in DEFAULT mode.
2025-08-06 10:19:27,802 INFO  [main] org.springframework.data.repository.config.RepositoryConfigurationDelegate:registerRepositoriesIn:201 - Finished Spring Data repository scanning in 9 ms. Found 0 JDBC repository interfaces.
2025-08-06 10:19:28,450 INFO  [main] org.springframework.boot.web.embedded.tomcat.TomcatWebServer:initialize:108 - Tomcat initialized with port(s): 8080 (http)
2025-08-06 10:19:28,458 INFO  [main] org.apache.coyote.http11.Http11NioProtocol:log:173 - Initializing ProtocolHandler ["http-nio-8080"]
2025-08-06 10:19:28,458 INFO  [main] org.apache.catalina.core.StandardService:log:173 - Starting service [Tomcat]
2025-08-06 10:19:28,458 INFO  [main] org.apache.catalina.core.StandardEngine:log:173 - Starting Servlet engine: [Apache Tomcat/9.0.65]
2025-08-06 10:19:28,656 INFO  [main] org.apache.jasper.servlet.TldScanner:log:173 - At least one JAR was scanned for TLDs yet contained no TLDs. Enable debug logging for this logger for a complete list of JARs that were scanned but no TLDs were found in them. Skipping unneeded JARs during scanning can improve startup time and JSP compilation time.
2025-08-06 10:19:28,662 INFO  [main] org.apache.catalina.core.ContainerBase.[Tomcat].[localhost].[/]:log:173 - Initializing Spring embedded WebApplicationContext
2025-08-06 10:19:28,662 INFO  [main] org.springframework.boot.web.servlet.context.ServletWebServerApplicationContext:prepareWebApplicationContext:292 - Root WebApplicationContext: initialization completed in 1396 ms
2025-08-06 10:19:29,572 INFO  [main] org.apache.coyote.http11.Http11NioProtocol:log:173 - Starting ProtocolHandler ["http-nio-8080"]
2025-08-06 10:19:29,603 INFO  [main] org.springframework.boot.web.embedded.tomcat.TomcatWebServer:start:220 - Tomcat started on port(s): 8080 (http) with context path ''
2025-08-06 10:19:29,612 INFO  [main] com.example.quiz_project.QuizProjectApplication:logStarted:61 - Started QuizProjectApplication in 3.02 seconds (JVM running for 3.425)
2025-08-06 10:19:34,772 INFO  [http-nio-8080-exec-1] org.apache.catalina.core.ContainerBase.[Tomcat].[localhost].[/]:log:173 - Initializing Spring DispatcherServlet 'dispatcherServlet'
2025-08-06 10:19:34,772 INFO  [http-nio-8080-exec-1] org.springframework.web.servlet.DispatcherServlet:initServletBean:525 - Initializing Servlet 'dispatcherServlet'
2025-08-06 10:19:34,773 INFO  [http-nio-8080-exec-1] org.springframework.web.servlet.DispatcherServlet:initServletBean:547 - Completed initialization in 0 ms
2025-08-06 10:23:19,747 INFO  [main] com.example.quiz_project.QuizProjectApplication:logStarting:55 - Starting QuizProjectApplication using Java 1.8.0_452 on Haneko with PID 20052 (D:\Code_projects\target\classes started by 40108 in D:\Code_projects)
2025-08-06 10:23:19,749 INFO  [main] com.example.quiz_project.QuizProjectApplication:logStartupProfileInfo:634 - No active profile set, falling back to 1 default profile: "default"
2025-08-06 10:23:20,251 INFO  [main] org.springframework.data.repository.config.RepositoryConfigurationDelegate:registerRepositoriesIn:132 - Bootstrapping Spring Data JDBC repositories in DEFAULT mode.
2025-08-06 10:23:20,266 INFO  [main] org.springframework.data.repository.config.RepositoryConfigurationDelegate:registerRepositoriesIn:201 - Finished Spring Data repository scanning in 10 ms. Found 0 JDBC repository interfaces.
2025-08-06 10:23:20,869 INFO  [main] org.springframework.boot.web.embedded.tomcat.TomcatWebServer:initialize:108 - Tomcat initialized with port(s): 8080 (http)
2025-08-06 10:23:20,877 INFO  [main] org.apache.coyote.http11.Http11NioProtocol:log:173 - Initializing ProtocolHandler ["http-nio-8080"]
2025-08-06 10:23:20,878 INFO  [main] org.apache.catalina.core.StandardService:log:173 - Starting service [Tomcat]
2025-08-06 10:23:20,878 INFO  [main] org.apache.catalina.core.StandardEngine:log:173 - Starting Servlet engine: [Apache Tomcat/9.0.65]
2025-08-06 10:23:21,066 INFO  [main] org.apache.jasper.servlet.TldScanner:log:173 - At least one JAR was scanned for TLDs yet contained no TLDs. Enable debug logging for this logger for a complete list of JARs that were scanned but no TLDs were found in them. Skipping unneeded JARs during scanning can improve startup time and JSP compilation time.
2025-08-06 10:23:21,072 INFO  [main] org.apache.catalina.core.ContainerBase.[Tomcat].[localhost].[/]:log:173 - Initializing Spring embedded WebApplicationContext
2025-08-06 10:23:21,072 INFO  [main] org.springframework.boot.web.servlet.context.ServletWebServerApplicationContext:prepareWebApplicationContext:292 - Root WebApplicationContext: initialization completed in 1285 ms
2025-08-06 10:23:21,909 INFO  [main] org.apache.coyote.http11.Http11NioProtocol:log:173 - Starting ProtocolHandler ["http-nio-8080"]
2025-08-06 10:23:21,932 INFO  [main] org.springframework.boot.web.embedded.tomcat.TomcatWebServer:start:220 - Tomcat started on port(s): 8080 (http) with context path ''
2025-08-06 10:23:21,939 INFO  [main] com.example.quiz_project.QuizProjectApplication:logStarted:61 - Started QuizProjectApplication in 2.499 seconds (JVM running for 2.825)
2025-08-06 10:23:29,414 INFO  [http-nio-8080-exec-1] org.apache.catalina.core.ContainerBase.[Tomcat].[localhost].[/]:log:173 - Initializing Spring DispatcherServlet 'dispatcherServlet'
2025-08-06 10:23:29,414 INFO  [http-nio-8080-exec-1] org.springframework.web.servlet.DispatcherServlet:initServletBean:525 - Initializing Servlet 'dispatcherServlet'
2025-08-06 10:23:29,415 INFO  [http-nio-8080-exec-1] org.springframework.web.servlet.DispatcherServlet:initServletBean:547 - Completed initialization in 1 ms
2025-08-06 10:26:00,960 INFO  [main] com.example.quiz_project.QuizProjectApplication:logStarting:55 - Starting QuizProjectApplication using Java 1.8.0_452 on Haneko with PID 19736 (D:\Code_projects\target\classes started by 40108 in D:\Code_projects)
2025-08-06 10:26:00,962 INFO  [main] com.example.quiz_project.QuizProjectApplication:logStartupProfileInfo:634 - No active profile set, falling back to 1 default profile: "default"
2025-08-06 10:26:01,388 INFO  [main] org.springframework.data.repository.config.RepositoryConfigurationDelegate:registerRepositoriesIn:132 - Bootstrapping Spring Data JDBC repositories in DEFAULT mode.
2025-08-06 10:26:01,399 INFO  [main] org.springframework.data.repository.config.RepositoryConfigurationDelegate:registerRepositoriesIn:201 - Finished Spring Data repository scanning in 7 ms. Found 0 JDBC repository interfaces.
2025-08-06 10:26:01,955 INFO  [main] org.springframework.boot.web.embedded.tomcat.TomcatWebServer:initialize:108 - Tomcat initialized with port(s): 8080 (http)
2025-08-06 10:26:01,963 INFO  [main] org.apache.coyote.http11.Http11NioProtocol:log:173 - Initializing ProtocolHandler ["http-nio-8080"]
2025-08-06 10:26:01,963 INFO  [main] org.apache.catalina.core.StandardService:log:173 - Starting service [Tomcat]
2025-08-06 10:26:01,964 INFO  [main] org.apache.catalina.core.StandardEngine:log:173 - Starting Servlet engine: [Apache Tomcat/9.0.65]
2025-08-06 10:26:02,150 INFO  [main] org.apache.jasper.servlet.TldScanner:log:173 - At least one JAR was scanned for TLDs yet contained no TLDs. Enable debug logging for this logger for a complete list of JARs that were scanned but no TLDs were found in them. Skipping unneeded JARs during scanning can improve startup time and JSP compilation time.
2025-08-06 10:26:02,155 INFO  [main] org.apache.catalina.core.ContainerBase.[Tomcat].[localhost].[/]:log:173 - Initializing Spring embedded WebApplicationContext
2025-08-06 10:26:02,156 INFO  [main] org.springframework.boot.web.servlet.context.ServletWebServerApplicationContext:prepareWebApplicationContext:292 - Root WebApplicationContext: initialization completed in 1155 ms
2025-08-06 10:26:02,931 INFO  [main] org.apache.coyote.http11.Http11NioProtocol:log:173 - Starting ProtocolHandler ["http-nio-8080"]
2025-08-06 10:26:02,960 INFO  [main] org.springframework.boot.web.embedded.tomcat.TomcatWebServer:start:220 - Tomcat started on port(s): 8080 (http) with context path ''
2025-08-06 10:26:02,970 INFO  [main] com.example.quiz_project.QuizProjectApplication:logStarted:61 - Started QuizProjectApplication in 2.436 seconds (JVM running for 2.744)
2025-08-06 10:26:07,655 INFO  [http-nio-8080-exec-1] org.apache.catalina.core.ContainerBase.[Tomcat].[localhost].[/]:log:173 - Initializing Spring DispatcherServlet 'dispatcherServlet'
2025-08-06 10:26:07,656 INFO  [http-nio-8080-exec-1] org.springframework.web.servlet.DispatcherServlet:initServletBean:525 - Initializing Servlet 'dispatcherServlet'
2025-08-06 10:26:07,657 INFO  [http-nio-8080-exec-1] org.springframework.web.servlet.DispatcherServlet:initServletBean:547 - Completed initialization in 1 ms
2025-08-06 10:26:10,163 ERROR [http-nio-8080-exec-2] org.apache.catalina.core.ContainerBase.[Tomcat].[localhost].[/].[jsp]:log:175 - Servlet.service() for servlet [jsp] threw exception
javax.el.PropertyNotFoundException: Property [id] not found on type [com.example.quiz_project.domain.Feedback]
	at javax.el.BeanELResolver$BeanProperties.get(BeanELResolver.java:261)
	at javax.el.BeanELResolver$BeanProperties.access$300(BeanELResolver.java:213)
	at javax.el.BeanELResolver.property(BeanELResolver.java:334)
	at javax.el.BeanELResolver.getValue(BeanELResolver.java:95)
	at org.apache.jasper.el.JasperELResolver.getValue(JasperELResolver.java:124)
	at org.apache.el.parser.AstValue.getValue(AstValue.java:168)
	at org.apache.el.ValueExpressionImpl.getValue(ValueExpressionImpl.java:189)
	at org.apache.jasper.runtime.PageContextImpl.proprietaryEvaluate(PageContextImpl.java:692)
	at org.apache.jsp.WEB_002dINF.jsp.admin.adminfeedback_jsp._jspx_meth_c_005fforEach_005f0(adminfeedback_jsp.java:197)
	at org.apache.jsp.WEB_002dINF.jsp.admin.adminfeedback_jsp._jspService(adminfeedback_jsp.java:148)
	at org.apache.jasper.runtime.HttpJspBase.service(HttpJspBase.java:70)
	at javax.servlet.http.HttpServlet.service(HttpServlet.java:764)
	at org.apache.jasper.servlet.JspServletWrapper.service(JspServletWrapper.java:466)
	at org.apache.jasper.servlet.JspServlet.serviceJspFile(JspServlet.java:379)
	at org.apache.jasper.servlet.JspServlet.service(JspServlet.java:327)
	at javax.servlet.http.HttpServlet.service(HttpServlet.java:764)
	at org.apache.catalina.core.ApplicationFilterChain.internalDoFilter(ApplicationFilterChain.java:227)
	at org.apache.catalina.core.ApplicationFilterChain.doFilter(ApplicationFilterChain.java:162)
	at org.apache.tomcat.websocket.server.WsFilter.doFilter(WsFilter.java:53)
	at org.apache.catalina.core.ApplicationFilterChain.internalDoFilter(ApplicationFilterChain.java:189)
	at org.apache.catalina.core.ApplicationFilterChain.doFilter(ApplicationFilterChain.java:162)
	at org.springframework.web.filter.OncePerRequestFilter.doFilter(OncePerRequestFilter.java:111)
	at org.apache.catalina.core.ApplicationFilterChain.internalDoFilter(ApplicationFilterChain.java:189)
	at org.apache.catalina.core.ApplicationFilterChain.doFilter(ApplicationFilterChain.java:162)
	at org.springframework.web.filter.OncePerRequestFilter.doFilter(OncePerRequestFilter.java:111)
	at org.apache.catalina.core.ApplicationFilterChain.internalDoFilter(ApplicationFilterChain.java:189)
	at org.apache.catalina.core.ApplicationFilterChain.doFilter(ApplicationFilterChain.java:162)
	at org.springframework.web.filter.OncePerRequestFilter.doFilter(OncePerRequestFilter.java:111)
	at org.apache.catalina.core.ApplicationFilterChain.internalDoFilter(ApplicationFilterChain.java:189)
	at org.apache.catalina.core.ApplicationFilterChain.doFilter(ApplicationFilterChain.java:162)
	at org.apache.catalina.core.ApplicationDispatcher.invoke(ApplicationDispatcher.java:711)
	at org.apache.catalina.core.ApplicationDispatcher.processRequest(ApplicationDispatcher.java:459)
	at org.apache.catalina.core.ApplicationDispatcher.doForward(ApplicationDispatcher.java:385)
	at org.apache.catalina.core.ApplicationDispatcher.forward(ApplicationDispatcher.java:313)
	at org.springframework.web.servlet.view.InternalResourceView.renderMergedOutputModel(InternalResourceView.java:171)
	at org.springframework.web.servlet.view.AbstractView.render(AbstractView.java:316)
	at org.springframework.web.servlet.DispatcherServlet.render(DispatcherServlet.java:1404)
	at org.springframework.web.servlet.DispatcherServlet.processDispatchResult(DispatcherServlet.java:1148)
	at org.springframework.web.servlet.DispatcherServlet.doDispatch(DispatcherServlet.java:1087)
	at org.springframework.web.servlet.DispatcherServlet.doService(DispatcherServlet.java:963)
	at org.springframework.web.servlet.FrameworkServlet.processRequest(FrameworkServlet.java:1006)
	at org.springframework.web.servlet.FrameworkServlet.doGet(FrameworkServlet.java:898)
	at javax.servlet.http.HttpServlet.service(HttpServlet.java:655)
	at org.springframework.web.servlet.FrameworkServlet.service(FrameworkServlet.java:883)
	at javax.servlet.http.HttpServlet.service(HttpServlet.java:764)
	at org.apache.catalina.core.ApplicationFilterChain.internalDoFilter(ApplicationFilterChain.java:227)
	at org.apache.catalina.core.ApplicationFilterChain.doFilter(ApplicationFilterChain.java:162)
	at org.apache.tomcat.websocket.server.WsFilter.doFilter(WsFilter.java:53)
	at org.apache.catalina.core.ApplicationFilterChain.internalDoFilter(ApplicationFilterChain.java:189)
	at org.apache.catalina.core.ApplicationFilterChain.doFilter(ApplicationFilterChain.java:162)
	at com.example.quiz_project.filter.LoginFilter.doFilterInternal(LoginFilter.java:26)
	at org.springframework.web.filter.OncePerRequestFilter.doFilter(OncePerRequestFilter.java:117)
	at org.apache.catalina.core.ApplicationFilterChain.internalDoFilter(ApplicationFilterChain.java:189)
	at org.apache.catalina.core.ApplicationFilterChain.doFilter(ApplicationFilterChain.java:162)
	at org.springframework.web.filter.RequestContextFilter.doFilterInternal(RequestContextFilter.java:100)
	at org.springframework.web.filter.OncePerRequestFilter.doFilter(OncePerRequestFilter.java:117)
	at org.apache.catalina.core.ApplicationFilterChain.internalDoFilter(ApplicationFilterChain.java:189)
	at org.apache.catalina.core.ApplicationFilterChain.doFilter(ApplicationFilterChain.java:162)
	at org.springframework.web.filter.FormContentFilter.doFilterInternal(FormContentFilter.java:93)
	at org.springframework.web.filter.OncePerRequestFilter.doFilter(OncePerRequestFilter.java:117)
	at org.apache.catalina.core.ApplicationFilterChain.internalDoFilter(ApplicationFilterChain.java:189)
	at org.apache.catalina.core.ApplicationFilterChain.doFilter(ApplicationFilterChain.java:162)
	at org.springframework.web.filter.CharacterEncodingFilter.doFilterInternal(CharacterEncodingFilter.java:201)
	at org.springframework.web.filter.OncePerRequestFilter.doFilter(OncePerRequestFilter.java:117)
	at org.apache.catalina.core.ApplicationFilterChain.internalDoFilter(ApplicationFilterChain.java:189)
	at org.apache.catalina.core.ApplicationFilterChain.doFilter(ApplicationFilterChain.java:162)
	at org.apache.catalina.core.StandardWrapperValve.invoke(StandardWrapperValve.java:197)
	at org.apache.catalina.core.StandardContextValve.invoke(StandardContextValve.java:97)
	at org.apache.catalina.authenticator.AuthenticatorBase.invoke(AuthenticatorBase.java:541)
	at org.apache.catalina.core.StandardHostValve.invoke(StandardHostValve.java:135)
	at org.apache.catalina.valves.ErrorReportValve.invoke(ErrorReportValve.java:92)
	at org.apache.catalina.core.StandardEngineValve.invoke(StandardEngineValve.java:78)
	at org.apache.catalina.connector.CoyoteAdapter.service(CoyoteAdapter.java:360)
	at org.apache.coyote.http11.Http11Processor.service(Http11Processor.java:399)
	at org.apache.coyote.AbstractProcessorLight.process(AbstractProcessorLight.java:65)
	at org.apache.coyote.AbstractProtocol$ConnectionHandler.process(AbstractProtocol.java:890)
	at org.apache.tomcat.util.net.NioEndpoint$SocketProcessor.doRun(NioEndpoint.java:1789)
	at org.apache.tomcat.util.net.SocketProcessorBase.run(SocketProcessorBase.java:49)
	at org.apache.tomcat.util.threads.ThreadPoolExecutor.runWorker(ThreadPoolExecutor.java:1191)
	at org.apache.tomcat.util.threads.ThreadPoolExecutor$Worker.run(ThreadPoolExecutor.java:659)
	at org.apache.tomcat.util.threads.TaskThread$WrappingRunnable.run(TaskThread.java:61)
	at java.lang.Thread.run(Thread.java:750)
2025-08-06 10:26:10,164 ERROR [http-nio-8080-exec-2] org.apache.catalina.core.ContainerBase.[Tomcat].[localhost].[/].[dispatcherServlet]:log:175 - Servlet.service() for servlet [dispatcherServlet] in context with path [] threw exception [javax.el.PropertyNotFoundException: Property [id] not found on type [com.example.quiz_project.domain.Feedback]] with root cause
javax.el.PropertyNotFoundException: Property [id] not found on type [com.example.quiz_project.domain.Feedback]
	at javax.el.BeanELResolver$BeanProperties.get(BeanELResolver.java:261)
	at javax.el.BeanELResolver$BeanProperties.access$300(BeanELResolver.java:213)
	at javax.el.BeanELResolver.property(BeanELResolver.java:334)
	at javax.el.BeanELResolver.getValue(BeanELResolver.java:95)
	at org.apache.jasper.el.JasperELResolver.getValue(JasperELResolver.java:124)
	at org.apache.el.parser.AstValue.getValue(AstValue.java:168)
	at org.apache.el.ValueExpressionImpl.getValue(ValueExpressionImpl.java:189)
	at org.apache.jasper.runtime.PageContextImpl.proprietaryEvaluate(PageContextImpl.java:692)
	at org.apache.jsp.WEB_002dINF.jsp.admin.adminfeedback_jsp._jspx_meth_c_005fforEach_005f0(adminfeedback_jsp.java:197)
	at org.apache.jsp.WEB_002dINF.jsp.admin.adminfeedback_jsp._jspService(adminfeedback_jsp.java:148)
	at org.apache.jasper.runtime.HttpJspBase.service(HttpJspBase.java:70)
	at javax.servlet.http.HttpServlet.service(HttpServlet.java:764)
	at org.apache.jasper.servlet.JspServletWrapper.service(JspServletWrapper.java:466)
	at org.apache.jasper.servlet.JspServlet.serviceJspFile(JspServlet.java:379)
	at org.apache.jasper.servlet.JspServlet.service(JspServlet.java:327)
	at javax.servlet.http.HttpServlet.service(HttpServlet.java:764)
	at org.apache.catalina.core.ApplicationFilterChain.internalDoFilter(ApplicationFilterChain.java:227)
	at org.apache.catalina.core.ApplicationFilterChain.doFilter(ApplicationFilterChain.java:162)
	at org.apache.tomcat.websocket.server.WsFilter.doFilter(WsFilter.java:53)
	at org.apache.catalina.core.ApplicationFilterChain.internalDoFilter(ApplicationFilterChain.java:189)
	at org.apache.catalina.core.ApplicationFilterChain.doFilter(ApplicationFilterChain.java:162)
	at org.springframework.web.filter.OncePerRequestFilter.doFilter(OncePerRequestFilter.java:111)
	at org.apache.catalina.core.ApplicationFilterChain.internalDoFilter(ApplicationFilterChain.java:189)
	at org.apache.catalina.core.ApplicationFilterChain.doFilter(ApplicationFilterChain.java:162)
	at org.springframework.web.filter.OncePerRequestFilter.doFilter(OncePerRequestFilter.java:111)
	at org.apache.catalina.core.ApplicationFilterChain.internalDoFilter(ApplicationFilterChain.java:189)
	at org.apache.catalina.core.ApplicationFilterChain.doFilter(ApplicationFilterChain.java:162)
	at org.springframework.web.filter.OncePerRequestFilter.doFilter(OncePerRequestFilter.java:111)
	at org.apache.catalina.core.ApplicationFilterChain.internalDoFilter(ApplicationFilterChain.java:189)
	at org.apache.catalina.core.ApplicationFilterChain.doFilter(ApplicationFilterChain.java:162)
	at org.apache.catalina.core.ApplicationDispatcher.invoke(ApplicationDispatcher.java:711)
	at org.apache.catalina.core.ApplicationDispatcher.processRequest(ApplicationDispatcher.java:459)
	at org.apache.catalina.core.ApplicationDispatcher.doForward(ApplicationDispatcher.java:385)
	at org.apache.catalina.core.ApplicationDispatcher.forward(ApplicationDispatcher.java:313)
	at org.springframework.web.servlet.view.InternalResourceView.renderMergedOutputModel(InternalResourceView.java:171)
	at org.springframework.web.servlet.view.AbstractView.render(AbstractView.java:316)
	at org.springframework.web.servlet.DispatcherServlet.render(DispatcherServlet.java:1404)
	at org.springframework.web.servlet.DispatcherServlet.processDispatchResult(DispatcherServlet.java:1148)
	at org.springframework.web.servlet.DispatcherServlet.doDispatch(DispatcherServlet.java:1087)
	at org.springframework.web.servlet.DispatcherServlet.doService(DispatcherServlet.java:963)
	at org.springframework.web.servlet.FrameworkServlet.processRequest(FrameworkServlet.java:1006)
	at org.springframework.web.servlet.FrameworkServlet.doGet(FrameworkServlet.java:898)
	at javax.servlet.http.HttpServlet.service(HttpServlet.java:655)
	at org.springframework.web.servlet.FrameworkServlet.service(FrameworkServlet.java:883)
	at javax.servlet.http.HttpServlet.service(HttpServlet.java:764)
	at org.apache.catalina.core.ApplicationFilterChain.internalDoFilter(ApplicationFilterChain.java:227)
	at org.apache.catalina.core.ApplicationFilterChain.doFilter(ApplicationFilterChain.java:162)
	at org.apache.tomcat.websocket.server.WsFilter.doFilter(WsFilter.java:53)
	at org.apache.catalina.core.ApplicationFilterChain.internalDoFilter(ApplicationFilterChain.java:189)
	at org.apache.catalina.core.ApplicationFilterChain.doFilter(ApplicationFilterChain.java:162)
	at com.example.quiz_project.filter.LoginFilter.doFilterInternal(LoginFilter.java:26)
	at org.springframework.web.filter.OncePerRequestFilter.doFilter(OncePerRequestFilter.java:117)
	at org.apache.catalina.core.ApplicationFilterChain.internalDoFilter(ApplicationFilterChain.java:189)
	at org.apache.catalina.core.ApplicationFilterChain.doFilter(ApplicationFilterChain.java:162)
	at org.springframework.web.filter.RequestContextFilter.doFilterInternal(RequestContextFilter.java:100)
	at org.springframework.web.filter.OncePerRequestFilter.doFilter(OncePerRequestFilter.java:117)
	at org.apache.catalina.core.ApplicationFilterChain.internalDoFilter(ApplicationFilterChain.java:189)
	at org.apache.catalina.core.ApplicationFilterChain.doFilter(ApplicationFilterChain.java:162)
	at org.springframework.web.filter.FormContentFilter.doFilterInternal(FormContentFilter.java:93)
	at org.springframework.web.filter.OncePerRequestFilter.doFilter(OncePerRequestFilter.java:117)
	at org.apache.catalina.core.ApplicationFilterChain.internalDoFilter(ApplicationFilterChain.java:189)
	at org.apache.catalina.core.ApplicationFilterChain.doFilter(ApplicationFilterChain.java:162)
	at org.springframework.web.filter.CharacterEncodingFilter.doFilterInternal(CharacterEncodingFilter.java:201)
	at org.springframework.web.filter.OncePerRequestFilter.doFilter(OncePerRequestFilter.java:117)
	at org.apache.catalina.core.ApplicationFilterChain.internalDoFilter(ApplicationFilterChain.java:189)
	at org.apache.catalina.core.ApplicationFilterChain.doFilter(ApplicationFilterChain.java:162)
	at org.apache.catalina.core.StandardWrapperValve.invoke(StandardWrapperValve.java:197)
	at org.apache.catalina.core.StandardContextValve.invoke(StandardContextValve.java:97)
	at org.apache.catalina.authenticator.AuthenticatorBase.invoke(AuthenticatorBase.java:541)
	at org.apache.catalina.core.StandardHostValve.invoke(StandardHostValve.java:135)
	at org.apache.catalina.valves.ErrorReportValve.invoke(ErrorReportValve.java:92)
	at org.apache.catalina.core.StandardEngineValve.invoke(StandardEngineValve.java:78)
	at org.apache.catalina.connector.CoyoteAdapter.service(CoyoteAdapter.java:360)
	at org.apache.coyote.http11.Http11Processor.service(Http11Processor.java:399)
	at org.apache.coyote.AbstractProcessorLight.process(AbstractProcessorLight.java:65)
	at org.apache.coyote.AbstractProtocol$ConnectionHandler.process(AbstractProtocol.java:890)
	at org.apache.tomcat.util.net.NioEndpoint$SocketProcessor.doRun(NioEndpoint.java:1789)
	at org.apache.tomcat.util.net.SocketProcessorBase.run(SocketProcessorBase.java:49)
	at org.apache.tomcat.util.threads.ThreadPoolExecutor.runWorker(ThreadPoolExecutor.java:1191)
	at org.apache.tomcat.util.threads.ThreadPoolExecutor$Worker.run(ThreadPoolExecutor.java:659)
	at org.apache.tomcat.util.threads.TaskThread$WrappingRunnable.run(TaskThread.java:61)
	at java.lang.Thread.run(Thread.java:750)
2025-08-06 10:27:24,166 INFO  [main] com.example.quiz_project.QuizProjectApplication:logStarting:55 - Starting QuizProjectApplication using Java 1.8.0_452 on Haneko with PID 13012 (D:\Code_projects\target\classes started by 40108 in D:\Code_projects)
2025-08-06 10:27:24,168 INFO  [main] com.example.quiz_project.QuizProjectApplication:logStartupProfileInfo:634 - No active profile set, falling back to 1 default profile: "default"
2025-08-06 10:27:24,617 INFO  [main] org.springframework.data.repository.config.RepositoryConfigurationDelegate:registerRepositoriesIn:132 - Bootstrapping Spring Data JDBC repositories in DEFAULT mode.
2025-08-06 10:27:24,629 INFO  [main] org.springframework.data.repository.config.RepositoryConfigurationDelegate:registerRepositoriesIn:201 - Finished Spring Data repository scanning in 8 ms. Found 0 JDBC repository interfaces.
2025-08-06 10:27:25,184 INFO  [main] org.springframework.boot.web.embedded.tomcat.TomcatWebServer:initialize:108 - Tomcat initialized with port(s): 8080 (http)
2025-08-06 10:27:25,192 INFO  [main] org.apache.coyote.http11.Http11NioProtocol:log:173 - Initializing ProtocolHandler ["http-nio-8080"]
2025-08-06 10:27:25,193 INFO  [main] org.apache.catalina.core.StandardService:log:173 - Starting service [Tomcat]
2025-08-06 10:27:25,193 INFO  [main] org.apache.catalina.core.StandardEngine:log:173 - Starting Servlet engine: [Apache Tomcat/9.0.65]
2025-08-06 10:27:25,373 INFO  [main] org.apache.jasper.servlet.TldScanner:log:173 - At least one JAR was scanned for TLDs yet contained no TLDs. Enable debug logging for this logger for a complete list of JARs that were scanned but no TLDs were found in them. Skipping unneeded JARs during scanning can improve startup time and JSP compilation time.
2025-08-06 10:27:25,380 INFO  [main] org.apache.catalina.core.ContainerBase.[Tomcat].[localhost].[/]:log:173 - Initializing Spring embedded WebApplicationContext
2025-08-06 10:27:25,380 INFO  [main] org.springframework.boot.web.servlet.context.ServletWebServerApplicationContext:prepareWebApplicationContext:292 - Root WebApplicationContext: initialization completed in 1176 ms
2025-08-06 10:27:29,909 WARN  [main] org.springframework.boot.web.servlet.context.AnnotationConfigServletWebServerApplicationContext:refresh:591 - Exception encountered during context initialization - cancelling refresh attempt: org.springframework.beans.factory.UnsatisfiedDependencyException: Error creating bean with name 'jdbcMappingContext' defined in class path resource [org/springframework/boot/autoconfigure/data/jdbc/JdbcRepositoriesAutoConfiguration$SpringBootJdbcConfiguration.class]: Unsatisfied dependency expressed through method 'jdbcMappingContext' parameter 1; nested exception is org.springframework.beans.factory.BeanCreationException: Error creating bean with name 'jdbcCustomConversions' defined in class path resource [org/springframework/boot/autoconfigure/data/jdbc/JdbcRepositoriesAutoConfiguration$SpringBootJdbcConfiguration.class]: Bean instantiation via factory method failed; nested exception is org.springframework.beans.BeanInstantiationException: Failed to instantiate [org.springframework.data.jdbc.core.convert.JdbcCustomConversions]: Factory method 'jdbcCustomConversions' threw exception; nested exception is org.springframework.beans.factory.BeanCreationException: Error creating bean with name 'jdbcDialect' defined in class path resource [org/springframework/boot/autoconfigure/data/jdbc/JdbcRepositoriesAutoConfiguration$SpringBootJdbcConfiguration.class]: Bean instantiation via factory method failed; nested exception is org.springframework.beans.BeanInstantiationException: Failed to instantiate [org.springframework.data.relational.core.dialect.Dialect]: Factory method 'jdbcDialect' threw exception; nested exception is org.springframework.jdbc.CannotGetJdbcConnectionException: Failed to obtain JDBC Connection; nested exception is com.mysql.cj.jdbc.exceptions.CommunicationsException: Communications link failure

The last packet sent successfully to the server was 0 milliseconds ago. The driver has not received any packets from the server.
2025-08-06 10:27:29,912 INFO  [main] org.apache.catalina.core.StandardService:log:173 - Stopping service [Tomcat]
2025-08-06 10:27:29,920 INFO  [main] org.springframework.boot.autoconfigure.logging.ConditionEvaluationReportLoggingListener:logMessage:136 - 

Error starting ApplicationContext. To display the conditions report re-run your application with 'debug' enabled.
2025-08-06 10:27:29,937 ERROR [main] org.springframework.boot.SpringApplication:reportFailure:824 - Application run failed
org.springframework.beans.factory.UnsatisfiedDependencyException: Error creating bean with name 'jdbcMappingContext' defined in class path resource [org/springframework/boot/autoconfigure/data/jdbc/JdbcRepositoriesAutoConfiguration$SpringBootJdbcConfiguration.class]: Unsatisfied dependency expressed through method 'jdbcMappingContext' parameter 1; nested exception is org.springframework.beans.factory.BeanCreationException: Error creating bean with name 'jdbcCustomConversions' defined in class path resource [org/springframework/boot/autoconfigure/data/jdbc/JdbcRepositoriesAutoConfiguration$SpringBootJdbcConfiguration.class]: Bean instantiation via factory method failed; nested exception is org.springframework.beans.BeanInstantiationException: Failed to instantiate [org.springframework.data.jdbc.core.convert.JdbcCustomConversions]: Factory method 'jdbcCustomConversions' threw exception; nested exception is org.springframework.beans.factory.BeanCreationException: Error creating bean with name 'jdbcDialect' defined in class path resource [org/springframework/boot/autoconfigure/data/jdbc/JdbcRepositoriesAutoConfiguration$SpringBootJdbcConfiguration.class]: Bean instantiation via factory method failed; nested exception is org.springframework.beans.BeanInstantiationException: Failed to instantiate [org.springframework.data.relational.core.dialect.Dialect]: Factory method 'jdbcDialect' threw exception; nested exception is org.springframework.jdbc.CannotGetJdbcConnectionException: Failed to obtain JDBC Connection; nested exception is com.mysql.cj.jdbc.exceptions.CommunicationsException: Communications link failure

The last packet sent successfully to the server was 0 milliseconds ago. The driver has not received any packets from the server.
	at org.springframework.beans.factory.support.ConstructorResolver.createArgumentArray(ConstructorResolver.java:800)
	at org.springframework.beans.factory.support.ConstructorResolver.instantiateUsingFactoryMethod(ConstructorResolver.java:541)
	at org.springframework.beans.factory.support.AbstractAutowireCapableBeanFactory.instantiateUsingFactoryMethod(AbstractAutowireCapableBeanFactory.java:1352)
	at org.springframework.beans.factory.support.AbstractAutowireCapableBeanFactory.createBeanInstance(AbstractAutowireCapableBeanFactory.java:1195)
	at org.springframework.beans.factory.support.AbstractAutowireCapableBeanFactory.doCreateBean(AbstractAutowireCapableBeanFactory.java:582)
	at org.springframework.beans.factory.support.AbstractAutowireCapableBeanFactory.createBean(AbstractAutowireCapableBeanFactory.java:542)
	at org.springframework.beans.factory.support.AbstractBeanFactory.lambda$doGetBean$0(AbstractBeanFactory.java:335)
	at org.springframework.beans.factory.support.DefaultSingletonBeanRegistry.getSingleton(DefaultSingletonBeanRegistry.java:234)
	at org.springframework.beans.factory.support.AbstractBeanFactory.doGetBean(AbstractBeanFactory.java:333)
	at org.springframework.beans.factory.support.AbstractBeanFactory.getBean(AbstractBeanFactory.java:208)
	at org.springframework.beans.factory.support.DefaultListableBeanFactory.preInstantiateSingletons(DefaultListableBeanFactory.java:955)
	at org.springframework.context.support.AbstractApplicationContext.finishBeanFactoryInitialization(AbstractApplicationContext.java:918)
	at org.springframework.context.support.AbstractApplicationContext.refresh(AbstractApplicationContext.java:583)
	at org.springframework.boot.web.servlet.context.ServletWebServerApplicationContext.refresh(ServletWebServerApplicationContext.java:147)
	at org.springframework.boot.SpringApplication.refresh(SpringApplication.java:734)
	at org.springframework.boot.SpringApplication.refreshContext(SpringApplication.java:408)
	at org.springframework.boot.SpringApplication.run(SpringApplication.java:308)
	at org.springframework.boot.SpringApplication.run(SpringApplication.java:1306)
	at org.springframework.boot.SpringApplication.run(SpringApplication.java:1295)
	at com.example.quiz_project.QuizProjectApplication.main(QuizProjectApplication.java:12)
Caused by: org.springframework.beans.factory.BeanCreationException: Error creating bean with name 'jdbcCustomConversions' defined in class path resource [org/springframework/boot/autoconfigure/data/jdbc/JdbcRepositoriesAutoConfiguration$SpringBootJdbcConfiguration.class]: Bean instantiation via factory method failed; nested exception is org.springframework.beans.BeanInstantiationException: Failed to instantiate [org.springframework.data.jdbc.core.convert.JdbcCustomConversions]: Factory method 'jdbcCustomConversions' threw exception; nested exception is org.springframework.beans.factory.BeanCreationException: Error creating bean with name 'jdbcDialect' defined in class path resource [org/springframework/boot/autoconfigure/data/jdbc/JdbcRepositoriesAutoConfiguration$SpringBootJdbcConfiguration.class]: Bean instantiation via factory method failed; nested exception is org.springframework.beans.BeanInstantiationException: Failed to instantiate [org.springframework.data.relational.core.dialect.Dialect]: Factory method 'jdbcDialect' threw exception; nested exception is org.springframework.jdbc.CannotGetJdbcConnectionException: Failed to obtain JDBC Connection; nested exception is com.mysql.cj.jdbc.exceptions.CommunicationsException: Communications link failure

The last packet sent successfully to the server was 0 milliseconds ago. The driver has not received any packets from the server.
	at org.springframework.beans.factory.support.ConstructorResolver.instantiate(ConstructorResolver.java:658)
	at org.springframework.beans.factory.support.ConstructorResolver.instantiateUsingFactoryMethod(ConstructorResolver.java:486)
	at org.springframework.beans.factory.support.AbstractAutowireCapableBeanFactory.instantiateUsingFactoryMethod(AbstractAutowireCapableBeanFactory.java:1352)
	at org.springframework.beans.factory.support.AbstractAutowireCapableBeanFactory.createBeanInstance(AbstractAutowireCapableBeanFactory.java:1195)
	at org.springframework.beans.factory.support.AbstractAutowireCapableBeanFactory.doCreateBean(AbstractAutowireCapableBeanFactory.java:582)
	at org.springframework.beans.factory.support.AbstractAutowireCapableBeanFactory.createBean(AbstractAutowireCapableBeanFactory.java:542)
	at org.springframework.beans.factory.support.AbstractBeanFactory.lambda$doGetBean$0(AbstractBeanFactory.java:335)
	at org.springframework.beans.factory.support.DefaultSingletonBeanRegistry.getSingleton(DefaultSingletonBeanRegistry.java:234)
	at org.springframework.beans.factory.support.AbstractBeanFactory.doGetBean(AbstractBeanFactory.java:333)
	at org.springframework.beans.factory.support.AbstractBeanFactory.getBean(AbstractBeanFactory.java:208)
	at org.springframework.beans.factory.config.DependencyDescriptor.resolveCandidate(DependencyDescriptor.java:276)
	at org.springframework.beans.factory.support.DefaultListableBeanFactory.doResolveDependency(DefaultListableBeanFactory.java:1391)
	at org.springframework.beans.factory.support.DefaultListableBeanFactory.resolveDependency(DefaultListableBeanFactory.java:1311)
	at org.springframework.beans.factory.support.ConstructorResolver.resolveAutowiredArgument(ConstructorResolver.java:887)
	at org.springframework.beans.factory.support.ConstructorResolver.createArgumentArray(ConstructorResolver.java:791)
	... 19 common frames omitted
Caused by: org.springframework.beans.BeanInstantiationException: Failed to instantiate [org.springframework.data.jdbc.core.convert.JdbcCustomConversions]: Factory method 'jdbcCustomConversions' threw exception; nested exception is org.springframework.beans.factory.BeanCreationException: Error creating bean with name 'jdbcDialect' defined in class path resource [org/springframework/boot/autoconfigure/data/jdbc/JdbcRepositoriesAutoConfiguration$SpringBootJdbcConfiguration.class]: Bean instantiation via factory method failed; nested exception is org.springframework.beans.BeanInstantiationException: Failed to instantiate [org.springframework.data.relational.core.dialect.Dialect]: Factory method 'jdbcDialect' threw exception; nested exception is org.springframework.jdbc.CannotGetJdbcConnectionException: Failed to obtain JDBC Connection; nested exception is com.mysql.cj.jdbc.exceptions.CommunicationsException: Communications link failure

The last packet sent successfully to the server was 0 milliseconds ago. The driver has not received any packets from the server.
	at org.springframework.beans.factory.support.SimpleInstantiationStrategy.instantiate(SimpleInstantiationStrategy.java:185)
	at org.springframework.beans.factory.support.ConstructorResolver.instantiate(ConstructorResolver.java:653)
	... 33 common frames omitted
Caused by: org.springframework.beans.factory.BeanCreationException: Error creating bean with name 'jdbcDialect' defined in class path resource [org/springframework/boot/autoconfigure/data/jdbc/JdbcRepositoriesAutoConfiguration$SpringBootJdbcConfiguration.class]: Bean instantiation via factory method failed; nested exception is org.springframework.beans.BeanInstantiationException: Failed to instantiate [org.springframework.data.relational.core.dialect.Dialect]: Factory method 'jdbcDialect' threw exception; nested exception is org.springframework.jdbc.CannotGetJdbcConnectionException: Failed to obtain JDBC Connection; nested exception is com.mysql.cj.jdbc.exceptions.CommunicationsException: Communications link failure

The last packet sent successfully to the server was 0 milliseconds ago. The driver has not received any packets from the server.
	at org.springframework.beans.factory.support.ConstructorResolver.instantiate(ConstructorResolver.java:658)
	at org.springframework.beans.factory.support.ConstructorResolver.instantiateUsingFactoryMethod(ConstructorResolver.java:638)
	at org.springframework.beans.factory.support.AbstractAutowireCapableBeanFactory.instantiateUsingFactoryMethod(AbstractAutowireCapableBeanFactory.java:1352)
	at org.springframework.beans.factory.support.AbstractAutowireCapableBeanFactory.createBeanInstance(AbstractAutowireCapableBeanFactory.java:1195)
	at org.springframework.beans.factory.support.AbstractAutowireCapableBeanFactory.doCreateBean(AbstractAutowireCapableBeanFactory.java:582)
	at org.springframework.beans.factory.support.AbstractAutowireCapableBeanFactory.createBean(AbstractAutowireCapableBeanFactory.java:542)
	at org.springframework.beans.factory.support.AbstractBeanFactory.lambda$doGetBean$0(AbstractBeanFactory.java:335)
	at org.springframework.beans.factory.support.DefaultSingletonBeanRegistry.getSingleton(DefaultSingletonBeanRegistry.java:234)
	at org.springframework.beans.factory.support.AbstractBeanFactory.doGetBean(AbstractBeanFactory.java:333)
	at org.springframework.beans.factory.support.AbstractBeanFactory.getBean(AbstractBeanFactory.java:233)
	at org.springframework.beans.factory.support.DefaultListableBeanFactory.resolveNamedBean(DefaultListableBeanFactory.java:1284)
	at org.springframework.beans.factory.support.DefaultListableBeanFactory.resolveNamedBean(DefaultListableBeanFactory.java:1245)
	at org.springframework.beans.factory.support.DefaultListableBeanFactory.resolveBean(DefaultListableBeanFactory.java:494)
	at org.springframework.beans.factory.support.DefaultListableBeanFactory.getBean(DefaultListableBeanFactory.java:349)
	at org.springframework.beans.factory.support.DefaultListableBeanFactory.getBean(DefaultListableBeanFactory.java:342)
	at org.springframework.context.support.AbstractApplicationContext.getBean(AbstractApplicationContext.java:1172)
	at org.springframework.data.jdbc.repository.config.AbstractJdbcConfiguration.jdbcCustomConversions(AbstractJdbcConfiguration.java:117)
	at sun.reflect.NativeMethodAccessorImpl.invoke0(Native Method)
	at sun.reflect.NativeMethodAccessorImpl.invoke(NativeMethodAccessorImpl.java:62)
	at sun.reflect.DelegatingMethodAccessorImpl.invoke(DelegatingMethodAccessorImpl.java:43)
	at java.lang.reflect.Method.invoke(Method.java:498)
	at org.springframework.beans.factory.support.SimpleInstantiationStrategy.instantiate(SimpleInstantiationStrategy.java:154)
	... 34 common frames omitted
Caused by: org.springframework.beans.BeanInstantiationException: Failed to instantiate [org.springframework.data.relational.core.dialect.Dialect]: Factory method 'jdbcDialect' threw exception; nested exception is org.springframework.jdbc.CannotGetJdbcConnectionException: Failed to obtain JDBC Connection; nested exception is com.mysql.cj.jdbc.exceptions.CommunicationsException: Communications link failure

The last packet sent successfully to the server was 0 milliseconds ago. The driver has not received any packets from the server.
	at org.springframework.beans.factory.support.SimpleInstantiationStrategy.instantiate(SimpleInstantiationStrategy.java:185)
	at org.springframework.beans.factory.support.ConstructorResolver.instantiate(ConstructorResolver.java:653)
	... 55 common frames omitted
Caused by: org.springframework.jdbc.CannotGetJdbcConnectionException: Failed to obtain JDBC Connection; nested exception is com.mysql.cj.jdbc.exceptions.CommunicationsException: Communications link failure

The last packet sent successfully to the server was 0 milliseconds ago. The driver has not received any packets from the server.
	at org.springframework.jdbc.datasource.DataSourceUtils.getConnection(DataSourceUtils.java:83)
	at org.springframework.jdbc.core.JdbcTemplate.execute(JdbcTemplate.java:330)
	at org.springframework.data.jdbc.repository.config.DialectResolver$DefaultDialectProvider.getDialect(DialectResolver.java:108)
	at org.springframework.data.jdbc.repository.config.DialectResolver.lambda$getDialect$0(DialectResolver.java:78)
	at java.util.stream.ReferencePipeline$3$1.accept(ReferencePipeline.java:193)
	at java.util.ArrayList$ArrayListSpliterator.tryAdvance(ArrayList.java:1361)
	at java.util.stream.ReferencePipeline.forEachWithCancel(ReferencePipeline.java:126)
	at java.util.stream.AbstractPipeline.copyIntoWithCancel(AbstractPipeline.java:499)
	at java.util.stream.AbstractPipeline.copyInto(AbstractPipeline.java:486)
	at java.util.stream.AbstractPipeline.wrapAndCopyInto(AbstractPipeline.java:472)
	at java.util.stream.FindOps$FindOp.evaluateSequential(FindOps.java:152)
	at java.util.stream.AbstractPipeline.evaluate(AbstractPipeline.java:234)
	at java.util.stream.ReferencePipeline.findFirst(ReferencePipeline.java:531)
	at org.springframework.data.jdbc.repository.config.DialectResolver.getDialect(DialectResolver.java:80)
	at org.springframework.data.jdbc.repository.config.AbstractJdbcConfiguration.jdbcDialect(AbstractJdbcConfiguration.java:186)
	at sun.reflect.NativeMethodAccessorImpl.invoke0(Native Method)
	at sun.reflect.NativeMethodAccessorImpl.invoke(NativeMethodAccessorImpl.java:62)
	at sun.reflect.DelegatingMethodAccessorImpl.invoke(DelegatingMethodAccessorImpl.java:43)
	at java.lang.reflect.Method.invoke(Method.java:498)
	at org.springframework.beans.factory.support.SimpleInstantiationStrategy.instantiate(SimpleInstantiationStrategy.java:154)
	... 56 common frames omitted
Caused by: com.mysql.cj.jdbc.exceptions.CommunicationsException: Communications link failure

The last packet sent successfully to the server was 0 milliseconds ago. The driver has not received any packets from the server.
	at com.mysql.cj.jdbc.exceptions.SQLError.createCommunicationsException(SQLError.java:174)
	at com.mysql.cj.jdbc.exceptions.SQLExceptionsMapping.translateException(SQLExceptionsMapping.java:64)
	at com.mysql.cj.jdbc.ConnectionImpl.createNewIO(ConnectionImpl.java:828)
	at com.mysql.cj.jdbc.ConnectionImpl.<init>(ConnectionImpl.java:448)
	at com.mysql.cj.jdbc.ConnectionImpl.getInstance(ConnectionImpl.java:241)
	at com.mysql.cj.jdbc.NonRegisteringDriver.connect(NonRegisteringDriver.java:198)
	at java.sql.DriverManager.getConnection(DriverManager.java:664)
	at java.sql.DriverManager.getConnection(DriverManager.java:208)
	at org.springframework.jdbc.datasource.DriverManagerDataSource.getConnectionFromDriverManager(DriverManagerDataSource.java:155)
	at org.springframework.jdbc.datasource.DriverManagerDataSource.getConnectionFromDriver(DriverManagerDataSource.java:146)
	at org.springframework.jdbc.datasource.AbstractDriverBasedDataSource.getConnectionFromDriver(AbstractDriverBasedDataSource.java:205)
	at org.springframework.jdbc.datasource.AbstractDriverBasedDataSource.getConnection(AbstractDriverBasedDataSource.java:169)
	at org.springframework.jdbc.datasource.DataSourceUtils.fetchConnection(DataSourceUtils.java:159)
	at org.springframework.jdbc.datasource.DataSourceUtils.doGetConnection(DataSourceUtils.java:117)
	at org.springframework.jdbc.datasource.DataSourceUtils.getConnection(DataSourceUtils.java:80)
	... 75 common frames omitted
Caused by: com.mysql.cj.exceptions.CJCommunicationsException: Communications link failure

The last packet sent successfully to the server was 0 milliseconds ago. The driver has not received any packets from the server.
	at sun.reflect.NativeConstructorAccessorImpl.newInstance0(Native Method)
	at sun.reflect.NativeConstructorAccessorImpl.newInstance(NativeConstructorAccessorImpl.java:62)
	at sun.reflect.DelegatingConstructorAccessorImpl.newInstance(DelegatingConstructorAccessorImpl.java:45)
	at java.lang.reflect.Constructor.newInstance(Constructor.java:423)
	at com.mysql.cj.exceptions.ExceptionFactory.createException(ExceptionFactory.java:61)
	at com.mysql.cj.exceptions.ExceptionFactory.createException(ExceptionFactory.java:105)
	at com.mysql.cj.exceptions.ExceptionFactory.createException(ExceptionFactory.java:151)
	at com.mysql.cj.exceptions.ExceptionFactory.createCommunicationsException(ExceptionFactory.java:167)
	at com.mysql.cj.protocol.a.NativeSocketConnection.connect(NativeSocketConnection.java:89)
	at com.mysql.cj.NativeSession.connect(NativeSession.java:120)
	at com.mysql.cj.jdbc.ConnectionImpl.connectOneTryOnly(ConnectionImpl.java:948)
	at com.mysql.cj.jdbc.ConnectionImpl.createNewIO(ConnectionImpl.java:818)
	... 87 common frames omitted
Caused by: java.net.ConnectException: Connection refused: connect
	at java.net.DualStackPlainSocketImpl.connect0(Native Method)
	at java.net.DualStackPlainSocketImpl.socketConnect(DualStackPlainSocketImpl.java:79)
	at java.net.AbstractPlainSocketImpl.doConnect(AbstractPlainSocketImpl.java:350)
	at java.net.AbstractPlainSocketImpl.connectToAddress(AbstractPlainSocketImpl.java:206)
	at java.net.AbstractPlainSocketImpl.connect(AbstractPlainSocketImpl.java:188)
	at java.net.PlainSocketImpl.connect(PlainSocketImpl.java:172)
	at java.net.SocksSocketImpl.connect(SocksSocketImpl.java:392)
	at java.net.Socket.connect(Socket.java:607)
	at com.mysql.cj.protocol.StandardSocketFactory.connect(StandardSocketFactory.java:153)
	at com.mysql.cj.protocol.a.NativeSocketConnection.connect(NativeSocketConnection.java:63)
	... 90 common frames omitted
2025-08-06 10:27:43,772 INFO  [main] com.example.quiz_project.QuizProjectApplication:logStarting:55 - Starting QuizProjectApplication using Java 1.8.0_452 on Haneko with PID 10004 (D:\Code_projects\target\classes started by 40108 in D:\Code_projects)
2025-08-06 10:27:43,774 INFO  [main] com.example.quiz_project.QuizProjectApplication:logStartupProfileInfo:634 - No active profile set, falling back to 1 default profile: "default"
2025-08-06 10:27:44,214 INFO  [main] org.springframework.data.repository.config.RepositoryConfigurationDelegate:registerRepositoriesIn:132 - Bootstrapping Spring Data JDBC repositories in DEFAULT mode.
2025-08-06 10:27:44,225 INFO  [main] org.springframework.data.repository.config.RepositoryConfigurationDelegate:registerRepositoriesIn:201 - Finished Spring Data repository scanning in 7 ms. Found 0 JDBC repository interfaces.
2025-08-06 10:27:44,741 INFO  [main] org.springframework.boot.web.embedded.tomcat.TomcatWebServer:initialize:108 - Tomcat initialized with port(s): 8080 (http)
2025-08-06 10:27:44,748 INFO  [main] org.apache.coyote.http11.Http11NioProtocol:log:173 - Initializing ProtocolHandler ["http-nio-8080"]
2025-08-06 10:27:44,749 INFO  [main] org.apache.catalina.core.StandardService:log:173 - Starting service [Tomcat]
2025-08-06 10:27:44,749 INFO  [main] org.apache.catalina.core.StandardEngine:log:173 - Starting Servlet engine: [Apache Tomcat/9.0.65]
2025-08-06 10:27:44,921 INFO  [main] org.apache.jasper.servlet.TldScanner:log:173 - At least one JAR was scanned for TLDs yet contained no TLDs. Enable debug logging for this logger for a complete list of JARs that were scanned but no TLDs were found in them. Skipping unneeded JARs during scanning can improve startup time and JSP compilation time.
2025-08-06 10:27:44,926 INFO  [main] org.apache.catalina.core.ContainerBase.[Tomcat].[localhost].[/]:log:173 - Initializing Spring embedded WebApplicationContext
2025-08-06 10:27:44,926 INFO  [main] org.springframework.boot.web.servlet.context.ServletWebServerApplicationContext:prepareWebApplicationContext:292 - Root WebApplicationContext: initialization completed in 1119 ms
2025-08-06 10:27:49,391 WARN  [main] org.springframework.boot.web.servlet.context.AnnotationConfigServletWebServerApplicationContext:refresh:591 - Exception encountered during context initialization - cancelling refresh attempt: org.springframework.beans.factory.UnsatisfiedDependencyException: Error creating bean with name 'jdbcMappingContext' defined in class path resource [org/springframework/boot/autoconfigure/data/jdbc/JdbcRepositoriesAutoConfiguration$SpringBootJdbcConfiguration.class]: Unsatisfied dependency expressed through method 'jdbcMappingContext' parameter 1; nested exception is org.springframework.beans.factory.BeanCreationException: Error creating bean with name 'jdbcCustomConversions' defined in class path resource [org/springframework/boot/autoconfigure/data/jdbc/JdbcRepositoriesAutoConfiguration$SpringBootJdbcConfiguration.class]: Bean instantiation via factory method failed; nested exception is org.springframework.beans.BeanInstantiationException: Failed to instantiate [org.springframework.data.jdbc.core.convert.JdbcCustomConversions]: Factory method 'jdbcCustomConversions' threw exception; nested exception is org.springframework.beans.factory.BeanCreationException: Error creating bean with name 'jdbcDialect' defined in class path resource [org/springframework/boot/autoconfigure/data/jdbc/JdbcRepositoriesAutoConfiguration$SpringBootJdbcConfiguration.class]: Bean instantiation via factory method failed; nested exception is org.springframework.beans.BeanInstantiationException: Failed to instantiate [org.springframework.data.relational.core.dialect.Dialect]: Factory method 'jdbcDialect' threw exception; nested exception is org.springframework.jdbc.CannotGetJdbcConnectionException: Failed to obtain JDBC Connection; nested exception is com.mysql.cj.jdbc.exceptions.CommunicationsException: Communications link failure

The last packet sent successfully to the server was 0 milliseconds ago. The driver has not received any packets from the server.
2025-08-06 10:27:49,393 INFO  [main] org.apache.catalina.core.StandardService:log:173 - Stopping service [Tomcat]
2025-08-06 10:27:49,400 INFO  [main] org.springframework.boot.autoconfigure.logging.ConditionEvaluationReportLoggingListener:logMessage:136 - 

Error starting ApplicationContext. To display the conditions report re-run your application with 'debug' enabled.
2025-08-06 10:27:49,413 ERROR [main] org.springframework.boot.SpringApplication:reportFailure:824 - Application run failed
org.springframework.beans.factory.UnsatisfiedDependencyException: Error creating bean with name 'jdbcMappingContext' defined in class path resource [org/springframework/boot/autoconfigure/data/jdbc/JdbcRepositoriesAutoConfiguration$SpringBootJdbcConfiguration.class]: Unsatisfied dependency expressed through method 'jdbcMappingContext' parameter 1; nested exception is org.springframework.beans.factory.BeanCreationException: Error creating bean with name 'jdbcCustomConversions' defined in class path resource [org/springframework/boot/autoconfigure/data/jdbc/JdbcRepositoriesAutoConfiguration$SpringBootJdbcConfiguration.class]: Bean instantiation via factory method failed; nested exception is org.springframework.beans.BeanInstantiationException: Failed to instantiate [org.springframework.data.jdbc.core.convert.JdbcCustomConversions]: Factory method 'jdbcCustomConversions' threw exception; nested exception is org.springframework.beans.factory.BeanCreationException: Error creating bean with name 'jdbcDialect' defined in class path resource [org/springframework/boot/autoconfigure/data/jdbc/JdbcRepositoriesAutoConfiguration$SpringBootJdbcConfiguration.class]: Bean instantiation via factory method failed; nested exception is org.springframework.beans.BeanInstantiationException: Failed to instantiate [org.springframework.data.relational.core.dialect.Dialect]: Factory method 'jdbcDialect' threw exception; nested exception is org.springframework.jdbc.CannotGetJdbcConnectionException: Failed to obtain JDBC Connection; nested exception is com.mysql.cj.jdbc.exceptions.CommunicationsException: Communications link failure

The last packet sent successfully to the server was 0 milliseconds ago. The driver has not received any packets from the server.
	at org.springframework.beans.factory.support.ConstructorResolver.createArgumentArray(ConstructorResolver.java:800)
	at org.springframework.beans.factory.support.ConstructorResolver.instantiateUsingFactoryMethod(ConstructorResolver.java:541)
	at org.springframework.beans.factory.support.AbstractAutowireCapableBeanFactory.instantiateUsingFactoryMethod(AbstractAutowireCapableBeanFactory.java:1352)
	at org.springframework.beans.factory.support.AbstractAutowireCapableBeanFactory.createBeanInstance(AbstractAutowireCapableBeanFactory.java:1195)
	at org.springframework.beans.factory.support.AbstractAutowireCapableBeanFactory.doCreateBean(AbstractAutowireCapableBeanFactory.java:582)
	at org.springframework.beans.factory.support.AbstractAutowireCapableBeanFactory.createBean(AbstractAutowireCapableBeanFactory.java:542)
	at org.springframework.beans.factory.support.AbstractBeanFactory.lambda$doGetBean$0(AbstractBeanFactory.java:335)
	at org.springframework.beans.factory.support.DefaultSingletonBeanRegistry.getSingleton(DefaultSingletonBeanRegistry.java:234)
	at org.springframework.beans.factory.support.AbstractBeanFactory.doGetBean(AbstractBeanFactory.java:333)
	at org.springframework.beans.factory.support.AbstractBeanFactory.getBean(AbstractBeanFactory.java:208)
	at org.springframework.beans.factory.support.DefaultListableBeanFactory.preInstantiateSingletons(DefaultListableBeanFactory.java:955)
	at org.springframework.context.support.AbstractApplicationContext.finishBeanFactoryInitialization(AbstractApplicationContext.java:918)
	at org.springframework.context.support.AbstractApplicationContext.refresh(AbstractApplicationContext.java:583)
	at org.springframework.boot.web.servlet.context.ServletWebServerApplicationContext.refresh(ServletWebServerApplicationContext.java:147)
	at org.springframework.boot.SpringApplication.refresh(SpringApplication.java:734)
	at org.springframework.boot.SpringApplication.refreshContext(SpringApplication.java:408)
	at org.springframework.boot.SpringApplication.run(SpringApplication.java:308)
	at org.springframework.boot.SpringApplication.run(SpringApplication.java:1306)
	at org.springframework.boot.SpringApplication.run(SpringApplication.java:1295)
	at com.example.quiz_project.QuizProjectApplication.main(QuizProjectApplication.java:12)
Caused by: org.springframework.beans.factory.BeanCreationException: Error creating bean with name 'jdbcCustomConversions' defined in class path resource [org/springframework/boot/autoconfigure/data/jdbc/JdbcRepositoriesAutoConfiguration$SpringBootJdbcConfiguration.class]: Bean instantiation via factory method failed; nested exception is org.springframework.beans.BeanInstantiationException: Failed to instantiate [org.springframework.data.jdbc.core.convert.JdbcCustomConversions]: Factory method 'jdbcCustomConversions' threw exception; nested exception is org.springframework.beans.factory.BeanCreationException: Error creating bean with name 'jdbcDialect' defined in class path resource [org/springframework/boot/autoconfigure/data/jdbc/JdbcRepositoriesAutoConfiguration$SpringBootJdbcConfiguration.class]: Bean instantiation via factory method failed; nested exception is org.springframework.beans.BeanInstantiationException: Failed to instantiate [org.springframework.data.relational.core.dialect.Dialect]: Factory method 'jdbcDialect' threw exception; nested exception is org.springframework.jdbc.CannotGetJdbcConnectionException: Failed to obtain JDBC Connection; nested exception is com.mysql.cj.jdbc.exceptions.CommunicationsException: Communications link failure

The last packet sent successfully to the server was 0 milliseconds ago. The driver has not received any packets from the server.
	at org.springframework.beans.factory.support.ConstructorResolver.instantiate(ConstructorResolver.java:658)
	at org.springframework.beans.factory.support.ConstructorResolver.instantiateUsingFactoryMethod(ConstructorResolver.java:486)
	at org.springframework.beans.factory.support.AbstractAutowireCapableBeanFactory.instantiateUsingFactoryMethod(AbstractAutowireCapableBeanFactory.java:1352)
	at org.springframework.beans.factory.support.AbstractAutowireCapableBeanFactory.createBeanInstance(AbstractAutowireCapableBeanFactory.java:1195)
	at org.springframework.beans.factory.support.AbstractAutowireCapableBeanFactory.doCreateBean(AbstractAutowireCapableBeanFactory.java:582)
	at org.springframework.beans.factory.support.AbstractAutowireCapableBeanFactory.createBean(AbstractAutowireCapableBeanFactory.java:542)
	at org.springframework.beans.factory.support.AbstractBeanFactory.lambda$doGetBean$0(AbstractBeanFactory.java:335)
	at org.springframework.beans.factory.support.DefaultSingletonBeanRegistry.getSingleton(DefaultSingletonBeanRegistry.java:234)
	at org.springframework.beans.factory.support.AbstractBeanFactory.doGetBean(AbstractBeanFactory.java:333)
	at org.springframework.beans.factory.support.AbstractBeanFactory.getBean(AbstractBeanFactory.java:208)
	at org.springframework.beans.factory.config.DependencyDescriptor.resolveCandidate(DependencyDescriptor.java:276)
	at org.springframework.beans.factory.support.DefaultListableBeanFactory.doResolveDependency(DefaultListableBeanFactory.java:1391)
	at org.springframework.beans.factory.support.DefaultListableBeanFactory.resolveDependency(DefaultListableBeanFactory.java:1311)
	at org.springframework.beans.factory.support.ConstructorResolver.resolveAutowiredArgument(ConstructorResolver.java:887)
	at org.springframework.beans.factory.support.ConstructorResolver.createArgumentArray(ConstructorResolver.java:791)
	... 19 common frames omitted
Caused by: org.springframework.beans.BeanInstantiationException: Failed to instantiate [org.springframework.data.jdbc.core.convert.JdbcCustomConversions]: Factory method 'jdbcCustomConversions' threw exception; nested exception is org.springframework.beans.factory.BeanCreationException: Error creating bean with name 'jdbcDialect' defined in class path resource [org/springframework/boot/autoconfigure/data/jdbc/JdbcRepositoriesAutoConfiguration$SpringBootJdbcConfiguration.class]: Bean instantiation via factory method failed; nested exception is org.springframework.beans.BeanInstantiationException: Failed to instantiate [org.springframework.data.relational.core.dialect.Dialect]: Factory method 'jdbcDialect' threw exception; nested exception is org.springframework.jdbc.CannotGetJdbcConnectionException: Failed to obtain JDBC Connection; nested exception is com.mysql.cj.jdbc.exceptions.CommunicationsException: Communications link failure

The last packet sent successfully to the server was 0 milliseconds ago. The driver has not received any packets from the server.
	at org.springframework.beans.factory.support.SimpleInstantiationStrategy.instantiate(SimpleInstantiationStrategy.java:185)
	at org.springframework.beans.factory.support.ConstructorResolver.instantiate(ConstructorResolver.java:653)
	... 33 common frames omitted
Caused by: org.springframework.beans.factory.BeanCreationException: Error creating bean with name 'jdbcDialect' defined in class path resource [org/springframework/boot/autoconfigure/data/jdbc/JdbcRepositoriesAutoConfiguration$SpringBootJdbcConfiguration.class]: Bean instantiation via factory method failed; nested exception is org.springframework.beans.BeanInstantiationException: Failed to instantiate [org.springframework.data.relational.core.dialect.Dialect]: Factory method 'jdbcDialect' threw exception; nested exception is org.springframework.jdbc.CannotGetJdbcConnectionException: Failed to obtain JDBC Connection; nested exception is com.mysql.cj.jdbc.exceptions.CommunicationsException: Communications link failure

The last packet sent successfully to the server was 0 milliseconds ago. The driver has not received any packets from the server.
	at org.springframework.beans.factory.support.ConstructorResolver.instantiate(ConstructorResolver.java:658)
	at org.springframework.beans.factory.support.ConstructorResolver.instantiateUsingFactoryMethod(ConstructorResolver.java:638)
	at org.springframework.beans.factory.support.AbstractAutowireCapableBeanFactory.instantiateUsingFactoryMethod(AbstractAutowireCapableBeanFactory.java:1352)
	at org.springframework.beans.factory.support.AbstractAutowireCapableBeanFactory.createBeanInstance(AbstractAutowireCapableBeanFactory.java:1195)
	at org.springframework.beans.factory.support.AbstractAutowireCapableBeanFactory.doCreateBean(AbstractAutowireCapableBeanFactory.java:582)
	at org.springframework.beans.factory.support.AbstractAutowireCapableBeanFactory.createBean(AbstractAutowireCapableBeanFactory.java:542)
	at org.springframework.beans.factory.support.AbstractBeanFactory.lambda$doGetBean$0(AbstractBeanFactory.java:335)
	at org.springframework.beans.factory.support.DefaultSingletonBeanRegistry.getSingleton(DefaultSingletonBeanRegistry.java:234)
	at org.springframework.beans.factory.support.AbstractBeanFactory.doGetBean(AbstractBeanFactory.java:333)
	at org.springframework.beans.factory.support.AbstractBeanFactory.getBean(AbstractBeanFactory.java:233)
	at org.springframework.beans.factory.support.DefaultListableBeanFactory.resolveNamedBean(DefaultListableBeanFactory.java:1284)
	at org.springframework.beans.factory.support.DefaultListableBeanFactory.resolveNamedBean(DefaultListableBeanFactory.java:1245)
	at org.springframework.beans.factory.support.DefaultListableBeanFactory.resolveBean(DefaultListableBeanFactory.java:494)
	at org.springframework.beans.factory.support.DefaultListableBeanFactory.getBean(DefaultListableBeanFactory.java:349)
	at org.springframework.beans.factory.support.DefaultListableBeanFactory.getBean(DefaultListableBeanFactory.java:342)
	at org.springframework.context.support.AbstractApplicationContext.getBean(AbstractApplicationContext.java:1172)
	at org.springframework.data.jdbc.repository.config.AbstractJdbcConfiguration.jdbcCustomConversions(AbstractJdbcConfiguration.java:117)
	at sun.reflect.NativeMethodAccessorImpl.invoke0(Native Method)
	at sun.reflect.NativeMethodAccessorImpl.invoke(NativeMethodAccessorImpl.java:62)
	at sun.reflect.DelegatingMethodAccessorImpl.invoke(DelegatingMethodAccessorImpl.java:43)
	at java.lang.reflect.Method.invoke(Method.java:498)
	at org.springframework.beans.factory.support.SimpleInstantiationStrategy.instantiate(SimpleInstantiationStrategy.java:154)
	... 34 common frames omitted
Caused by: org.springframework.beans.BeanInstantiationException: Failed to instantiate [org.springframework.data.relational.core.dialect.Dialect]: Factory method 'jdbcDialect' threw exception; nested exception is org.springframework.jdbc.CannotGetJdbcConnectionException: Failed to obtain JDBC Connection; nested exception is com.mysql.cj.jdbc.exceptions.CommunicationsException: Communications link failure

The last packet sent successfully to the server was 0 milliseconds ago. The driver has not received any packets from the server.
	at org.springframework.beans.factory.support.SimpleInstantiationStrategy.instantiate(SimpleInstantiationStrategy.java:185)
	at org.springframework.beans.factory.support.ConstructorResolver.instantiate(ConstructorResolver.java:653)
	... 55 common frames omitted
Caused by: org.springframework.jdbc.CannotGetJdbcConnectionException: Failed to obtain JDBC Connection; nested exception is com.mysql.cj.jdbc.exceptions.CommunicationsException: Communications link failure

The last packet sent successfully to the server was 0 milliseconds ago. The driver has not received any packets from the server.
	at org.springframework.jdbc.datasource.DataSourceUtils.getConnection(DataSourceUtils.java:83)
	at org.springframework.jdbc.core.JdbcTemplate.execute(JdbcTemplate.java:330)
	at org.springframework.data.jdbc.repository.config.DialectResolver$DefaultDialectProvider.getDialect(DialectResolver.java:108)
	at org.springframework.data.jdbc.repository.config.DialectResolver.lambda$getDialect$0(DialectResolver.java:78)
	at java.util.stream.ReferencePipeline$3$1.accept(ReferencePipeline.java:193)
	at java.util.ArrayList$ArrayListSpliterator.tryAdvance(ArrayList.java:1361)
	at java.util.stream.ReferencePipeline.forEachWithCancel(ReferencePipeline.java:126)
	at java.util.stream.AbstractPipeline.copyIntoWithCancel(AbstractPipeline.java:499)
	at java.util.stream.AbstractPipeline.copyInto(AbstractPipeline.java:486)
	at java.util.stream.AbstractPipeline.wrapAndCopyInto(AbstractPipeline.java:472)
	at java.util.stream.FindOps$FindOp.evaluateSequential(FindOps.java:152)
	at java.util.stream.AbstractPipeline.evaluate(AbstractPipeline.java:234)
	at java.util.stream.ReferencePipeline.findFirst(ReferencePipeline.java:531)
	at org.springframework.data.jdbc.repository.config.DialectResolver.getDialect(DialectResolver.java:80)
	at org.springframework.data.jdbc.repository.config.AbstractJdbcConfiguration.jdbcDialect(AbstractJdbcConfiguration.java:186)
	at sun.reflect.NativeMethodAccessorImpl.invoke0(Native Method)
	at sun.reflect.NativeMethodAccessorImpl.invoke(NativeMethodAccessorImpl.java:62)
	at sun.reflect.DelegatingMethodAccessorImpl.invoke(DelegatingMethodAccessorImpl.java:43)
	at java.lang.reflect.Method.invoke(Method.java:498)
	at org.springframework.beans.factory.support.SimpleInstantiationStrategy.instantiate(SimpleInstantiationStrategy.java:154)
	... 56 common frames omitted
Caused by: com.mysql.cj.jdbc.exceptions.CommunicationsException: Communications link failure

The last packet sent successfully to the server was 0 milliseconds ago. The driver has not received any packets from the server.
	at com.mysql.cj.jdbc.exceptions.SQLError.createCommunicationsException(SQLError.java:174)
	at com.mysql.cj.jdbc.exceptions.SQLExceptionsMapping.translateException(SQLExceptionsMapping.java:64)
	at com.mysql.cj.jdbc.ConnectionImpl.createNewIO(ConnectionImpl.java:828)
	at com.mysql.cj.jdbc.ConnectionImpl.<init>(ConnectionImpl.java:448)
	at com.mysql.cj.jdbc.ConnectionImpl.getInstance(ConnectionImpl.java:241)
	at com.mysql.cj.jdbc.NonRegisteringDriver.connect(NonRegisteringDriver.java:198)
	at java.sql.DriverManager.getConnection(DriverManager.java:664)
	at java.sql.DriverManager.getConnection(DriverManager.java:208)
	at org.springframework.jdbc.datasource.DriverManagerDataSource.getConnectionFromDriverManager(DriverManagerDataSource.java:155)
	at org.springframework.jdbc.datasource.DriverManagerDataSource.getConnectionFromDriver(DriverManagerDataSource.java:146)
	at org.springframework.jdbc.datasource.AbstractDriverBasedDataSource.getConnectionFromDriver(AbstractDriverBasedDataSource.java:205)
	at org.springframework.jdbc.datasource.AbstractDriverBasedDataSource.getConnection(AbstractDriverBasedDataSource.java:169)
	at org.springframework.jdbc.datasource.DataSourceUtils.fetchConnection(DataSourceUtils.java:159)
	at org.springframework.jdbc.datasource.DataSourceUtils.doGetConnection(DataSourceUtils.java:117)
	at org.springframework.jdbc.datasource.DataSourceUtils.getConnection(DataSourceUtils.java:80)
	... 75 common frames omitted
Caused by: com.mysql.cj.exceptions.CJCommunicationsException: Communications link failure

The last packet sent successfully to the server was 0 milliseconds ago. The driver has not received any packets from the server.
	at sun.reflect.NativeConstructorAccessorImpl.newInstance0(Native Method)
	at sun.reflect.NativeConstructorAccessorImpl.newInstance(NativeConstructorAccessorImpl.java:62)
	at sun.reflect.DelegatingConstructorAccessorImpl.newInstance(DelegatingConstructorAccessorImpl.java:45)
	at java.lang.reflect.Constructor.newInstance(Constructor.java:423)
	at com.mysql.cj.exceptions.ExceptionFactory.createException(ExceptionFactory.java:61)
	at com.mysql.cj.exceptions.ExceptionFactory.createException(ExceptionFactory.java:105)
	at com.mysql.cj.exceptions.ExceptionFactory.createException(ExceptionFactory.java:151)
	at com.mysql.cj.exceptions.ExceptionFactory.createCommunicationsException(ExceptionFactory.java:167)
	at com.mysql.cj.protocol.a.NativeSocketConnection.connect(NativeSocketConnection.java:89)
	at com.mysql.cj.NativeSession.connect(NativeSession.java:120)
	at com.mysql.cj.jdbc.ConnectionImpl.connectOneTryOnly(ConnectionImpl.java:948)
	at com.mysql.cj.jdbc.ConnectionImpl.createNewIO(ConnectionImpl.java:818)
	... 87 common frames omitted
Caused by: java.net.ConnectException: Connection refused: connect
	at java.net.DualStackPlainSocketImpl.connect0(Native Method)
	at java.net.DualStackPlainSocketImpl.socketConnect(DualStackPlainSocketImpl.java:79)
	at java.net.AbstractPlainSocketImpl.doConnect(AbstractPlainSocketImpl.java:350)
	at java.net.AbstractPlainSocketImpl.connectToAddress(AbstractPlainSocketImpl.java:206)
	at java.net.AbstractPlainSocketImpl.connect(AbstractPlainSocketImpl.java:188)
	at java.net.PlainSocketImpl.connect(PlainSocketImpl.java:172)
	at java.net.SocksSocketImpl.connect(SocksSocketImpl.java:392)
	at java.net.Socket.connect(Socket.java:607)
	at com.mysql.cj.protocol.StandardSocketFactory.connect(StandardSocketFactory.java:153)
	at com.mysql.cj.protocol.a.NativeSocketConnection.connect(NativeSocketConnection.java:63)
	... 90 common frames omitted
2025-08-06 10:28:12,716 INFO  [main] com.example.quiz_project.QuizProjectApplication:logStarting:55 - Starting QuizProjectApplication using Java 1.8.0_452 on Haneko with PID 9848 (D:\Code_projects\target\classes started by 40108 in D:\Code_projects)
2025-08-06 10:28:12,718 INFO  [main] com.example.quiz_project.QuizProjectApplication:logStartupProfileInfo:634 - No active profile set, falling back to 1 default profile: "default"
2025-08-06 10:28:13,157 INFO  [main] org.springframework.data.repository.config.RepositoryConfigurationDelegate:registerRepositoriesIn:132 - Bootstrapping Spring Data JDBC repositories in DEFAULT mode.
2025-08-06 10:28:13,168 INFO  [main] org.springframework.data.repository.config.RepositoryConfigurationDelegate:registerRepositoriesIn:201 - Finished Spring Data repository scanning in 8 ms. Found 0 JDBC repository interfaces.
2025-08-06 10:28:13,762 INFO  [main] org.springframework.boot.web.embedded.tomcat.TomcatWebServer:initialize:108 - Tomcat initialized with port(s): 8080 (http)
2025-08-06 10:28:13,770 INFO  [main] org.apache.coyote.http11.Http11NioProtocol:log:173 - Initializing ProtocolHandler ["http-nio-8080"]
2025-08-06 10:28:13,770 INFO  [main] org.apache.catalina.core.StandardService:log:173 - Starting service [Tomcat]
2025-08-06 10:28:13,770 INFO  [main] org.apache.catalina.core.StandardEngine:log:173 - Starting Servlet engine: [Apache Tomcat/9.0.65]
2025-08-06 10:28:13,966 INFO  [main] org.apache.jasper.servlet.TldScanner:log:173 - At least one JAR was scanned for TLDs yet contained no TLDs. Enable debug logging for this logger for a complete list of JARs that were scanned but no TLDs were found in them. Skipping unneeded JARs during scanning can improve startup time and JSP compilation time.
2025-08-06 10:28:13,973 INFO  [main] org.apache.catalina.core.ContainerBase.[Tomcat].[localhost].[/]:log:173 - Initializing Spring embedded WebApplicationContext
2025-08-06 10:28:13,973 INFO  [main] org.springframework.boot.web.servlet.context.ServletWebServerApplicationContext:prepareWebApplicationContext:292 - Root WebApplicationContext: initialization completed in 1216 ms
2025-08-06 10:28:18,481 WARN  [main] org.springframework.boot.web.servlet.context.AnnotationConfigServletWebServerApplicationContext:refresh:591 - Exception encountered during context initialization - cancelling refresh attempt: org.springframework.beans.factory.UnsatisfiedDependencyException: Error creating bean with name 'jdbcMappingContext' defined in class path resource [org/springframework/boot/autoconfigure/data/jdbc/JdbcRepositoriesAutoConfiguration$SpringBootJdbcConfiguration.class]: Unsatisfied dependency expressed through method 'jdbcMappingContext' parameter 1; nested exception is org.springframework.beans.factory.BeanCreationException: Error creating bean with name 'jdbcCustomConversions' defined in class path resource [org/springframework/boot/autoconfigure/data/jdbc/JdbcRepositoriesAutoConfiguration$SpringBootJdbcConfiguration.class]: Bean instantiation via factory method failed; nested exception is org.springframework.beans.BeanInstantiationException: Failed to instantiate [org.springframework.data.jdbc.core.convert.JdbcCustomConversions]: Factory method 'jdbcCustomConversions' threw exception; nested exception is org.springframework.beans.factory.BeanCreationException: Error creating bean with name 'jdbcDialect' defined in class path resource [org/springframework/boot/autoconfigure/data/jdbc/JdbcRepositoriesAutoConfiguration$SpringBootJdbcConfiguration.class]: Bean instantiation via factory method failed; nested exception is org.springframework.beans.BeanInstantiationException: Failed to instantiate [org.springframework.data.relational.core.dialect.Dialect]: Factory method 'jdbcDialect' threw exception; nested exception is org.springframework.jdbc.CannotGetJdbcConnectionException: Failed to obtain JDBC Connection; nested exception is com.mysql.cj.jdbc.exceptions.CommunicationsException: Communications link failure

The last packet sent successfully to the server was 0 milliseconds ago. The driver has not received any packets from the server.
2025-08-06 10:28:18,483 INFO  [main] org.apache.catalina.core.StandardService:log:173 - Stopping service [Tomcat]
2025-08-06 10:28:18,490 INFO  [main] org.springframework.boot.autoconfigure.logging.ConditionEvaluationReportLoggingListener:logMessage:136 - 

Error starting ApplicationContext. To display the conditions report re-run your application with 'debug' enabled.
2025-08-06 10:28:18,503 ERROR [main] org.springframework.boot.SpringApplication:reportFailure:824 - Application run failed
org.springframework.beans.factory.UnsatisfiedDependencyException: Error creating bean with name 'jdbcMappingContext' defined in class path resource [org/springframework/boot/autoconfigure/data/jdbc/JdbcRepositoriesAutoConfiguration$SpringBootJdbcConfiguration.class]: Unsatisfied dependency expressed through method 'jdbcMappingContext' parameter 1; nested exception is org.springframework.beans.factory.BeanCreationException: Error creating bean with name 'jdbcCustomConversions' defined in class path resource [org/springframework/boot/autoconfigure/data/jdbc/JdbcRepositoriesAutoConfiguration$SpringBootJdbcConfiguration.class]: Bean instantiation via factory method failed; nested exception is org.springframework.beans.BeanInstantiationException: Failed to instantiate [org.springframework.data.jdbc.core.convert.JdbcCustomConversions]: Factory method 'jdbcCustomConversions' threw exception; nested exception is org.springframework.beans.factory.BeanCreationException: Error creating bean with name 'jdbcDialect' defined in class path resource [org/springframework/boot/autoconfigure/data/jdbc/JdbcRepositoriesAutoConfiguration$SpringBootJdbcConfiguration.class]: Bean instantiation via factory method failed; nested exception is org.springframework.beans.BeanInstantiationException: Failed to instantiate [org.springframework.data.relational.core.dialect.Dialect]: Factory method 'jdbcDialect' threw exception; nested exception is org.springframework.jdbc.CannotGetJdbcConnectionException: Failed to obtain JDBC Connection; nested exception is com.mysql.cj.jdbc.exceptions.CommunicationsException: Communications link failure

The last packet sent successfully to the server was 0 milliseconds ago. The driver has not received any packets from the server.
	at org.springframework.beans.factory.support.ConstructorResolver.createArgumentArray(ConstructorResolver.java:800)
	at org.springframework.beans.factory.support.ConstructorResolver.instantiateUsingFactoryMethod(ConstructorResolver.java:541)
	at org.springframework.beans.factory.support.AbstractAutowireCapableBeanFactory.instantiateUsingFactoryMethod(AbstractAutowireCapableBeanFactory.java:1352)
	at org.springframework.beans.factory.support.AbstractAutowireCapableBeanFactory.createBeanInstance(AbstractAutowireCapableBeanFactory.java:1195)
	at org.springframework.beans.factory.support.AbstractAutowireCapableBeanFactory.doCreateBean(AbstractAutowireCapableBeanFactory.java:582)
	at org.springframework.beans.factory.support.AbstractAutowireCapableBeanFactory.createBean(AbstractAutowireCapableBeanFactory.java:542)
	at org.springframework.beans.factory.support.AbstractBeanFactory.lambda$doGetBean$0(AbstractBeanFactory.java:335)
	at org.springframework.beans.factory.support.DefaultSingletonBeanRegistry.getSingleton(DefaultSingletonBeanRegistry.java:234)
	at org.springframework.beans.factory.support.AbstractBeanFactory.doGetBean(AbstractBeanFactory.java:333)
	at org.springframework.beans.factory.support.AbstractBeanFactory.getBean(AbstractBeanFactory.java:208)
	at org.springframework.beans.factory.support.DefaultListableBeanFactory.preInstantiateSingletons(DefaultListableBeanFactory.java:955)
	at org.springframework.context.support.AbstractApplicationContext.finishBeanFactoryInitialization(AbstractApplicationContext.java:918)
	at org.springframework.context.support.AbstractApplicationContext.refresh(AbstractApplicationContext.java:583)
	at org.springframework.boot.web.servlet.context.ServletWebServerApplicationContext.refresh(ServletWebServerApplicationContext.java:147)
	at org.springframework.boot.SpringApplication.refresh(SpringApplication.java:734)
	at org.springframework.boot.SpringApplication.refreshContext(SpringApplication.java:408)
	at org.springframework.boot.SpringApplication.run(SpringApplication.java:308)
	at org.springframework.boot.SpringApplication.run(SpringApplication.java:1306)
	at org.springframework.boot.SpringApplication.run(SpringApplication.java:1295)
	at com.example.quiz_project.QuizProjectApplication.main(QuizProjectApplication.java:12)
Caused by: org.springframework.beans.factory.BeanCreationException: Error creating bean with name 'jdbcCustomConversions' defined in class path resource [org/springframework/boot/autoconfigure/data/jdbc/JdbcRepositoriesAutoConfiguration$SpringBootJdbcConfiguration.class]: Bean instantiation via factory method failed; nested exception is org.springframework.beans.BeanInstantiationException: Failed to instantiate [org.springframework.data.jdbc.core.convert.JdbcCustomConversions]: Factory method 'jdbcCustomConversions' threw exception; nested exception is org.springframework.beans.factory.BeanCreationException: Error creating bean with name 'jdbcDialect' defined in class path resource [org/springframework/boot/autoconfigure/data/jdbc/JdbcRepositoriesAutoConfiguration$SpringBootJdbcConfiguration.class]: Bean instantiation via factory method failed; nested exception is org.springframework.beans.BeanInstantiationException: Failed to instantiate [org.springframework.data.relational.core.dialect.Dialect]: Factory method 'jdbcDialect' threw exception; nested exception is org.springframework.jdbc.CannotGetJdbcConnectionException: Failed to obtain JDBC Connection; nested exception is com.mysql.cj.jdbc.exceptions.CommunicationsException: Communications link failure

The last packet sent successfully to the server was 0 milliseconds ago. The driver has not received any packets from the server.
	at org.springframework.beans.factory.support.ConstructorResolver.instantiate(ConstructorResolver.java:658)
	at org.springframework.beans.factory.support.ConstructorResolver.instantiateUsingFactoryMethod(ConstructorResolver.java:486)
	at org.springframework.beans.factory.support.AbstractAutowireCapableBeanFactory.instantiateUsingFactoryMethod(AbstractAutowireCapableBeanFactory.java:1352)
	at org.springframework.beans.factory.support.AbstractAutowireCapableBeanFactory.createBeanInstance(AbstractAutowireCapableBeanFactory.java:1195)
	at org.springframework.beans.factory.support.AbstractAutowireCapableBeanFactory.doCreateBean(AbstractAutowireCapableBeanFactory.java:582)
	at org.springframework.beans.factory.support.AbstractAutowireCapableBeanFactory.createBean(AbstractAutowireCapableBeanFactory.java:542)
	at org.springframework.beans.factory.support.AbstractBeanFactory.lambda$doGetBean$0(AbstractBeanFactory.java:335)
	at org.springframework.beans.factory.support.DefaultSingletonBeanRegistry.getSingleton(DefaultSingletonBeanRegistry.java:234)
	at org.springframework.beans.factory.support.AbstractBeanFactory.doGetBean(AbstractBeanFactory.java:333)
	at org.springframework.beans.factory.support.AbstractBeanFactory.getBean(AbstractBeanFactory.java:208)
	at org.springframework.beans.factory.config.DependencyDescriptor.resolveCandidate(DependencyDescriptor.java:276)
	at org.springframework.beans.factory.support.DefaultListableBeanFactory.doResolveDependency(DefaultListableBeanFactory.java:1391)
	at org.springframework.beans.factory.support.DefaultListableBeanFactory.resolveDependency(DefaultListableBeanFactory.java:1311)
	at org.springframework.beans.factory.support.ConstructorResolver.resolveAutowiredArgument(ConstructorResolver.java:887)
	at org.springframework.beans.factory.support.ConstructorResolver.createArgumentArray(ConstructorResolver.java:791)
	... 19 common frames omitted
Caused by: org.springframework.beans.BeanInstantiationException: Failed to instantiate [org.springframework.data.jdbc.core.convert.JdbcCustomConversions]: Factory method 'jdbcCustomConversions' threw exception; nested exception is org.springframework.beans.factory.BeanCreationException: Error creating bean with name 'jdbcDialect' defined in class path resource [org/springframework/boot/autoconfigure/data/jdbc/JdbcRepositoriesAutoConfiguration$SpringBootJdbcConfiguration.class]: Bean instantiation via factory method failed; nested exception is org.springframework.beans.BeanInstantiationException: Failed to instantiate [org.springframework.data.relational.core.dialect.Dialect]: Factory method 'jdbcDialect' threw exception; nested exception is org.springframework.jdbc.CannotGetJdbcConnectionException: Failed to obtain JDBC Connection; nested exception is com.mysql.cj.jdbc.exceptions.CommunicationsException: Communications link failure

The last packet sent successfully to the server was 0 milliseconds ago. The driver has not received any packets from the server.
	at org.springframework.beans.factory.support.SimpleInstantiationStrategy.instantiate(SimpleInstantiationStrategy.java:185)
	at org.springframework.beans.factory.support.ConstructorResolver.instantiate(ConstructorResolver.java:653)
	... 33 common frames omitted
Caused by: org.springframework.beans.factory.BeanCreationException: Error creating bean with name 'jdbcDialect' defined in class path resource [org/springframework/boot/autoconfigure/data/jdbc/JdbcRepositoriesAutoConfiguration$SpringBootJdbcConfiguration.class]: Bean instantiation via factory method failed; nested exception is org.springframework.beans.BeanInstantiationException: Failed to instantiate [org.springframework.data.relational.core.dialect.Dialect]: Factory method 'jdbcDialect' threw exception; nested exception is org.springframework.jdbc.CannotGetJdbcConnectionException: Failed to obtain JDBC Connection; nested exception is com.mysql.cj.jdbc.exceptions.CommunicationsException: Communications link failure

The last packet sent successfully to the server was 0 milliseconds ago. The driver has not received any packets from the server.
	at org.springframework.beans.factory.support.ConstructorResolver.instantiate(ConstructorResolver.java:658)
	at org.springframework.beans.factory.support.ConstructorResolver.instantiateUsingFactoryMethod(ConstructorResolver.java:638)
	at org.springframework.beans.factory.support.AbstractAutowireCapableBeanFactory.instantiateUsingFactoryMethod(AbstractAutowireCapableBeanFactory.java:1352)
	at org.springframework.beans.factory.support.AbstractAutowireCapableBeanFactory.createBeanInstance(AbstractAutowireCapableBeanFactory.java:1195)
	at org.springframework.beans.factory.support.AbstractAutowireCapableBeanFactory.doCreateBean(AbstractAutowireCapableBeanFactory.java:582)
	at org.springframework.beans.factory.support.AbstractAutowireCapableBeanFactory.createBean(AbstractAutowireCapableBeanFactory.java:542)
	at org.springframework.beans.factory.support.AbstractBeanFactory.lambda$doGetBean$0(AbstractBeanFactory.java:335)
	at org.springframework.beans.factory.support.DefaultSingletonBeanRegistry.getSingleton(DefaultSingletonBeanRegistry.java:234)
	at org.springframework.beans.factory.support.AbstractBeanFactory.doGetBean(AbstractBeanFactory.java:333)
	at org.springframework.beans.factory.support.AbstractBeanFactory.getBean(AbstractBeanFactory.java:233)
	at org.springframework.beans.factory.support.DefaultListableBeanFactory.resolveNamedBean(DefaultListableBeanFactory.java:1284)
	at org.springframework.beans.factory.support.DefaultListableBeanFactory.resolveNamedBean(DefaultListableBeanFactory.java:1245)
	at org.springframework.beans.factory.support.DefaultListableBeanFactory.resolveBean(DefaultListableBeanFactory.java:494)
	at org.springframework.beans.factory.support.DefaultListableBeanFactory.getBean(DefaultListableBeanFactory.java:349)
	at org.springframework.beans.factory.support.DefaultListableBeanFactory.getBean(DefaultListableBeanFactory.java:342)
	at org.springframework.context.support.AbstractApplicationContext.getBean(AbstractApplicationContext.java:1172)
	at org.springframework.data.jdbc.repository.config.AbstractJdbcConfiguration.jdbcCustomConversions(AbstractJdbcConfiguration.java:117)
	at sun.reflect.NativeMethodAccessorImpl.invoke0(Native Method)
	at sun.reflect.NativeMethodAccessorImpl.invoke(NativeMethodAccessorImpl.java:62)
	at sun.reflect.DelegatingMethodAccessorImpl.invoke(DelegatingMethodAccessorImpl.java:43)
	at java.lang.reflect.Method.invoke(Method.java:498)
	at org.springframework.beans.factory.support.SimpleInstantiationStrategy.instantiate(SimpleInstantiationStrategy.java:154)
	... 34 common frames omitted
Caused by: org.springframework.beans.BeanInstantiationException: Failed to instantiate [org.springframework.data.relational.core.dialect.Dialect]: Factory method 'jdbcDialect' threw exception; nested exception is org.springframework.jdbc.CannotGetJdbcConnectionException: Failed to obtain JDBC Connection; nested exception is com.mysql.cj.jdbc.exceptions.CommunicationsException: Communications link failure

The last packet sent successfully to the server was 0 milliseconds ago. The driver has not received any packets from the server.
	at org.springframework.beans.factory.support.SimpleInstantiationStrategy.instantiate(SimpleInstantiationStrategy.java:185)
	at org.springframework.beans.factory.support.ConstructorResolver.instantiate(ConstructorResolver.java:653)
	... 55 common frames omitted
Caused by: org.springframework.jdbc.CannotGetJdbcConnectionException: Failed to obtain JDBC Connection; nested exception is com.mysql.cj.jdbc.exceptions.CommunicationsException: Communications link failure

The last packet sent successfully to the server was 0 milliseconds ago. The driver has not received any packets from the server.
	at org.springframework.jdbc.datasource.DataSourceUtils.getConnection(DataSourceUtils.java:83)
	at org.springframework.jdbc.core.JdbcTemplate.execute(JdbcTemplate.java:330)
	at org.springframework.data.jdbc.repository.config.DialectResolver$DefaultDialectProvider.getDialect(DialectResolver.java:108)
	at org.springframework.data.jdbc.repository.config.DialectResolver.lambda$getDialect$0(DialectResolver.java:78)
	at java.util.stream.ReferencePipeline$3$1.accept(ReferencePipeline.java:193)
	at java.util.ArrayList$ArrayListSpliterator.tryAdvance(ArrayList.java:1361)
	at java.util.stream.ReferencePipeline.forEachWithCancel(ReferencePipeline.java:126)
	at java.util.stream.AbstractPipeline.copyIntoWithCancel(AbstractPipeline.java:499)
	at java.util.stream.AbstractPipeline.copyInto(AbstractPipeline.java:486)
	at java.util.stream.AbstractPipeline.wrapAndCopyInto(AbstractPipeline.java:472)
	at java.util.stream.FindOps$FindOp.evaluateSequential(FindOps.java:152)
	at java.util.stream.AbstractPipeline.evaluate(AbstractPipeline.java:234)
	at java.util.stream.ReferencePipeline.findFirst(ReferencePipeline.java:531)
	at org.springframework.data.jdbc.repository.config.DialectResolver.getDialect(DialectResolver.java:80)
	at org.springframework.data.jdbc.repository.config.AbstractJdbcConfiguration.jdbcDialect(AbstractJdbcConfiguration.java:186)
	at sun.reflect.NativeMethodAccessorImpl.invoke0(Native Method)
	at sun.reflect.NativeMethodAccessorImpl.invoke(NativeMethodAccessorImpl.java:62)
	at sun.reflect.DelegatingMethodAccessorImpl.invoke(DelegatingMethodAccessorImpl.java:43)
	at java.lang.reflect.Method.invoke(Method.java:498)
	at org.springframework.beans.factory.support.SimpleInstantiationStrategy.instantiate(SimpleInstantiationStrategy.java:154)
	... 56 common frames omitted
Caused by: com.mysql.cj.jdbc.exceptions.CommunicationsException: Communications link failure

The last packet sent successfully to the server was 0 milliseconds ago. The driver has not received any packets from the server.
	at com.mysql.cj.jdbc.exceptions.SQLError.createCommunicationsException(SQLError.java:174)
	at com.mysql.cj.jdbc.exceptions.SQLExceptionsMapping.translateException(SQLExceptionsMapping.java:64)
	at com.mysql.cj.jdbc.ConnectionImpl.createNewIO(ConnectionImpl.java:828)
	at com.mysql.cj.jdbc.ConnectionImpl.<init>(ConnectionImpl.java:448)
	at com.mysql.cj.jdbc.ConnectionImpl.getInstance(ConnectionImpl.java:241)
	at com.mysql.cj.jdbc.NonRegisteringDriver.connect(NonRegisteringDriver.java:198)
	at java.sql.DriverManager.getConnection(DriverManager.java:664)
	at java.sql.DriverManager.getConnection(DriverManager.java:208)
	at org.springframework.jdbc.datasource.DriverManagerDataSource.getConnectionFromDriverManager(DriverManagerDataSource.java:155)
	at org.springframework.jdbc.datasource.DriverManagerDataSource.getConnectionFromDriver(DriverManagerDataSource.java:146)
	at org.springframework.jdbc.datasource.AbstractDriverBasedDataSource.getConnectionFromDriver(AbstractDriverBasedDataSource.java:205)
	at org.springframework.jdbc.datasource.AbstractDriverBasedDataSource.getConnection(AbstractDriverBasedDataSource.java:169)
	at org.springframework.jdbc.datasource.DataSourceUtils.fetchConnection(DataSourceUtils.java:159)
	at org.springframework.jdbc.datasource.DataSourceUtils.doGetConnection(DataSourceUtils.java:117)
	at org.springframework.jdbc.datasource.DataSourceUtils.getConnection(DataSourceUtils.java:80)
	... 75 common frames omitted
Caused by: com.mysql.cj.exceptions.CJCommunicationsException: Communications link failure

The last packet sent successfully to the server was 0 milliseconds ago. The driver has not received any packets from the server.
	at sun.reflect.NativeConstructorAccessorImpl.newInstance0(Native Method)
	at sun.reflect.NativeConstructorAccessorImpl.newInstance(NativeConstructorAccessorImpl.java:62)
	at sun.reflect.DelegatingConstructorAccessorImpl.newInstance(DelegatingConstructorAccessorImpl.java:45)
	at java.lang.reflect.Constructor.newInstance(Constructor.java:423)
	at com.mysql.cj.exceptions.ExceptionFactory.createException(ExceptionFactory.java:61)
	at com.mysql.cj.exceptions.ExceptionFactory.createException(ExceptionFactory.java:105)
	at com.mysql.cj.exceptions.ExceptionFactory.createException(ExceptionFactory.java:151)
	at com.mysql.cj.exceptions.ExceptionFactory.createCommunicationsException(ExceptionFactory.java:167)
	at com.mysql.cj.protocol.a.NativeSocketConnection.connect(NativeSocketConnection.java:89)
	at com.mysql.cj.NativeSession.connect(NativeSession.java:120)
	at com.mysql.cj.jdbc.ConnectionImpl.connectOneTryOnly(ConnectionImpl.java:948)
	at com.mysql.cj.jdbc.ConnectionImpl.createNewIO(ConnectionImpl.java:818)
	... 87 common frames omitted
Caused by: java.net.ConnectException: Connection refused: connect
	at java.net.DualStackPlainSocketImpl.connect0(Native Method)
	at java.net.DualStackPlainSocketImpl.socketConnect(DualStackPlainSocketImpl.java:79)
	at java.net.AbstractPlainSocketImpl.doConnect(AbstractPlainSocketImpl.java:350)
	at java.net.AbstractPlainSocketImpl.connectToAddress(AbstractPlainSocketImpl.java:206)
	at java.net.AbstractPlainSocketImpl.connect(AbstractPlainSocketImpl.java:188)
	at java.net.PlainSocketImpl.connect(PlainSocketImpl.java:172)
	at java.net.SocksSocketImpl.connect(SocksSocketImpl.java:392)
	at java.net.Socket.connect(Socket.java:607)
	at com.mysql.cj.protocol.StandardSocketFactory.connect(StandardSocketFactory.java:153)
	at com.mysql.cj.protocol.a.NativeSocketConnection.connect(NativeSocketConnection.java:63)
	... 90 common frames omitted
2025-08-06 10:32:48,003 INFO  [main] com.example.quiz_project.QuizProjectApplication:logStarting:55 - Starting QuizProjectApplication using Java 1.8.0_452 on Haneko with PID 18844 (D:\Code_projects\target\classes started by 40108 in D:\Code_projects)
2025-08-06 10:32:48,007 INFO  [main] com.example.quiz_project.QuizProjectApplication:logStartupProfileInfo:634 - No active profile set, falling back to 1 default profile: "default"
2025-08-06 10:32:48,807 INFO  [main] org.springframework.data.repository.config.RepositoryConfigurationDelegate:registerRepositoriesIn:132 - Bootstrapping Spring Data JDBC repositories in DEFAULT mode.
2025-08-06 10:32:48,824 INFO  [main] org.springframework.data.repository.config.RepositoryConfigurationDelegate:registerRepositoriesIn:201 - Finished Spring Data repository scanning in 10 ms. Found 0 JDBC repository interfaces.
2025-08-06 10:32:49,458 INFO  [main] org.springframework.boot.web.embedded.tomcat.TomcatWebServer:initialize:108 - Tomcat initialized with port(s): 8080 (http)
2025-08-06 10:32:49,470 INFO  [main] org.apache.coyote.http11.Http11NioProtocol:log:173 - Initializing ProtocolHandler ["http-nio-8080"]
2025-08-06 10:32:49,471 INFO  [main] org.apache.catalina.core.StandardService:log:173 - Starting service [Tomcat]
2025-08-06 10:32:49,471 INFO  [main] org.apache.catalina.core.StandardEngine:log:173 - Starting Servlet engine: [Apache Tomcat/9.0.65]
2025-08-06 10:32:50,305 INFO  [main] org.apache.jasper.servlet.TldScanner:log:173 - At least one JAR was scanned for TLDs yet contained no TLDs. Enable debug logging for this logger for a complete list of JARs that were scanned but no TLDs were found in them. Skipping unneeded JARs during scanning can improve startup time and JSP compilation time.
2025-08-06 10:32:50,310 INFO  [main] org.apache.catalina.core.ContainerBase.[Tomcat].[localhost].[/]:log:173 - Initializing Spring embedded WebApplicationContext
2025-08-06 10:32:50,310 INFO  [main] org.springframework.boot.web.servlet.context.ServletWebServerApplicationContext:prepareWebApplicationContext:292 - Root WebApplicationContext: initialization completed in 2248 ms
2025-08-06 10:32:51,457 INFO  [main] org.apache.coyote.http11.Http11NioProtocol:log:173 - Starting ProtocolHandler ["http-nio-8080"]
2025-08-06 10:32:51,483 INFO  [main] org.springframework.boot.web.embedded.tomcat.TomcatWebServer:start:220 - Tomcat started on port(s): 8080 (http) with context path ''
2025-08-06 10:32:51,490 INFO  [main] com.example.quiz_project.QuizProjectApplication:logStarted:61 - Started QuizProjectApplication in 3.98 seconds (JVM running for 7.296)
2025-08-06 10:32:51,790 INFO  [http-nio-8080-exec-1] org.apache.catalina.core.ContainerBase.[Tomcat].[localhost].[/]:log:173 - Initializing Spring DispatcherServlet 'dispatcherServlet'
2025-08-06 10:32:51,790 INFO  [http-nio-8080-exec-1] org.springframework.web.servlet.DispatcherServlet:initServletBean:525 - Initializing Servlet 'dispatcherServlet'
2025-08-06 10:32:51,791 INFO  [http-nio-8080-exec-1] org.springframework.web.servlet.DispatcherServlet:initServletBean:547 - Completed initialization in 1 ms
2025-08-06 10:32:54,862 ERROR [http-nio-8080-exec-8] org.apache.catalina.core.ContainerBase.[Tomcat].[localhost].[/].[jsp]:log:175 - Servlet.service() for servlet [jsp] threw exception
javax.el.PropertyNotFoundException: Property [id] not found on type [com.example.quiz_project.domain.Feedback]
	at javax.el.BeanELResolver$BeanProperties.get(BeanELResolver.java:261)
	at javax.el.BeanELResolver$BeanProperties.access$300(BeanELResolver.java:213)
	at javax.el.BeanELResolver.property(BeanELResolver.java:334)
	at javax.el.BeanELResolver.getValue(BeanELResolver.java:95)
	at org.apache.jasper.el.JasperELResolver.getValue(JasperELResolver.java:124)
	at org.apache.el.parser.AstValue.getValue(AstValue.java:168)
	at org.apache.el.ValueExpressionImpl.getValue(ValueExpressionImpl.java:189)
	at org.apache.jasper.runtime.PageContextImpl.proprietaryEvaluate(PageContextImpl.java:692)
	at org.apache.jsp.WEB_002dINF.jsp.admin.adminfeedback_jsp._jspx_meth_c_005fforEach_005f0(adminfeedback_jsp.java:197)
	at org.apache.jsp.WEB_002dINF.jsp.admin.adminfeedback_jsp._jspService(adminfeedback_jsp.java:148)
	at org.apache.jasper.runtime.HttpJspBase.service(HttpJspBase.java:70)
	at javax.servlet.http.HttpServlet.service(HttpServlet.java:764)
	at org.apache.jasper.servlet.JspServletWrapper.service(JspServletWrapper.java:466)
	at org.apache.jasper.servlet.JspServlet.serviceJspFile(JspServlet.java:379)
	at org.apache.jasper.servlet.JspServlet.service(JspServlet.java:327)
	at javax.servlet.http.HttpServlet.service(HttpServlet.java:764)
	at org.apache.catalina.core.ApplicationFilterChain.internalDoFilter(ApplicationFilterChain.java:227)
	at org.apache.catalina.core.ApplicationFilterChain.doFilter(ApplicationFilterChain.java:162)
	at org.apache.tomcat.websocket.server.WsFilter.doFilter(WsFilter.java:53)
	at org.apache.catalina.core.ApplicationFilterChain.internalDoFilter(ApplicationFilterChain.java:189)
	at org.apache.catalina.core.ApplicationFilterChain.doFilter(ApplicationFilterChain.java:162)
	at org.springframework.web.filter.OncePerRequestFilter.doFilter(OncePerRequestFilter.java:111)
	at org.apache.catalina.core.ApplicationFilterChain.internalDoFilter(ApplicationFilterChain.java:189)
	at org.apache.catalina.core.ApplicationFilterChain.doFilter(ApplicationFilterChain.java:162)
	at org.springframework.web.filter.OncePerRequestFilter.doFilter(OncePerRequestFilter.java:111)
	at org.apache.catalina.core.ApplicationFilterChain.internalDoFilter(ApplicationFilterChain.java:189)
	at org.apache.catalina.core.ApplicationFilterChain.doFilter(ApplicationFilterChain.java:162)
	at org.springframework.web.filter.OncePerRequestFilter.doFilter(OncePerRequestFilter.java:111)
	at org.apache.catalina.core.ApplicationFilterChain.internalDoFilter(ApplicationFilterChain.java:189)
	at org.apache.catalina.core.ApplicationFilterChain.doFilter(ApplicationFilterChain.java:162)
	at org.apache.catalina.core.ApplicationDispatcher.invoke(ApplicationDispatcher.java:711)
	at org.apache.catalina.core.ApplicationDispatcher.processRequest(ApplicationDispatcher.java:459)
	at org.apache.catalina.core.ApplicationDispatcher.doForward(ApplicationDispatcher.java:385)
	at org.apache.catalina.core.ApplicationDispatcher.forward(ApplicationDispatcher.java:313)
	at org.springframework.web.servlet.view.InternalResourceView.renderMergedOutputModel(InternalResourceView.java:171)
	at org.springframework.web.servlet.view.AbstractView.render(AbstractView.java:316)
	at org.springframework.web.servlet.DispatcherServlet.render(DispatcherServlet.java:1404)
	at org.springframework.web.servlet.DispatcherServlet.processDispatchResult(DispatcherServlet.java:1148)
	at org.springframework.web.servlet.DispatcherServlet.doDispatch(DispatcherServlet.java:1087)
	at org.springframework.web.servlet.DispatcherServlet.doService(DispatcherServlet.java:963)
	at org.springframework.web.servlet.FrameworkServlet.processRequest(FrameworkServlet.java:1006)
	at org.springframework.web.servlet.FrameworkServlet.doGet(FrameworkServlet.java:898)
	at javax.servlet.http.HttpServlet.service(HttpServlet.java:655)
	at org.springframework.web.servlet.FrameworkServlet.service(FrameworkServlet.java:883)
	at javax.servlet.http.HttpServlet.service(HttpServlet.java:764)
	at org.apache.catalina.core.ApplicationFilterChain.internalDoFilter(ApplicationFilterChain.java:227)
	at org.apache.catalina.core.ApplicationFilterChain.doFilter(ApplicationFilterChain.java:162)
	at org.apache.tomcat.websocket.server.WsFilter.doFilter(WsFilter.java:53)
	at org.apache.catalina.core.ApplicationFilterChain.internalDoFilter(ApplicationFilterChain.java:189)
	at org.apache.catalina.core.ApplicationFilterChain.doFilter(ApplicationFilterChain.java:162)
	at com.example.quiz_project.filter.LoginFilter.doFilterInternal(LoginFilter.java:26)
	at org.springframework.web.filter.OncePerRequestFilter.doFilter(OncePerRequestFilter.java:117)
	at org.apache.catalina.core.ApplicationFilterChain.internalDoFilter(ApplicationFilterChain.java:189)
	at org.apache.catalina.core.ApplicationFilterChain.doFilter(ApplicationFilterChain.java:162)
	at org.springframework.web.filter.RequestContextFilter.doFilterInternal(RequestContextFilter.java:100)
	at org.springframework.web.filter.OncePerRequestFilter.doFilter(OncePerRequestFilter.java:117)
	at org.apache.catalina.core.ApplicationFilterChain.internalDoFilter(ApplicationFilterChain.java:189)
	at org.apache.catalina.core.ApplicationFilterChain.doFilter(ApplicationFilterChain.java:162)
	at org.springframework.web.filter.FormContentFilter.doFilterInternal(FormContentFilter.java:93)
	at org.springframework.web.filter.OncePerRequestFilter.doFilter(OncePerRequestFilter.java:117)
	at org.apache.catalina.core.ApplicationFilterChain.internalDoFilter(ApplicationFilterChain.java:189)
	at org.apache.catalina.core.ApplicationFilterChain.doFilter(ApplicationFilterChain.java:162)
	at org.springframework.web.filter.CharacterEncodingFilter.doFilterInternal(CharacterEncodingFilter.java:201)
	at org.springframework.web.filter.OncePerRequestFilter.doFilter(OncePerRequestFilter.java:117)
	at org.apache.catalina.core.ApplicationFilterChain.internalDoFilter(ApplicationFilterChain.java:189)
	at org.apache.catalina.core.ApplicationFilterChain.doFilter(ApplicationFilterChain.java:162)
	at org.apache.catalina.core.StandardWrapperValve.invoke(StandardWrapperValve.java:197)
	at org.apache.catalina.core.StandardContextValve.invoke(StandardContextValve.java:97)
	at org.apache.catalina.authenticator.AuthenticatorBase.invoke(AuthenticatorBase.java:541)
	at org.apache.catalina.core.StandardHostValve.invoke(StandardHostValve.java:135)
	at org.apache.catalina.valves.ErrorReportValve.invoke(ErrorReportValve.java:92)
	at org.apache.catalina.core.StandardEngineValve.invoke(StandardEngineValve.java:78)
	at org.apache.catalina.connector.CoyoteAdapter.service(CoyoteAdapter.java:360)
	at org.apache.coyote.http11.Http11Processor.service(Http11Processor.java:399)
	at org.apache.coyote.AbstractProcessorLight.process(AbstractProcessorLight.java:65)
	at org.apache.coyote.AbstractProtocol$ConnectionHandler.process(AbstractProtocol.java:890)
	at org.apache.tomcat.util.net.NioEndpoint$SocketProcessor.doRun(NioEndpoint.java:1789)
	at org.apache.tomcat.util.net.SocketProcessorBase.run(SocketProcessorBase.java:49)
	at org.apache.tomcat.util.threads.ThreadPoolExecutor.runWorker(ThreadPoolExecutor.java:1191)
	at org.apache.tomcat.util.threads.ThreadPoolExecutor$Worker.run(ThreadPoolExecutor.java:659)
	at org.apache.tomcat.util.threads.TaskThread$WrappingRunnable.run(TaskThread.java:61)
	at java.lang.Thread.run(Thread.java:750)
2025-08-06 10:32:54,863 ERROR [http-nio-8080-exec-8] org.apache.catalina.core.ContainerBase.[Tomcat].[localhost].[/].[dispatcherServlet]:log:175 - Servlet.service() for servlet [dispatcherServlet] in context with path [] threw exception [javax.el.PropertyNotFoundException: Property [id] not found on type [com.example.quiz_project.domain.Feedback]] with root cause
javax.el.PropertyNotFoundException: Property [id] not found on type [com.example.quiz_project.domain.Feedback]
	at javax.el.BeanELResolver$BeanProperties.get(BeanELResolver.java:261)
	at javax.el.BeanELResolver$BeanProperties.access$300(BeanELResolver.java:213)
	at javax.el.BeanELResolver.property(BeanELResolver.java:334)
	at javax.el.BeanELResolver.getValue(BeanELResolver.java:95)
	at org.apache.jasper.el.JasperELResolver.getValue(JasperELResolver.java:124)
	at org.apache.el.parser.AstValue.getValue(AstValue.java:168)
	at org.apache.el.ValueExpressionImpl.getValue(ValueExpressionImpl.java:189)
	at org.apache.jasper.runtime.PageContextImpl.proprietaryEvaluate(PageContextImpl.java:692)
	at org.apache.jsp.WEB_002dINF.jsp.admin.adminfeedback_jsp._jspx_meth_c_005fforEach_005f0(adminfeedback_jsp.java:197)
	at org.apache.jsp.WEB_002dINF.jsp.admin.adminfeedback_jsp._jspService(adminfeedback_jsp.java:148)
	at org.apache.jasper.runtime.HttpJspBase.service(HttpJspBase.java:70)
	at javax.servlet.http.HttpServlet.service(HttpServlet.java:764)
	at org.apache.jasper.servlet.JspServletWrapper.service(JspServletWrapper.java:466)
	at org.apache.jasper.servlet.JspServlet.serviceJspFile(JspServlet.java:379)
	at org.apache.jasper.servlet.JspServlet.service(JspServlet.java:327)
	at javax.servlet.http.HttpServlet.service(HttpServlet.java:764)
	at org.apache.catalina.core.ApplicationFilterChain.internalDoFilter(ApplicationFilterChain.java:227)
	at org.apache.catalina.core.ApplicationFilterChain.doFilter(ApplicationFilterChain.java:162)
	at org.apache.tomcat.websocket.server.WsFilter.doFilter(WsFilter.java:53)
	at org.apache.catalina.core.ApplicationFilterChain.internalDoFilter(ApplicationFilterChain.java:189)
	at org.apache.catalina.core.ApplicationFilterChain.doFilter(ApplicationFilterChain.java:162)
	at org.springframework.web.filter.OncePerRequestFilter.doFilter(OncePerRequestFilter.java:111)
	at org.apache.catalina.core.ApplicationFilterChain.internalDoFilter(ApplicationFilterChain.java:189)
	at org.apache.catalina.core.ApplicationFilterChain.doFilter(ApplicationFilterChain.java:162)
	at org.springframework.web.filter.OncePerRequestFilter.doFilter(OncePerRequestFilter.java:111)
	at org.apache.catalina.core.ApplicationFilterChain.internalDoFilter(ApplicationFilterChain.java:189)
	at org.apache.catalina.core.ApplicationFilterChain.doFilter(ApplicationFilterChain.java:162)
	at org.springframework.web.filter.OncePerRequestFilter.doFilter(OncePerRequestFilter.java:111)
	at org.apache.catalina.core.ApplicationFilterChain.internalDoFilter(ApplicationFilterChain.java:189)
	at org.apache.catalina.core.ApplicationFilterChain.doFilter(ApplicationFilterChain.java:162)
	at org.apache.catalina.core.ApplicationDispatcher.invoke(ApplicationDispatcher.java:711)
	at org.apache.catalina.core.ApplicationDispatcher.processRequest(ApplicationDispatcher.java:459)
	at org.apache.catalina.core.ApplicationDispatcher.doForward(ApplicationDispatcher.java:385)
	at org.apache.catalina.core.ApplicationDispatcher.forward(ApplicationDispatcher.java:313)
	at org.springframework.web.servlet.view.InternalResourceView.renderMergedOutputModel(InternalResourceView.java:171)
	at org.springframework.web.servlet.view.AbstractView.render(AbstractView.java:316)
	at org.springframework.web.servlet.DispatcherServlet.render(DispatcherServlet.java:1404)
	at org.springframework.web.servlet.DispatcherServlet.processDispatchResult(DispatcherServlet.java:1148)
	at org.springframework.web.servlet.DispatcherServlet.doDispatch(DispatcherServlet.java:1087)
	at org.springframework.web.servlet.DispatcherServlet.doService(DispatcherServlet.java:963)
	at org.springframework.web.servlet.FrameworkServlet.processRequest(FrameworkServlet.java:1006)
	at org.springframework.web.servlet.FrameworkServlet.doGet(FrameworkServlet.java:898)
	at javax.servlet.http.HttpServlet.service(HttpServlet.java:655)
	at org.springframework.web.servlet.FrameworkServlet.service(FrameworkServlet.java:883)
	at javax.servlet.http.HttpServlet.service(HttpServlet.java:764)
	at org.apache.catalina.core.ApplicationFilterChain.internalDoFilter(ApplicationFilterChain.java:227)
	at org.apache.catalina.core.ApplicationFilterChain.doFilter(ApplicationFilterChain.java:162)
	at org.apache.tomcat.websocket.server.WsFilter.doFilter(WsFilter.java:53)
	at org.apache.catalina.core.ApplicationFilterChain.internalDoFilter(ApplicationFilterChain.java:189)
	at org.apache.catalina.core.ApplicationFilterChain.doFilter(ApplicationFilterChain.java:162)
	at com.example.quiz_project.filter.LoginFilter.doFilterInternal(LoginFilter.java:26)
	at org.springframework.web.filter.OncePerRequestFilter.doFilter(OncePerRequestFilter.java:117)
	at org.apache.catalina.core.ApplicationFilterChain.internalDoFilter(ApplicationFilterChain.java:189)
	at org.apache.catalina.core.ApplicationFilterChain.doFilter(ApplicationFilterChain.java:162)
	at org.springframework.web.filter.RequestContextFilter.doFilterInternal(RequestContextFilter.java:100)
	at org.springframework.web.filter.OncePerRequestFilter.doFilter(OncePerRequestFilter.java:117)
	at org.apache.catalina.core.ApplicationFilterChain.internalDoFilter(ApplicationFilterChain.java:189)
	at org.apache.catalina.core.ApplicationFilterChain.doFilter(ApplicationFilterChain.java:162)
	at org.springframework.web.filter.FormContentFilter.doFilterInternal(FormContentFilter.java:93)
	at org.springframework.web.filter.OncePerRequestFilter.doFilter(OncePerRequestFilter.java:117)
	at org.apache.catalina.core.ApplicationFilterChain.internalDoFilter(ApplicationFilterChain.java:189)
	at org.apache.catalina.core.ApplicationFilterChain.doFilter(ApplicationFilterChain.java:162)
	at org.springframework.web.filter.CharacterEncodingFilter.doFilterInternal(CharacterEncodingFilter.java:201)
	at org.springframework.web.filter.OncePerRequestFilter.doFilter(OncePerRequestFilter.java:117)
	at org.apache.catalina.core.ApplicationFilterChain.internalDoFilter(ApplicationFilterChain.java:189)
	at org.apache.catalina.core.ApplicationFilterChain.doFilter(ApplicationFilterChain.java:162)
	at org.apache.catalina.core.StandardWrapperValve.invoke(StandardWrapperValve.java:197)
	at org.apache.catalina.core.StandardContextValve.invoke(StandardContextValve.java:97)
	at org.apache.catalina.authenticator.AuthenticatorBase.invoke(AuthenticatorBase.java:541)
	at org.apache.catalina.core.StandardHostValve.invoke(StandardHostValve.java:135)
	at org.apache.catalina.valves.ErrorReportValve.invoke(ErrorReportValve.java:92)
	at org.apache.catalina.core.StandardEngineValve.invoke(StandardEngineValve.java:78)
	at org.apache.catalina.connector.CoyoteAdapter.service(CoyoteAdapter.java:360)
	at org.apache.coyote.http11.Http11Processor.service(Http11Processor.java:399)
	at org.apache.coyote.AbstractProcessorLight.process(AbstractProcessorLight.java:65)
	at org.apache.coyote.AbstractProtocol$ConnectionHandler.process(AbstractProtocol.java:890)
	at org.apache.tomcat.util.net.NioEndpoint$SocketProcessor.doRun(NioEndpoint.java:1789)
	at org.apache.tomcat.util.net.SocketProcessorBase.run(SocketProcessorBase.java:49)
	at org.apache.tomcat.util.threads.ThreadPoolExecutor.runWorker(ThreadPoolExecutor.java:1191)
	at org.apache.tomcat.util.threads.ThreadPoolExecutor$Worker.run(ThreadPoolExecutor.java:659)
	at org.apache.tomcat.util.threads.TaskThread$WrappingRunnable.run(TaskThread.java:61)
	at java.lang.Thread.run(Thread.java:750)
2025-08-06 10:33:23,947 ERROR [http-nio-8080-exec-10] org.apache.catalina.core.ContainerBase.[Tomcat].[localhost].[/].[jsp]:log:175 - Servlet.service() for servlet [jsp] threw exception
javax.el.PropertyNotFoundException: Property [id] not found on type [com.example.quiz_project.domain.Feedback]
	at javax.el.BeanELResolver$BeanProperties.get(BeanELResolver.java:261)
	at javax.el.BeanELResolver$BeanProperties.access$300(BeanELResolver.java:213)
	at javax.el.BeanELResolver.property(BeanELResolver.java:334)
	at javax.el.BeanELResolver.getValue(BeanELResolver.java:95)
	at org.apache.jasper.el.JasperELResolver.getValue(JasperELResolver.java:124)
	at org.apache.el.parser.AstValue.getValue(AstValue.java:168)
	at org.apache.el.ValueExpressionImpl.getValue(ValueExpressionImpl.java:189)
	at org.apache.jasper.runtime.PageContextImpl.proprietaryEvaluate(PageContextImpl.java:692)
	at org.apache.jsp.WEB_002dINF.jsp.admin.adminfeedback_jsp._jspx_meth_c_005fforEach_005f0(adminfeedback_jsp.java:197)
	at org.apache.jsp.WEB_002dINF.jsp.admin.adminfeedback_jsp._jspService(adminfeedback_jsp.java:148)
	at org.apache.jasper.runtime.HttpJspBase.service(HttpJspBase.java:70)
	at javax.servlet.http.HttpServlet.service(HttpServlet.java:764)
	at org.apache.jasper.servlet.JspServletWrapper.service(JspServletWrapper.java:466)
	at org.apache.jasper.servlet.JspServlet.serviceJspFile(JspServlet.java:379)
	at org.apache.jasper.servlet.JspServlet.service(JspServlet.java:327)
	at javax.servlet.http.HttpServlet.service(HttpServlet.java:764)
	at org.apache.catalina.core.ApplicationFilterChain.internalDoFilter(ApplicationFilterChain.java:227)
	at org.apache.catalina.core.ApplicationFilterChain.doFilter(ApplicationFilterChain.java:162)
	at org.apache.tomcat.websocket.server.WsFilter.doFilter(WsFilter.java:53)
	at org.apache.catalina.core.ApplicationFilterChain.internalDoFilter(ApplicationFilterChain.java:189)
	at org.apache.catalina.core.ApplicationFilterChain.doFilter(ApplicationFilterChain.java:162)
	at org.springframework.web.filter.OncePerRequestFilter.doFilter(OncePerRequestFilter.java:111)
	at org.apache.catalina.core.ApplicationFilterChain.internalDoFilter(ApplicationFilterChain.java:189)
	at org.apache.catalina.core.ApplicationFilterChain.doFilter(ApplicationFilterChain.java:162)
	at org.springframework.web.filter.OncePerRequestFilter.doFilter(OncePerRequestFilter.java:111)
	at org.apache.catalina.core.ApplicationFilterChain.internalDoFilter(ApplicationFilterChain.java:189)
	at org.apache.catalina.core.ApplicationFilterChain.doFilter(ApplicationFilterChain.java:162)
	at org.springframework.web.filter.OncePerRequestFilter.doFilter(OncePerRequestFilter.java:111)
	at org.apache.catalina.core.ApplicationFilterChain.internalDoFilter(ApplicationFilterChain.java:189)
	at org.apache.catalina.core.ApplicationFilterChain.doFilter(ApplicationFilterChain.java:162)
	at org.apache.catalina.core.ApplicationDispatcher.invoke(ApplicationDispatcher.java:711)
	at org.apache.catalina.core.ApplicationDispatcher.processRequest(ApplicationDispatcher.java:459)
	at org.apache.catalina.core.ApplicationDispatcher.doForward(ApplicationDispatcher.java:385)
	at org.apache.catalina.core.ApplicationDispatcher.forward(ApplicationDispatcher.java:313)
	at org.springframework.web.servlet.view.InternalResourceView.renderMergedOutputModel(InternalResourceView.java:171)
	at org.springframework.web.servlet.view.AbstractView.render(AbstractView.java:316)
	at org.springframework.web.servlet.DispatcherServlet.render(DispatcherServlet.java:1404)
	at org.springframework.web.servlet.DispatcherServlet.processDispatchResult(DispatcherServlet.java:1148)
	at org.springframework.web.servlet.DispatcherServlet.doDispatch(DispatcherServlet.java:1087)
	at org.springframework.web.servlet.DispatcherServlet.doService(DispatcherServlet.java:963)
	at org.springframework.web.servlet.FrameworkServlet.processRequest(FrameworkServlet.java:1006)
	at org.springframework.web.servlet.FrameworkServlet.doGet(FrameworkServlet.java:898)
	at javax.servlet.http.HttpServlet.service(HttpServlet.java:655)
	at org.springframework.web.servlet.FrameworkServlet.service(FrameworkServlet.java:883)
	at javax.servlet.http.HttpServlet.service(HttpServlet.java:764)
	at org.apache.catalina.core.ApplicationFilterChain.internalDoFilter(ApplicationFilterChain.java:227)
	at org.apache.catalina.core.ApplicationFilterChain.doFilter(ApplicationFilterChain.java:162)
	at org.apache.tomcat.websocket.server.WsFilter.doFilter(WsFilter.java:53)
	at org.apache.catalina.core.ApplicationFilterChain.internalDoFilter(ApplicationFilterChain.java:189)
	at org.apache.catalina.core.ApplicationFilterChain.doFilter(ApplicationFilterChain.java:162)
	at com.example.quiz_project.filter.LoginFilter.doFilterInternal(LoginFilter.java:26)
	at org.springframework.web.filter.OncePerRequestFilter.doFilter(OncePerRequestFilter.java:117)
	at org.apache.catalina.core.ApplicationFilterChain.internalDoFilter(ApplicationFilterChain.java:189)
	at org.apache.catalina.core.ApplicationFilterChain.doFilter(ApplicationFilterChain.java:162)
	at org.springframework.web.filter.RequestContextFilter.doFilterInternal(RequestContextFilter.java:100)
	at org.springframework.web.filter.OncePerRequestFilter.doFilter(OncePerRequestFilter.java:117)
	at org.apache.catalina.core.ApplicationFilterChain.internalDoFilter(ApplicationFilterChain.java:189)
	at org.apache.catalina.core.ApplicationFilterChain.doFilter(ApplicationFilterChain.java:162)
	at org.springframework.web.filter.FormContentFilter.doFilterInternal(FormContentFilter.java:93)
	at org.springframework.web.filter.OncePerRequestFilter.doFilter(OncePerRequestFilter.java:117)
	at org.apache.catalina.core.ApplicationFilterChain.internalDoFilter(ApplicationFilterChain.java:189)
	at org.apache.catalina.core.ApplicationFilterChain.doFilter(ApplicationFilterChain.java:162)
	at org.springframework.web.filter.CharacterEncodingFilter.doFilterInternal(CharacterEncodingFilter.java:201)
	at org.springframework.web.filter.OncePerRequestFilter.doFilter(OncePerRequestFilter.java:117)
	at org.apache.catalina.core.ApplicationFilterChain.internalDoFilter(ApplicationFilterChain.java:189)
	at org.apache.catalina.core.ApplicationFilterChain.doFilter(ApplicationFilterChain.java:162)
	at org.apache.catalina.core.StandardWrapperValve.invoke(StandardWrapperValve.java:197)
	at org.apache.catalina.core.StandardContextValve.invoke(StandardContextValve.java:97)
	at org.apache.catalina.authenticator.AuthenticatorBase.invoke(AuthenticatorBase.java:541)
	at org.apache.catalina.core.StandardHostValve.invoke(StandardHostValve.java:135)
	at org.apache.catalina.valves.ErrorReportValve.invoke(ErrorReportValve.java:92)
	at org.apache.catalina.core.StandardEngineValve.invoke(StandardEngineValve.java:78)
	at org.apache.catalina.connector.CoyoteAdapter.service(CoyoteAdapter.java:360)
	at org.apache.coyote.http11.Http11Processor.service(Http11Processor.java:399)
	at org.apache.coyote.AbstractProcessorLight.process(AbstractProcessorLight.java:65)
	at org.apache.coyote.AbstractProtocol$ConnectionHandler.process(AbstractProtocol.java:890)
	at org.apache.tomcat.util.net.NioEndpoint$SocketProcessor.doRun(NioEndpoint.java:1789)
	at org.apache.tomcat.util.net.SocketProcessorBase.run(SocketProcessorBase.java:49)
	at org.apache.tomcat.util.threads.ThreadPoolExecutor.runWorker(ThreadPoolExecutor.java:1191)
	at org.apache.tomcat.util.threads.ThreadPoolExecutor$Worker.run(ThreadPoolExecutor.java:659)
	at org.apache.tomcat.util.threads.TaskThread$WrappingRunnable.run(TaskThread.java:61)
	at java.lang.Thread.run(Thread.java:750)
2025-08-06 10:33:23,948 ERROR [http-nio-8080-exec-10] org.apache.catalina.core.ContainerBase.[Tomcat].[localhost].[/].[dispatcherServlet]:log:175 - Servlet.service() for servlet [dispatcherServlet] in context with path [] threw exception [javax.el.PropertyNotFoundException: Property [id] not found on type [com.example.quiz_project.domain.Feedback]] with root cause
javax.el.PropertyNotFoundException: Property [id] not found on type [com.example.quiz_project.domain.Feedback]
	at javax.el.BeanELResolver$BeanProperties.get(BeanELResolver.java:261)
	at javax.el.BeanELResolver$BeanProperties.access$300(BeanELResolver.java:213)
	at javax.el.BeanELResolver.property(BeanELResolver.java:334)
	at javax.el.BeanELResolver.getValue(BeanELResolver.java:95)
	at org.apache.jasper.el.JasperELResolver.getValue(JasperELResolver.java:124)
	at org.apache.el.parser.AstValue.getValue(AstValue.java:168)
	at org.apache.el.ValueExpressionImpl.getValue(ValueExpressionImpl.java:189)
	at org.apache.jasper.runtime.PageContextImpl.proprietaryEvaluate(PageContextImpl.java:692)
	at org.apache.jsp.WEB_002dINF.jsp.admin.adminfeedback_jsp._jspx_meth_c_005fforEach_005f0(adminfeedback_jsp.java:197)
	at org.apache.jsp.WEB_002dINF.jsp.admin.adminfeedback_jsp._jspService(adminfeedback_jsp.java:148)
	at org.apache.jasper.runtime.HttpJspBase.service(HttpJspBase.java:70)
	at javax.servlet.http.HttpServlet.service(HttpServlet.java:764)
	at org.apache.jasper.servlet.JspServletWrapper.service(JspServletWrapper.java:466)
	at org.apache.jasper.servlet.JspServlet.serviceJspFile(JspServlet.java:379)
	at org.apache.jasper.servlet.JspServlet.service(JspServlet.java:327)
	at javax.servlet.http.HttpServlet.service(HttpServlet.java:764)
	at org.apache.catalina.core.ApplicationFilterChain.internalDoFilter(ApplicationFilterChain.java:227)
	at org.apache.catalina.core.ApplicationFilterChain.doFilter(ApplicationFilterChain.java:162)
	at org.apache.tomcat.websocket.server.WsFilter.doFilter(WsFilter.java:53)
	at org.apache.catalina.core.ApplicationFilterChain.internalDoFilter(ApplicationFilterChain.java:189)
	at org.apache.catalina.core.ApplicationFilterChain.doFilter(ApplicationFilterChain.java:162)
	at org.springframework.web.filter.OncePerRequestFilter.doFilter(OncePerRequestFilter.java:111)
	at org.apache.catalina.core.ApplicationFilterChain.internalDoFilter(ApplicationFilterChain.java:189)
	at org.apache.catalina.core.ApplicationFilterChain.doFilter(ApplicationFilterChain.java:162)
	at org.springframework.web.filter.OncePerRequestFilter.doFilter(OncePerRequestFilter.java:111)
	at org.apache.catalina.core.ApplicationFilterChain.internalDoFilter(ApplicationFilterChain.java:189)
	at org.apache.catalina.core.ApplicationFilterChain.doFilter(ApplicationFilterChain.java:162)
	at org.springframework.web.filter.OncePerRequestFilter.doFilter(OncePerRequestFilter.java:111)
	at org.apache.catalina.core.ApplicationFilterChain.internalDoFilter(ApplicationFilterChain.java:189)
	at org.apache.catalina.core.ApplicationFilterChain.doFilter(ApplicationFilterChain.java:162)
	at org.apache.catalina.core.ApplicationDispatcher.invoke(ApplicationDispatcher.java:711)
	at org.apache.catalina.core.ApplicationDispatcher.processRequest(ApplicationDispatcher.java:459)
	at org.apache.catalina.core.ApplicationDispatcher.doForward(ApplicationDispatcher.java:385)
	at org.apache.catalina.core.ApplicationDispatcher.forward(ApplicationDispatcher.java:313)
	at org.springframework.web.servlet.view.InternalResourceView.renderMergedOutputModel(InternalResourceView.java:171)
	at org.springframework.web.servlet.view.AbstractView.render(AbstractView.java:316)
	at org.springframework.web.servlet.DispatcherServlet.render(DispatcherServlet.java:1404)
	at org.springframework.web.servlet.DispatcherServlet.processDispatchResult(DispatcherServlet.java:1148)
	at org.springframework.web.servlet.DispatcherServlet.doDispatch(DispatcherServlet.java:1087)
	at org.springframework.web.servlet.DispatcherServlet.doService(DispatcherServlet.java:963)
	at org.springframework.web.servlet.FrameworkServlet.processRequest(FrameworkServlet.java:1006)
	at org.springframework.web.servlet.FrameworkServlet.doGet(FrameworkServlet.java:898)
	at javax.servlet.http.HttpServlet.service(HttpServlet.java:655)
	at org.springframework.web.servlet.FrameworkServlet.service(FrameworkServlet.java:883)
	at javax.servlet.http.HttpServlet.service(HttpServlet.java:764)
	at org.apache.catalina.core.ApplicationFilterChain.internalDoFilter(ApplicationFilterChain.java:227)
	at org.apache.catalina.core.ApplicationFilterChain.doFilter(ApplicationFilterChain.java:162)
	at org.apache.tomcat.websocket.server.WsFilter.doFilter(WsFilter.java:53)
	at org.apache.catalina.core.ApplicationFilterChain.internalDoFilter(ApplicationFilterChain.java:189)
	at org.apache.catalina.core.ApplicationFilterChain.doFilter(ApplicationFilterChain.java:162)
	at com.example.quiz_project.filter.LoginFilter.doFilterInternal(LoginFilter.java:26)
	at org.springframework.web.filter.OncePerRequestFilter.doFilter(OncePerRequestFilter.java:117)
	at org.apache.catalina.core.ApplicationFilterChain.internalDoFilter(ApplicationFilterChain.java:189)
	at org.apache.catalina.core.ApplicationFilterChain.doFilter(ApplicationFilterChain.java:162)
	at org.springframework.web.filter.RequestContextFilter.doFilterInternal(RequestContextFilter.java:100)
	at org.springframework.web.filter.OncePerRequestFilter.doFilter(OncePerRequestFilter.java:117)
	at org.apache.catalina.core.ApplicationFilterChain.internalDoFilter(ApplicationFilterChain.java:189)
	at org.apache.catalina.core.ApplicationFilterChain.doFilter(ApplicationFilterChain.java:162)
	at org.springframework.web.filter.FormContentFilter.doFilterInternal(FormContentFilter.java:93)
	at org.springframework.web.filter.OncePerRequestFilter.doFilter(OncePerRequestFilter.java:117)
	at org.apache.catalina.core.ApplicationFilterChain.internalDoFilter(ApplicationFilterChain.java:189)
	at org.apache.catalina.core.ApplicationFilterChain.doFilter(ApplicationFilterChain.java:162)
	at org.springframework.web.filter.CharacterEncodingFilter.doFilterInternal(CharacterEncodingFilter.java:201)
	at org.springframework.web.filter.OncePerRequestFilter.doFilter(OncePerRequestFilter.java:117)
	at org.apache.catalina.core.ApplicationFilterChain.internalDoFilter(ApplicationFilterChain.java:189)
	at org.apache.catalina.core.ApplicationFilterChain.doFilter(ApplicationFilterChain.java:162)
	at org.apache.catalina.core.StandardWrapperValve.invoke(StandardWrapperValve.java:197)
	at org.apache.catalina.core.StandardContextValve.invoke(StandardContextValve.java:97)
	at org.apache.catalina.authenticator.AuthenticatorBase.invoke(AuthenticatorBase.java:541)
	at org.apache.catalina.core.StandardHostValve.invoke(StandardHostValve.java:135)
	at org.apache.catalina.valves.ErrorReportValve.invoke(ErrorReportValve.java:92)
	at org.apache.catalina.core.StandardEngineValve.invoke(StandardEngineValve.java:78)
	at org.apache.catalina.connector.CoyoteAdapter.service(CoyoteAdapter.java:360)
	at org.apache.coyote.http11.Http11Processor.service(Http11Processor.java:399)
	at org.apache.coyote.AbstractProcessorLight.process(AbstractProcessorLight.java:65)
	at org.apache.coyote.AbstractProtocol$ConnectionHandler.process(AbstractProtocol.java:890)
	at org.apache.tomcat.util.net.NioEndpoint$SocketProcessor.doRun(NioEndpoint.java:1789)
	at org.apache.tomcat.util.net.SocketProcessorBase.run(SocketProcessorBase.java:49)
	at org.apache.tomcat.util.threads.ThreadPoolExecutor.runWorker(ThreadPoolExecutor.java:1191)
	at org.apache.tomcat.util.threads.ThreadPoolExecutor$Worker.run(ThreadPoolExecutor.java:659)
	at org.apache.tomcat.util.threads.TaskThread$WrappingRunnable.run(TaskThread.java:61)
	at java.lang.Thread.run(Thread.java:750)
2025-08-06 10:35:05,903 INFO  [main] com.example.quiz_project.QuizProjectApplication:logStarting:55 - Starting QuizProjectApplication using Java 1.8.0_452 on Haneko with PID 2376 (D:\Code_projects\target\classes started by 40108 in D:\Code_projects)
2025-08-06 10:35:05,905 INFO  [main] com.example.quiz_project.QuizProjectApplication:logStartupProfileInfo:634 - No active profile set, falling back to 1 default profile: "default"
2025-08-06 10:35:06,339 INFO  [main] org.springframework.data.repository.config.RepositoryConfigurationDelegate:registerRepositoriesIn:132 - Bootstrapping Spring Data JDBC repositories in DEFAULT mode.
2025-08-06 10:35:06,349 INFO  [main] org.springframework.data.repository.config.RepositoryConfigurationDelegate:registerRepositoriesIn:201 - Finished Spring Data repository scanning in 7 ms. Found 0 JDBC repository interfaces.
2025-08-06 10:35:06,884 INFO  [main] org.springframework.boot.web.embedded.tomcat.TomcatWebServer:initialize:108 - Tomcat initialized with port(s): 8080 (http)
2025-08-06 10:35:06,892 INFO  [main] org.apache.coyote.http11.Http11NioProtocol:log:173 - Initializing ProtocolHandler ["http-nio-8080"]
2025-08-06 10:35:06,892 INFO  [main] org.apache.catalina.core.StandardService:log:173 - Starting service [Tomcat]
2025-08-06 10:35:06,893 INFO  [main] org.apache.catalina.core.StandardEngine:log:173 - Starting Servlet engine: [Apache Tomcat/9.0.65]
2025-08-06 10:35:07,084 INFO  [main] org.apache.jasper.servlet.TldScanner:log:173 - At least one JAR was scanned for TLDs yet contained no TLDs. Enable debug logging for this logger for a complete list of JARs that were scanned but no TLDs were found in them. Skipping unneeded JARs during scanning can improve startup time and JSP compilation time.
2025-08-06 10:35:07,090 INFO  [main] org.apache.catalina.core.ContainerBase.[Tomcat].[localhost].[/]:log:173 - Initializing Spring embedded WebApplicationContext
2025-08-06 10:35:07,090 INFO  [main] org.springframework.boot.web.servlet.context.ServletWebServerApplicationContext:prepareWebApplicationContext:292 - Root WebApplicationContext: initialization completed in 1150 ms
2025-08-06 10:35:07,805 INFO  [main] org.apache.coyote.http11.Http11NioProtocol:log:173 - Starting ProtocolHandler ["http-nio-8080"]
2025-08-06 10:35:07,826 INFO  [main] org.springframework.boot.web.embedded.tomcat.TomcatWebServer:start:220 - Tomcat started on port(s): 8080 (http) with context path ''
2025-08-06 10:35:07,834 INFO  [main] com.example.quiz_project.QuizProjectApplication:logStarted:61 - Started QuizProjectApplication in 2.42 seconds (JVM running for 2.729)
2025-08-06 10:35:12,616 INFO  [http-nio-8080-exec-1] org.apache.catalina.core.ContainerBase.[Tomcat].[localhost].[/]:log:173 - Initializing Spring DispatcherServlet 'dispatcherServlet'
2025-08-06 10:35:12,616 INFO  [http-nio-8080-exec-1] org.springframework.web.servlet.DispatcherServlet:initServletBean:525 - Initializing Servlet 'dispatcherServlet'
2025-08-06 10:35:12,617 INFO  [http-nio-8080-exec-1] org.springframework.web.servlet.DispatcherServlet:initServletBean:547 - Completed initialization in 1 ms
2025-08-06 10:35:16,214 ERROR [http-nio-8080-exec-8] org.apache.catalina.core.ContainerBase.[Tomcat].[localhost].[/].[jsp]:log:175 - Servlet.service() for servlet [jsp] threw exception
javax.el.PropertyNotFoundException: Property [id] not found on type [com.example.quiz_project.domain.Feedback]
	at javax.el.BeanELResolver$BeanProperties.get(BeanELResolver.java:261)
	at javax.el.BeanELResolver$BeanProperties.access$300(BeanELResolver.java:213)
	at javax.el.BeanELResolver.property(BeanELResolver.java:334)
	at javax.el.BeanELResolver.getValue(BeanELResolver.java:95)
	at org.apache.jasper.el.JasperELResolver.getValue(JasperELResolver.java:124)
	at org.apache.el.parser.AstValue.getValue(AstValue.java:168)
	at org.apache.el.ValueExpressionImpl.getValue(ValueExpressionImpl.java:189)
	at org.apache.jasper.runtime.PageContextImpl.proprietaryEvaluate(PageContextImpl.java:692)
	at org.apache.jsp.WEB_002dINF.jsp.admin.adminfeedback_jsp._jspx_meth_c_005fforEach_005f0(adminfeedback_jsp.java:197)
	at org.apache.jsp.WEB_002dINF.jsp.admin.adminfeedback_jsp._jspService(adminfeedback_jsp.java:148)
	at org.apache.jasper.runtime.HttpJspBase.service(HttpJspBase.java:70)
	at javax.servlet.http.HttpServlet.service(HttpServlet.java:764)
	at org.apache.jasper.servlet.JspServletWrapper.service(JspServletWrapper.java:466)
	at org.apache.jasper.servlet.JspServlet.serviceJspFile(JspServlet.java:379)
	at org.apache.jasper.servlet.JspServlet.service(JspServlet.java:327)
	at javax.servlet.http.HttpServlet.service(HttpServlet.java:764)
	at org.apache.catalina.core.ApplicationFilterChain.internalDoFilter(ApplicationFilterChain.java:227)
	at org.apache.catalina.core.ApplicationFilterChain.doFilter(ApplicationFilterChain.java:162)
	at org.apache.tomcat.websocket.server.WsFilter.doFilter(WsFilter.java:53)
	at org.apache.catalina.core.ApplicationFilterChain.internalDoFilter(ApplicationFilterChain.java:189)
	at org.apache.catalina.core.ApplicationFilterChain.doFilter(ApplicationFilterChain.java:162)
	at org.springframework.web.filter.OncePerRequestFilter.doFilter(OncePerRequestFilter.java:111)
	at org.apache.catalina.core.ApplicationFilterChain.internalDoFilter(ApplicationFilterChain.java:189)
	at org.apache.catalina.core.ApplicationFilterChain.doFilter(ApplicationFilterChain.java:162)
	at org.springframework.web.filter.OncePerRequestFilter.doFilter(OncePerRequestFilter.java:111)
	at org.apache.catalina.core.ApplicationFilterChain.internalDoFilter(ApplicationFilterChain.java:189)
	at org.apache.catalina.core.ApplicationFilterChain.doFilter(ApplicationFilterChain.java:162)
	at org.springframework.web.filter.OncePerRequestFilter.doFilter(OncePerRequestFilter.java:111)
	at org.apache.catalina.core.ApplicationFilterChain.internalDoFilter(ApplicationFilterChain.java:189)
	at org.apache.catalina.core.ApplicationFilterChain.doFilter(ApplicationFilterChain.java:162)
	at org.apache.catalina.core.ApplicationDispatcher.invoke(ApplicationDispatcher.java:711)
	at org.apache.catalina.core.ApplicationDispatcher.processRequest(ApplicationDispatcher.java:459)
	at org.apache.catalina.core.ApplicationDispatcher.doForward(ApplicationDispatcher.java:385)
	at org.apache.catalina.core.ApplicationDispatcher.forward(ApplicationDispatcher.java:313)
	at org.springframework.web.servlet.view.InternalResourceView.renderMergedOutputModel(InternalResourceView.java:171)
	at org.springframework.web.servlet.view.AbstractView.render(AbstractView.java:316)
	at org.springframework.web.servlet.DispatcherServlet.render(DispatcherServlet.java:1404)
	at org.springframework.web.servlet.DispatcherServlet.processDispatchResult(DispatcherServlet.java:1148)
	at org.springframework.web.servlet.DispatcherServlet.doDispatch(DispatcherServlet.java:1087)
	at org.springframework.web.servlet.DispatcherServlet.doService(DispatcherServlet.java:963)
	at org.springframework.web.servlet.FrameworkServlet.processRequest(FrameworkServlet.java:1006)
	at org.springframework.web.servlet.FrameworkServlet.doGet(FrameworkServlet.java:898)
	at javax.servlet.http.HttpServlet.service(HttpServlet.java:655)
	at org.springframework.web.servlet.FrameworkServlet.service(FrameworkServlet.java:883)
	at javax.servlet.http.HttpServlet.service(HttpServlet.java:764)
	at org.apache.catalina.core.ApplicationFilterChain.internalDoFilter(ApplicationFilterChain.java:227)
	at org.apache.catalina.core.ApplicationFilterChain.doFilter(ApplicationFilterChain.java:162)
	at org.apache.tomcat.websocket.server.WsFilter.doFilter(WsFilter.java:53)
	at org.apache.catalina.core.ApplicationFilterChain.internalDoFilter(ApplicationFilterChain.java:189)
	at org.apache.catalina.core.ApplicationFilterChain.doFilter(ApplicationFilterChain.java:162)
	at com.example.quiz_project.filter.LoginFilter.doFilterInternal(LoginFilter.java:26)
	at org.springframework.web.filter.OncePerRequestFilter.doFilter(OncePerRequestFilter.java:117)
	at org.apache.catalina.core.ApplicationFilterChain.internalDoFilter(ApplicationFilterChain.java:189)
	at org.apache.catalina.core.ApplicationFilterChain.doFilter(ApplicationFilterChain.java:162)
	at org.springframework.web.filter.RequestContextFilter.doFilterInternal(RequestContextFilter.java:100)
	at org.springframework.web.filter.OncePerRequestFilter.doFilter(OncePerRequestFilter.java:117)
	at org.apache.catalina.core.ApplicationFilterChain.internalDoFilter(ApplicationFilterChain.java:189)
	at org.apache.catalina.core.ApplicationFilterChain.doFilter(ApplicationFilterChain.java:162)
	at org.springframework.web.filter.FormContentFilter.doFilterInternal(FormContentFilter.java:93)
	at org.springframework.web.filter.OncePerRequestFilter.doFilter(OncePerRequestFilter.java:117)
	at org.apache.catalina.core.ApplicationFilterChain.internalDoFilter(ApplicationFilterChain.java:189)
	at org.apache.catalina.core.ApplicationFilterChain.doFilter(ApplicationFilterChain.java:162)
	at org.springframework.web.filter.CharacterEncodingFilter.doFilterInternal(CharacterEncodingFilter.java:201)
	at org.springframework.web.filter.OncePerRequestFilter.doFilter(OncePerRequestFilter.java:117)
	at org.apache.catalina.core.ApplicationFilterChain.internalDoFilter(ApplicationFilterChain.java:189)
	at org.apache.catalina.core.ApplicationFilterChain.doFilter(ApplicationFilterChain.java:162)
	at org.apache.catalina.core.StandardWrapperValve.invoke(StandardWrapperValve.java:197)
	at org.apache.catalina.core.StandardContextValve.invoke(StandardContextValve.java:97)
	at org.apache.catalina.authenticator.AuthenticatorBase.invoke(AuthenticatorBase.java:541)
	at org.apache.catalina.core.StandardHostValve.invoke(StandardHostValve.java:135)
	at org.apache.catalina.valves.ErrorReportValve.invoke(ErrorReportValve.java:92)
	at org.apache.catalina.core.StandardEngineValve.invoke(StandardEngineValve.java:78)
	at org.apache.catalina.connector.CoyoteAdapter.service(CoyoteAdapter.java:360)
	at org.apache.coyote.http11.Http11Processor.service(Http11Processor.java:399)
	at org.apache.coyote.AbstractProcessorLight.process(AbstractProcessorLight.java:65)
	at org.apache.coyote.AbstractProtocol$ConnectionHandler.process(AbstractProtocol.java:890)
	at org.apache.tomcat.util.net.NioEndpoint$SocketProcessor.doRun(NioEndpoint.java:1789)
	at org.apache.tomcat.util.net.SocketProcessorBase.run(SocketProcessorBase.java:49)
	at org.apache.tomcat.util.threads.ThreadPoolExecutor.runWorker(ThreadPoolExecutor.java:1191)
	at org.apache.tomcat.util.threads.ThreadPoolExecutor$Worker.run(ThreadPoolExecutor.java:659)
	at org.apache.tomcat.util.threads.TaskThread$WrappingRunnable.run(TaskThread.java:61)
	at java.lang.Thread.run(Thread.java:750)
2025-08-06 10:35:16,215 ERROR [http-nio-8080-exec-8] org.apache.catalina.core.ContainerBase.[Tomcat].[localhost].[/].[dispatcherServlet]:log:175 - Servlet.service() for servlet [dispatcherServlet] in context with path [] threw exception [javax.el.PropertyNotFoundException: Property [id] not found on type [com.example.quiz_project.domain.Feedback]] with root cause
javax.el.PropertyNotFoundException: Property [id] not found on type [com.example.quiz_project.domain.Feedback]
	at javax.el.BeanELResolver$BeanProperties.get(BeanELResolver.java:261)
	at javax.el.BeanELResolver$BeanProperties.access$300(BeanELResolver.java:213)
	at javax.el.BeanELResolver.property(BeanELResolver.java:334)
	at javax.el.BeanELResolver.getValue(BeanELResolver.java:95)
	at org.apache.jasper.el.JasperELResolver.getValue(JasperELResolver.java:124)
	at org.apache.el.parser.AstValue.getValue(AstValue.java:168)
	at org.apache.el.ValueExpressionImpl.getValue(ValueExpressionImpl.java:189)
	at org.apache.jasper.runtime.PageContextImpl.proprietaryEvaluate(PageContextImpl.java:692)
	at org.apache.jsp.WEB_002dINF.jsp.admin.adminfeedback_jsp._jspx_meth_c_005fforEach_005f0(adminfeedback_jsp.java:197)
	at org.apache.jsp.WEB_002dINF.jsp.admin.adminfeedback_jsp._jspService(adminfeedback_jsp.java:148)
	at org.apache.jasper.runtime.HttpJspBase.service(HttpJspBase.java:70)
	at javax.servlet.http.HttpServlet.service(HttpServlet.java:764)
	at org.apache.jasper.servlet.JspServletWrapper.service(JspServletWrapper.java:466)
	at org.apache.jasper.servlet.JspServlet.serviceJspFile(JspServlet.java:379)
	at org.apache.jasper.servlet.JspServlet.service(JspServlet.java:327)
	at javax.servlet.http.HttpServlet.service(HttpServlet.java:764)
	at org.apache.catalina.core.ApplicationFilterChain.internalDoFilter(ApplicationFilterChain.java:227)
	at org.apache.catalina.core.ApplicationFilterChain.doFilter(ApplicationFilterChain.java:162)
	at org.apache.tomcat.websocket.server.WsFilter.doFilter(WsFilter.java:53)
	at org.apache.catalina.core.ApplicationFilterChain.internalDoFilter(ApplicationFilterChain.java:189)
	at org.apache.catalina.core.ApplicationFilterChain.doFilter(ApplicationFilterChain.java:162)
	at org.springframework.web.filter.OncePerRequestFilter.doFilter(OncePerRequestFilter.java:111)
	at org.apache.catalina.core.ApplicationFilterChain.internalDoFilter(ApplicationFilterChain.java:189)
	at org.apache.catalina.core.ApplicationFilterChain.doFilter(ApplicationFilterChain.java:162)
	at org.springframework.web.filter.OncePerRequestFilter.doFilter(OncePerRequestFilter.java:111)
	at org.apache.catalina.core.ApplicationFilterChain.internalDoFilter(ApplicationFilterChain.java:189)
	at org.apache.catalina.core.ApplicationFilterChain.doFilter(ApplicationFilterChain.java:162)
	at org.springframework.web.filter.OncePerRequestFilter.doFilter(OncePerRequestFilter.java:111)
	at org.apache.catalina.core.ApplicationFilterChain.internalDoFilter(ApplicationFilterChain.java:189)
	at org.apache.catalina.core.ApplicationFilterChain.doFilter(ApplicationFilterChain.java:162)
	at org.apache.catalina.core.ApplicationDispatcher.invoke(ApplicationDispatcher.java:711)
	at org.apache.catalina.core.ApplicationDispatcher.processRequest(ApplicationDispatcher.java:459)
	at org.apache.catalina.core.ApplicationDispatcher.doForward(ApplicationDispatcher.java:385)
	at org.apache.catalina.core.ApplicationDispatcher.forward(ApplicationDispatcher.java:313)
	at org.springframework.web.servlet.view.InternalResourceView.renderMergedOutputModel(InternalResourceView.java:171)
	at org.springframework.web.servlet.view.AbstractView.render(AbstractView.java:316)
	at org.springframework.web.servlet.DispatcherServlet.render(DispatcherServlet.java:1404)
	at org.springframework.web.servlet.DispatcherServlet.processDispatchResult(DispatcherServlet.java:1148)
	at org.springframework.web.servlet.DispatcherServlet.doDispatch(DispatcherServlet.java:1087)
	at org.springframework.web.servlet.DispatcherServlet.doService(DispatcherServlet.java:963)
	at org.springframework.web.servlet.FrameworkServlet.processRequest(FrameworkServlet.java:1006)
	at org.springframework.web.servlet.FrameworkServlet.doGet(FrameworkServlet.java:898)
	at javax.servlet.http.HttpServlet.service(HttpServlet.java:655)
	at org.springframework.web.servlet.FrameworkServlet.service(FrameworkServlet.java:883)
	at javax.servlet.http.HttpServlet.service(HttpServlet.java:764)
	at org.apache.catalina.core.ApplicationFilterChain.internalDoFilter(ApplicationFilterChain.java:227)
	at org.apache.catalina.core.ApplicationFilterChain.doFilter(ApplicationFilterChain.java:162)
	at org.apache.tomcat.websocket.server.WsFilter.doFilter(WsFilter.java:53)
	at org.apache.catalina.core.ApplicationFilterChain.internalDoFilter(ApplicationFilterChain.java:189)
	at org.apache.catalina.core.ApplicationFilterChain.doFilter(ApplicationFilterChain.java:162)
	at com.example.quiz_project.filter.LoginFilter.doFilterInternal(LoginFilter.java:26)
	at org.springframework.web.filter.OncePerRequestFilter.doFilter(OncePerRequestFilter.java:117)
	at org.apache.catalina.core.ApplicationFilterChain.internalDoFilter(ApplicationFilterChain.java:189)
	at org.apache.catalina.core.ApplicationFilterChain.doFilter(ApplicationFilterChain.java:162)
	at org.springframework.web.filter.RequestContextFilter.doFilterInternal(RequestContextFilter.java:100)
	at org.springframework.web.filter.OncePerRequestFilter.doFilter(OncePerRequestFilter.java:117)
	at org.apache.catalina.core.ApplicationFilterChain.internalDoFilter(ApplicationFilterChain.java:189)
	at org.apache.catalina.core.ApplicationFilterChain.doFilter(ApplicationFilterChain.java:162)
	at org.springframework.web.filter.FormContentFilter.doFilterInternal(FormContentFilter.java:93)
	at org.springframework.web.filter.OncePerRequestFilter.doFilter(OncePerRequestFilter.java:117)
	at org.apache.catalina.core.ApplicationFilterChain.internalDoFilter(ApplicationFilterChain.java:189)
	at org.apache.catalina.core.ApplicationFilterChain.doFilter(ApplicationFilterChain.java:162)
	at org.springframework.web.filter.CharacterEncodingFilter.doFilterInternal(CharacterEncodingFilter.java:201)
	at org.springframework.web.filter.OncePerRequestFilter.doFilter(OncePerRequestFilter.java:117)
	at org.apache.catalina.core.ApplicationFilterChain.internalDoFilter(ApplicationFilterChain.java:189)
	at org.apache.catalina.core.ApplicationFilterChain.doFilter(ApplicationFilterChain.java:162)
	at org.apache.catalina.core.StandardWrapperValve.invoke(StandardWrapperValve.java:197)
	at org.apache.catalina.core.StandardContextValve.invoke(StandardContextValve.java:97)
	at org.apache.catalina.authenticator.AuthenticatorBase.invoke(AuthenticatorBase.java:541)
	at org.apache.catalina.core.StandardHostValve.invoke(StandardHostValve.java:135)
	at org.apache.catalina.valves.ErrorReportValve.invoke(ErrorReportValve.java:92)
	at org.apache.catalina.core.StandardEngineValve.invoke(StandardEngineValve.java:78)
	at org.apache.catalina.connector.CoyoteAdapter.service(CoyoteAdapter.java:360)
	at org.apache.coyote.http11.Http11Processor.service(Http11Processor.java:399)
	at org.apache.coyote.AbstractProcessorLight.process(AbstractProcessorLight.java:65)
	at org.apache.coyote.AbstractProtocol$ConnectionHandler.process(AbstractProtocol.java:890)
	at org.apache.tomcat.util.net.NioEndpoint$SocketProcessor.doRun(NioEndpoint.java:1789)
	at org.apache.tomcat.util.net.SocketProcessorBase.run(SocketProcessorBase.java:49)
	at org.apache.tomcat.util.threads.ThreadPoolExecutor.runWorker(ThreadPoolExecutor.java:1191)
	at org.apache.tomcat.util.threads.ThreadPoolExecutor$Worker.run(ThreadPoolExecutor.java:659)
	at org.apache.tomcat.util.threads.TaskThread$WrappingRunnable.run(TaskThread.java:61)
	at java.lang.Thread.run(Thread.java:750)
2025-08-06 10:37:42,117 INFO  [main] com.example.quiz_project.QuizProjectApplication:logStarting:55 - Starting QuizProjectApplication using Java 1.8.0_452 on Haneko with PID 6596 (D:\Code_projects\target\classes started by 40108 in D:\Code_projects)
2025-08-06 10:37:42,119 INFO  [main] com.example.quiz_project.QuizProjectApplication:logStartupProfileInfo:634 - No active profile set, falling back to 1 default profile: "default"
2025-08-06 10:37:42,625 INFO  [main] org.springframework.data.repository.config.RepositoryConfigurationDelegate:registerRepositoriesIn:132 - Bootstrapping Spring Data JDBC repositories in DEFAULT mode.
2025-08-06 10:37:42,637 INFO  [main] org.springframework.data.repository.config.RepositoryConfigurationDelegate:registerRepositoriesIn:201 - Finished Spring Data repository scanning in 8 ms. Found 0 JDBC repository interfaces.
2025-08-06 10:37:43,177 INFO  [main] org.springframework.boot.web.embedded.tomcat.TomcatWebServer:initialize:108 - Tomcat initialized with port(s): 8080 (http)
2025-08-06 10:37:43,186 INFO  [main] org.apache.coyote.http11.Http11NioProtocol:log:173 - Initializing ProtocolHandler ["http-nio-8080"]
2025-08-06 10:37:43,186 INFO  [main] org.apache.catalina.core.StandardService:log:173 - Starting service [Tomcat]
2025-08-06 10:37:43,186 INFO  [main] org.apache.catalina.core.StandardEngine:log:173 - Starting Servlet engine: [Apache Tomcat/9.0.65]
2025-08-06 10:37:43,376 INFO  [main] org.apache.jasper.servlet.TldScanner:log:173 - At least one JAR was scanned for TLDs yet contained no TLDs. Enable debug logging for this logger for a complete list of JARs that were scanned but no TLDs were found in them. Skipping unneeded JARs during scanning can improve startup time and JSP compilation time.
2025-08-06 10:37:43,381 INFO  [main] org.apache.catalina.core.ContainerBase.[Tomcat].[localhost].[/]:log:173 - Initializing Spring embedded WebApplicationContext
2025-08-06 10:37:43,382 INFO  [main] org.springframework.boot.web.servlet.context.ServletWebServerApplicationContext:prepareWebApplicationContext:292 - Root WebApplicationContext: initialization completed in 1226 ms
2025-08-06 10:37:44,151 INFO  [main] org.apache.coyote.http11.Http11NioProtocol:log:173 - Starting ProtocolHandler ["http-nio-8080"]
2025-08-06 10:37:44,174 INFO  [main] org.springframework.boot.web.embedded.tomcat.TomcatWebServer:start:220 - Tomcat started on port(s): 8080 (http) with context path ''
2025-08-06 10:37:44,183 INFO  [main] com.example.quiz_project.QuizProjectApplication:logStarted:61 - Started QuizProjectApplication in 2.464 seconds (JVM running for 2.843)
2025-08-06 10:37:48,867 INFO  [http-nio-8080-exec-1] org.apache.catalina.core.ContainerBase.[Tomcat].[localhost].[/]:log:173 - Initializing Spring DispatcherServlet 'dispatcherServlet'
2025-08-06 10:37:48,867 INFO  [http-nio-8080-exec-1] org.springframework.web.servlet.DispatcherServlet:initServletBean:525 - Initializing Servlet 'dispatcherServlet'
2025-08-06 10:37:48,868 INFO  [http-nio-8080-exec-1] org.springframework.web.servlet.DispatcherServlet:initServletBean:547 - Completed initialization in 1 ms
2025-08-06 11:28:05,691 INFO  [main] com.example.quiz_project.QuizProjectApplication:logStarting:55 - Starting QuizProjectApplication using Java 1.8.0_452 on Haneko with PID 15548 (D:\Code_projects\target\classes started by 40108 in D:\Code_projects)
2025-08-06 11:28:05,693 INFO  [main] com.example.quiz_project.QuizProjectApplication:logStartupProfileInfo:634 - No active profile set, falling back to 1 default profile: "default"
2025-08-06 11:28:06,164 INFO  [main] org.springframework.data.repository.config.RepositoryConfigurationDelegate:registerRepositoriesIn:132 - Bootstrapping Spring Data JDBC repositories in DEFAULT mode.
2025-08-06 11:28:06,176 INFO  [main] org.springframework.data.repository.config.RepositoryConfigurationDelegate:registerRepositoriesIn:201 - Finished Spring Data repository scanning in 9 ms. Found 0 JDBC repository interfaces.
2025-08-06 11:28:06,777 INFO  [main] org.springframework.boot.web.embedded.tomcat.TomcatWebServer:initialize:108 - Tomcat initialized with port(s): 8080 (http)
2025-08-06 11:28:06,784 INFO  [main] org.apache.coyote.http11.Http11NioProtocol:log:173 - Initializing ProtocolHandler ["http-nio-8080"]
2025-08-06 11:28:06,785 INFO  [main] org.apache.catalina.core.StandardService:log:173 - Starting service [Tomcat]
2025-08-06 11:28:06,785 INFO  [main] org.apache.catalina.core.StandardEngine:log:173 - Starting Servlet engine: [Apache Tomcat/9.0.65]
2025-08-06 11:28:06,960 INFO  [main] org.apache.jasper.servlet.TldScanner:log:173 - At least one JAR was scanned for TLDs yet contained no TLDs. Enable debug logging for this logger for a complete list of JARs that were scanned but no TLDs were found in them. Skipping unneeded JARs during scanning can improve startup time and JSP compilation time.
2025-08-06 11:28:06,965 INFO  [main] org.apache.catalina.core.ContainerBase.[Tomcat].[localhost].[/]:log:173 - Initializing Spring embedded WebApplicationContext
2025-08-06 11:28:06,965 INFO  [main] org.springframework.boot.web.servlet.context.ServletWebServerApplicationContext:prepareWebApplicationContext:292 - Root WebApplicationContext: initialization completed in 1237 ms
2025-08-06 11:28:07,322 WARN  [main] org.springframework.boot.web.servlet.context.AnnotationConfigServletWebServerApplicationContext:refresh:591 - Exception encountered during context initialization - cancelling refresh attempt: org.springframework.beans.factory.BeanCreationException: Error creating bean with name 'requestMappingHandlerMapping' defined in class path resource [org/springframework/boot/autoconfigure/web/servlet/WebMvcAutoConfiguration$EnableWebMvcConfiguration.class]: Invocation of init method failed; nested exception is java.lang.IllegalStateException: Ambiguous mapping. Cannot map 'adminQuizController' method 
com.example.quiz_project.controller.AdminQuizController#viewAllContact(Model, HttpSession)
to {GET [/admin/feedback]}: There is already 'adminQuizController' bean method
com.example.quiz_project.controller.AdminQuizController#viewAllFeedback(Model, HttpSession) mapped.
2025-08-06 11:28:07,325 INFO  [main] org.apache.catalina.core.StandardService:log:173 - Stopping service [Tomcat]
2025-08-06 11:28:07,332 INFO  [main] org.springframework.boot.autoconfigure.logging.ConditionEvaluationReportLoggingListener:logMessage:136 - 

Error starting ApplicationContext. To display the conditions report re-run your application with 'debug' enabled.
2025-08-06 11:28:07,353 ERROR [main] org.springframework.boot.SpringApplication:reportFailure:824 - Application run failed
org.springframework.beans.factory.BeanCreationException: Error creating bean with name 'requestMappingHandlerMapping' defined in class path resource [org/springframework/boot/autoconfigure/web/servlet/WebMvcAutoConfiguration$EnableWebMvcConfiguration.class]: Invocation of init method failed; nested exception is java.lang.IllegalStateException: Ambiguous mapping. Cannot map 'adminQuizController' method 
com.example.quiz_project.controller.AdminQuizController#viewAllContact(Model, HttpSession)
to {GET [/admin/feedback]}: There is already 'adminQuizController' bean method
com.example.quiz_project.controller.AdminQuizController#viewAllFeedback(Model, HttpSession) mapped.
	at org.springframework.beans.factory.support.AbstractAutowireCapableBeanFactory.initializeBean(AbstractAutowireCapableBeanFactory.java:1804)
	at org.springframework.beans.factory.support.AbstractAutowireCapableBeanFactory.doCreateBean(AbstractAutowireCapableBeanFactory.java:620)
	at org.springframework.beans.factory.support.AbstractAutowireCapableBeanFactory.createBean(AbstractAutowireCapableBeanFactory.java:542)
	at org.springframework.beans.factory.support.AbstractBeanFactory.lambda$doGetBean$0(AbstractBeanFactory.java:335)
	at org.springframework.beans.factory.support.DefaultSingletonBeanRegistry.getSingleton(DefaultSingletonBeanRegistry.java:234)
	at org.springframework.beans.factory.support.AbstractBeanFactory.doGetBean(AbstractBeanFactory.java:333)
	at org.springframework.beans.factory.support.AbstractBeanFactory.getBean(AbstractBeanFactory.java:208)
	at org.springframework.beans.factory.support.DefaultListableBeanFactory.preInstantiateSingletons(DefaultListableBeanFactory.java:955)
	at org.springframework.context.support.AbstractApplicationContext.finishBeanFactoryInitialization(AbstractApplicationContext.java:918)
	at org.springframework.context.support.AbstractApplicationContext.refresh(AbstractApplicationContext.java:583)
	at org.springframework.boot.web.servlet.context.ServletWebServerApplicationContext.refresh(ServletWebServerApplicationContext.java:147)
	at org.springframework.boot.SpringApplication.refresh(SpringApplication.java:734)
	at org.springframework.boot.SpringApplication.refreshContext(SpringApplication.java:408)
	at org.springframework.boot.SpringApplication.run(SpringApplication.java:308)
	at org.springframework.boot.SpringApplication.run(SpringApplication.java:1306)
	at org.springframework.boot.SpringApplication.run(SpringApplication.java:1295)
	at com.example.quiz_project.QuizProjectApplication.main(QuizProjectApplication.java:12)
Caused by: java.lang.IllegalStateException: Ambiguous mapping. Cannot map 'adminQuizController' method 
com.example.quiz_project.controller.AdminQuizController#viewAllContact(Model, HttpSession)
to {GET [/admin/feedback]}: There is already 'adminQuizController' bean method
com.example.quiz_project.controller.AdminQuizController#viewAllFeedback(Model, HttpSession) mapped.
	at org.springframework.web.servlet.handler.AbstractHandlerMethodMapping$MappingRegistry.validateMethodMapping(AbstractHandlerMethodMapping.java:669)
	at org.springframework.web.servlet.handler.AbstractHandlerMethodMapping$MappingRegistry.register(AbstractHandlerMethodMapping.java:635)
	at org.springframework.web.servlet.handler.AbstractHandlerMethodMapping.registerHandlerMethod(AbstractHandlerMethodMapping.java:332)
	at org.springframework.web.servlet.mvc.method.annotation.RequestMappingHandlerMapping.registerHandlerMethod(RequestMappingHandlerMapping.java:420)
	at org.springframework.web.servlet.mvc.method.annotation.RequestMappingHandlerMapping.registerHandlerMethod(RequestMappingHandlerMapping.java:76)
	at org.springframework.web.servlet.handler.AbstractHandlerMethodMapping.lambda$detectHandlerMethods$2(AbstractHandlerMethodMapping.java:299)
	at java.util.LinkedHashMap.forEach(LinkedHashMap.java:684)
	at org.springframework.web.servlet.handler.AbstractHandlerMethodMapping.detectHandlerMethods(AbstractHandlerMethodMapping.java:297)
	at org.springframework.web.servlet.handler.AbstractHandlerMethodMapping.processCandidateBean(AbstractHandlerMethodMapping.java:266)
	at org.springframework.web.servlet.handler.AbstractHandlerMethodMapping.initHandlerMethods(AbstractHandlerMethodMapping.java:225)
	at org.springframework.web.servlet.handler.AbstractHandlerMethodMapping.afterPropertiesSet(AbstractHandlerMethodMapping.java:213)
	at org.springframework.web.servlet.mvc.method.annotation.RequestMappingHandlerMapping.afterPropertiesSet(RequestMappingHandlerMapping.java:205)
	at org.springframework.beans.factory.support.AbstractAutowireCapableBeanFactory.invokeInitMethods(AbstractAutowireCapableBeanFactory.java:1863)
	at org.springframework.beans.factory.support.AbstractAutowireCapableBeanFactory.initializeBean(AbstractAutowireCapableBeanFactory.java:1800)
	... 16 common frames omitted
2025-08-06 11:29:07,247 INFO  [main] com.example.quiz_project.QuizProjectApplication:logStarting:55 - Starting QuizProjectApplication using Java 1.8.0_452 on Haneko with PID 9316 (D:\Code_projects\target\classes started by 40108 in D:\Code_projects)
2025-08-06 11:29:07,250 INFO  [main] com.example.quiz_project.QuizProjectApplication:logStartupProfileInfo:634 - No active profile set, falling back to 1 default profile: "default"
2025-08-06 11:29:07,676 INFO  [main] org.springframework.data.repository.config.RepositoryConfigurationDelegate:registerRepositoriesIn:132 - Bootstrapping Spring Data JDBC repositories in DEFAULT mode.
2025-08-06 11:29:07,687 INFO  [main] org.springframework.data.repository.config.RepositoryConfigurationDelegate:registerRepositoriesIn:201 - Finished Spring Data repository scanning in 7 ms. Found 0 JDBC repository interfaces.
2025-08-06 11:29:08,222 INFO  [main] org.springframework.boot.web.embedded.tomcat.TomcatWebServer:initialize:108 - Tomcat initialized with port(s): 8080 (http)
2025-08-06 11:29:08,229 INFO  [main] org.apache.coyote.http11.Http11NioProtocol:log:173 - Initializing ProtocolHandler ["http-nio-8080"]
2025-08-06 11:29:08,230 INFO  [main] org.apache.catalina.core.StandardService:log:173 - Starting service [Tomcat]
2025-08-06 11:29:08,230 INFO  [main] org.apache.catalina.core.StandardEngine:log:173 - Starting Servlet engine: [Apache Tomcat/9.0.65]
2025-08-06 11:29:08,405 INFO  [main] org.apache.jasper.servlet.TldScanner:log:173 - At least one JAR was scanned for TLDs yet contained no TLDs. Enable debug logging for this logger for a complete list of JARs that were scanned but no TLDs were found in them. Skipping unneeded JARs during scanning can improve startup time and JSP compilation time.
2025-08-06 11:29:08,410 INFO  [main] org.apache.catalina.core.ContainerBase.[Tomcat].[localhost].[/]:log:173 - Initializing Spring embedded WebApplicationContext
2025-08-06 11:29:08,410 INFO  [main] org.springframework.boot.web.servlet.context.ServletWebServerApplicationContext:prepareWebApplicationContext:292 - Root WebApplicationContext: initialization completed in 1125 ms
2025-08-06 11:29:09,161 INFO  [main] org.apache.coyote.http11.Http11NioProtocol:log:173 - Starting ProtocolHandler ["http-nio-8080"]
2025-08-06 11:29:09,181 INFO  [main] org.springframework.boot.web.embedded.tomcat.TomcatWebServer:start:220 - Tomcat started on port(s): 8080 (http) with context path ''
2025-08-06 11:29:09,189 INFO  [main] com.example.quiz_project.QuizProjectApplication:logStarted:61 - Started QuizProjectApplication in 2.257 seconds (JVM running for 2.565)
2025-08-06 11:29:13,320 INFO  [http-nio-8080-exec-1] org.apache.catalina.core.ContainerBase.[Tomcat].[localhost].[/]:log:173 - Initializing Spring DispatcherServlet 'dispatcherServlet'
2025-08-06 11:29:13,321 INFO  [http-nio-8080-exec-1] org.springframework.web.servlet.DispatcherServlet:initServletBean:525 - Initializing Servlet 'dispatcherServlet'
2025-08-06 11:29:13,321 INFO  [http-nio-8080-exec-1] org.springframework.web.servlet.DispatcherServlet:initServletBean:547 - Completed initialization in 0 ms
2025-08-06 11:34:54,123 INFO  [main] com.example.quiz_project.QuizProjectApplication:logStarting:55 - Starting QuizProjectApplication using Java 1.8.0_452 on Haneko with PID 18612 (D:\Code_projects\target\classes started by 40108 in D:\Code_projects)
2025-08-06 11:34:54,126 INFO  [main] com.example.quiz_project.QuizProjectApplication:logStartupProfileInfo:634 - No active profile set, falling back to 1 default profile: "default"
2025-08-06 11:34:54,688 INFO  [main] org.springframework.data.repository.config.RepositoryConfigurationDelegate:registerRepositoriesIn:132 - Bootstrapping Spring Data JDBC repositories in DEFAULT mode.
2025-08-06 11:34:54,700 INFO  [main] org.springframework.data.repository.config.RepositoryConfigurationDelegate:registerRepositoriesIn:201 - Finished Spring Data repository scanning in 8 ms. Found 0 JDBC repository interfaces.
2025-08-06 11:34:55,247 INFO  [main] org.springframework.boot.web.embedded.tomcat.TomcatWebServer:initialize:108 - Tomcat initialized with port(s): 8080 (http)
2025-08-06 11:34:55,255 INFO  [main] org.apache.coyote.http11.Http11NioProtocol:log:173 - Initializing ProtocolHandler ["http-nio-8080"]
2025-08-06 11:34:55,255 INFO  [main] org.apache.catalina.core.StandardService:log:173 - Starting service [Tomcat]
2025-08-06 11:34:55,255 INFO  [main] org.apache.catalina.core.StandardEngine:log:173 - Starting Servlet engine: [Apache Tomcat/9.0.65]
2025-08-06 11:34:55,436 INFO  [main] org.apache.jasper.servlet.TldScanner:log:173 - At least one JAR was scanned for TLDs yet contained no TLDs. Enable debug logging for this logger for a complete list of JARs that were scanned but no TLDs were found in them. Skipping unneeded JARs during scanning can improve startup time and JSP compilation time.
2025-08-06 11:34:55,441 INFO  [main] org.apache.catalina.core.ContainerBase.[Tomcat].[localhost].[/]:log:173 - Initializing Spring embedded WebApplicationContext
2025-08-06 11:34:55,442 INFO  [main] org.springframework.boot.web.servlet.context.ServletWebServerApplicationContext:prepareWebApplicationContext:292 - Root WebApplicationContext: initialization completed in 1266 ms
2025-08-06 11:34:56,196 INFO  [main] org.apache.coyote.http11.Http11NioProtocol:log:173 - Starting ProtocolHandler ["http-nio-8080"]
2025-08-06 11:34:56,217 INFO  [main] org.springframework.boot.web.embedded.tomcat.TomcatWebServer:start:220 - Tomcat started on port(s): 8080 (http) with context path ''
2025-08-06 11:34:56,224 INFO  [main] com.example.quiz_project.QuizProjectApplication:logStarted:61 - Started QuizProjectApplication in 2.493 seconds (JVM running for 2.839)
2025-08-06 11:34:59,957 INFO  [http-nio-8080-exec-1] org.apache.catalina.core.ContainerBase.[Tomcat].[localhost].[/]:log:173 - Initializing Spring DispatcherServlet 'dispatcherServlet'
2025-08-06 11:34:59,958 INFO  [http-nio-8080-exec-1] org.springframework.web.servlet.DispatcherServlet:initServletBean:525 - Initializing Servlet 'dispatcherServlet'
2025-08-06 11:34:59,958 INFO  [http-nio-8080-exec-1] org.springframework.web.servlet.DispatcherServlet:initServletBean:547 - Completed initialization in 0 ms
2025-08-06 11:39:20,103 INFO  [main] com.example.quiz_project.QuizProjectApplication:logStarting:55 - Starting QuizProjectApplication using Java 1.8.0_452 on Haneko with PID 13328 (D:\Code_projects\target\classes started by 40108 in D:\Code_projects)
2025-08-06 11:39:20,105 INFO  [main] com.example.quiz_project.QuizProjectApplication:logStartupProfileInfo:634 - No active profile set, falling back to 1 default profile: "default"
2025-08-06 11:39:20,567 INFO  [main] org.springframework.data.repository.config.RepositoryConfigurationDelegate:registerRepositoriesIn:132 - Bootstrapping Spring Data JDBC repositories in DEFAULT mode.
2025-08-06 11:39:20,579 INFO  [main] org.springframework.data.repository.config.RepositoryConfigurationDelegate:registerRepositoriesIn:201 - Finished Spring Data repository scanning in 9 ms. Found 0 JDBC repository interfaces.
2025-08-06 11:39:21,126 INFO  [main] org.springframework.boot.web.embedded.tomcat.TomcatWebServer:initialize:108 - Tomcat initialized with port(s): 8080 (http)
2025-08-06 11:39:21,134 INFO  [main] org.apache.coyote.http11.Http11NioProtocol:log:173 - Initializing ProtocolHandler ["http-nio-8080"]
2025-08-06 11:39:21,134 INFO  [main] org.apache.catalina.core.StandardService:log:173 - Starting service [Tomcat]
2025-08-06 11:39:21,135 INFO  [main] org.apache.catalina.core.StandardEngine:log:173 - Starting Servlet engine: [Apache Tomcat/9.0.65]
2025-08-06 11:39:21,300 INFO  [main] org.apache.jasper.servlet.TldScanner:log:173 - At least one JAR was scanned for TLDs yet contained no TLDs. Enable debug logging for this logger for a complete list of JARs that were scanned but no TLDs were found in them. Skipping unneeded JARs during scanning can improve startup time and JSP compilation time.
2025-08-06 11:39:21,305 INFO  [main] org.apache.catalina.core.ContainerBase.[Tomcat].[localhost].[/]:log:173 - Initializing Spring embedded WebApplicationContext
2025-08-06 11:39:21,306 INFO  [main] org.springframework.boot.web.servlet.context.ServletWebServerApplicationContext:prepareWebApplicationContext:292 - Root WebApplicationContext: initialization completed in 1164 ms
2025-08-06 11:39:21,971 INFO  [main] org.apache.coyote.http11.Http11NioProtocol:log:173 - Starting ProtocolHandler ["http-nio-8080"]
2025-08-06 11:39:21,990 INFO  [main] org.springframework.boot.web.embedded.tomcat.TomcatWebServer:start:220 - Tomcat started on port(s): 8080 (http) with context path ''
2025-08-06 11:39:21,998 INFO  [main] com.example.quiz_project.QuizProjectApplication:logStarted:61 - Started QuizProjectApplication in 2.208 seconds (JVM running for 2.51)
2025-08-06 11:39:26,185 INFO  [http-nio-8080-exec-1] org.apache.catalina.core.ContainerBase.[Tomcat].[localhost].[/]:log:173 - Initializing Spring DispatcherServlet 'dispatcherServlet'
2025-08-06 11:39:26,186 INFO  [http-nio-8080-exec-1] org.springframework.web.servlet.DispatcherServlet:initServletBean:525 - Initializing Servlet 'dispatcherServlet'
2025-08-06 11:39:26,186 INFO  [http-nio-8080-exec-1] org.springframework.web.servlet.DispatcherServlet:initServletBean:547 - Completed initialization in 0 ms
2025-08-06 11:41:29,072 INFO  [main] com.example.quiz_project.QuizProjectApplication:logStarting:55 - Starting QuizProjectApplication using Java 1.8.0_452 on Haneko with PID 18292 (D:\Code_projects\target\classes started by 40108 in D:\Code_projects)
2025-08-06 11:41:29,074 INFO  [main] com.example.quiz_project.QuizProjectApplication:logStartupProfileInfo:634 - No active profile set, falling back to 1 default profile: "default"
2025-08-06 11:41:29,535 INFO  [main] org.springframework.data.repository.config.RepositoryConfigurationDelegate:registerRepositoriesIn:132 - Bootstrapping Spring Data JDBC repositories in DEFAULT mode.
2025-08-06 11:41:29,546 INFO  [main] org.springframework.data.repository.config.RepositoryConfigurationDelegate:registerRepositoriesIn:201 - Finished Spring Data repository scanning in 7 ms. Found 0 JDBC repository interfaces.
2025-08-06 11:41:30,087 INFO  [main] org.springframework.boot.web.embedded.tomcat.TomcatWebServer:initialize:108 - Tomcat initialized with port(s): 8080 (http)
2025-08-06 11:41:30,095 INFO  [main] org.apache.coyote.http11.Http11NioProtocol:log:173 - Initializing ProtocolHandler ["http-nio-8080"]
2025-08-06 11:41:30,095 INFO  [main] org.apache.catalina.core.StandardService:log:173 - Starting service [Tomcat]
2025-08-06 11:41:30,096 INFO  [main] org.apache.catalina.core.StandardEngine:log:173 - Starting Servlet engine: [Apache Tomcat/9.0.65]
2025-08-06 11:41:30,268 INFO  [main] org.apache.jasper.servlet.TldScanner:log:173 - At least one JAR was scanned for TLDs yet contained no TLDs. Enable debug logging for this logger for a complete list of JARs that were scanned but no TLDs were found in them. Skipping unneeded JARs during scanning can improve startup time and JSP compilation time.
2025-08-06 11:41:30,274 INFO  [main] org.apache.catalina.core.ContainerBase.[Tomcat].[localhost].[/]:log:173 - Initializing Spring embedded WebApplicationContext
2025-08-06 11:41:30,274 INFO  [main] org.springframework.boot.web.servlet.context.ServletWebServerApplicationContext:prepareWebApplicationContext:292 - Root WebApplicationContext: initialization completed in 1164 ms
2025-08-06 11:41:31,046 INFO  [main] org.apache.coyote.http11.Http11NioProtocol:log:173 - Starting ProtocolHandler ["http-nio-8080"]
2025-08-06 11:41:31,066 INFO  [main] org.springframework.boot.web.embedded.tomcat.TomcatWebServer:start:220 - Tomcat started on port(s): 8080 (http) with context path ''
2025-08-06 11:41:31,073 INFO  [main] com.example.quiz_project.QuizProjectApplication:logStarted:61 - Started QuizProjectApplication in 2.338 seconds (JVM running for 2.695)
2025-08-06 11:41:37,456 INFO  [http-nio-8080-exec-1] org.apache.catalina.core.ContainerBase.[Tomcat].[localhost].[/]:log:173 - Initializing Spring DispatcherServlet 'dispatcherServlet'
2025-08-06 11:41:37,456 INFO  [http-nio-8080-exec-1] org.springframework.web.servlet.DispatcherServlet:initServletBean:525 - Initializing Servlet 'dispatcherServlet'
2025-08-06 11:41:37,457 INFO  [http-nio-8080-exec-1] org.springframework.web.servlet.DispatcherServlet:initServletBean:547 - Completed initialization in 1 ms
2025-08-06 11:42:20,905 INFO  [main] com.example.quiz_project.QuizProjectApplication:logStarting:55 - Starting QuizProjectApplication using Java 1.8.0_452 on Haneko with PID 14208 (D:\Code_projects\target\classes started by 40108 in D:\Code_projects)
2025-08-06 11:42:20,908 INFO  [main] com.example.quiz_project.QuizProjectApplication:logStartupProfileInfo:634 - No active profile set, falling back to 1 default profile: "default"
2025-08-06 11:42:21,339 INFO  [main] org.springframework.data.repository.config.RepositoryConfigurationDelegate:registerRepositoriesIn:132 - Bootstrapping Spring Data JDBC repositories in DEFAULT mode.
2025-08-06 11:42:21,350 INFO  [main] org.springframework.data.repository.config.RepositoryConfigurationDelegate:registerRepositoriesIn:201 - Finished Spring Data repository scanning in 7 ms. Found 0 JDBC repository interfaces.
2025-08-06 11:42:21,875 INFO  [main] org.springframework.boot.web.embedded.tomcat.TomcatWebServer:initialize:108 - Tomcat initialized with port(s): 8080 (http)
2025-08-06 11:42:21,882 INFO  [main] org.apache.coyote.http11.Http11NioProtocol:log:173 - Initializing ProtocolHandler ["http-nio-8080"]
2025-08-06 11:42:21,883 INFO  [main] org.apache.catalina.core.StandardService:log:173 - Starting service [Tomcat]
2025-08-06 11:42:21,883 INFO  [main] org.apache.catalina.core.StandardEngine:log:173 - Starting Servlet engine: [Apache Tomcat/9.0.65]
2025-08-06 11:42:22,057 INFO  [main] org.apache.jasper.servlet.TldScanner:log:173 - At least one JAR was scanned for TLDs yet contained no TLDs. Enable debug logging for this logger for a complete list of JARs that were scanned but no TLDs were found in them. Skipping unneeded JARs during scanning can improve startup time and JSP compilation time.
2025-08-06 11:42:22,062 INFO  [main] org.apache.catalina.core.ContainerBase.[Tomcat].[localhost].[/]:log:173 - Initializing Spring embedded WebApplicationContext
2025-08-06 11:42:22,062 INFO  [main] org.springframework.boot.web.servlet.context.ServletWebServerApplicationContext:prepareWebApplicationContext:292 - Root WebApplicationContext: initialization completed in 1117 ms
2025-08-06 11:42:22,781 INFO  [main] org.apache.coyote.http11.Http11NioProtocol:log:173 - Starting ProtocolHandler ["http-nio-8080"]
2025-08-06 11:42:22,800 INFO  [main] org.springframework.boot.web.embedded.tomcat.TomcatWebServer:start:220 - Tomcat started on port(s): 8080 (http) with context path ''
2025-08-06 11:42:22,807 INFO  [main] com.example.quiz_project.QuizProjectApplication:logStarted:61 - Started QuizProjectApplication in 2.204 seconds (JVM running for 2.508)
2025-08-06 11:42:28,959 INFO  [http-nio-8080-exec-1] org.apache.catalina.core.ContainerBase.[Tomcat].[localhost].[/]:log:173 - Initializing Spring DispatcherServlet 'dispatcherServlet'
2025-08-06 11:42:28,959 INFO  [http-nio-8080-exec-1] org.springframework.web.servlet.DispatcherServlet:initServletBean:525 - Initializing Servlet 'dispatcherServlet'
2025-08-06 11:42:28,960 INFO  [http-nio-8080-exec-1] org.springframework.web.servlet.DispatcherServlet:initServletBean:547 - Completed initialization in 1 ms
2025-08-06 11:49:58,326 INFO  [main] com.example.quiz_project.QuizProjectApplication:logStarting:55 - Starting QuizProjectApplication using Java 1.8.0_452 on Haneko with PID 3368 (D:\Code_projects\target\classes started by 40108 in D:\Code_projects)
2025-08-06 11:49:58,328 INFO  [main] com.example.quiz_project.QuizProjectApplication:logStartupProfileInfo:634 - No active profile set, falling back to 1 default profile: "default"
2025-08-06 11:49:58,764 INFO  [main] org.springframework.data.repository.config.RepositoryConfigurationDelegate:registerRepositoriesIn:132 - Bootstrapping Spring Data JDBC repositories in DEFAULT mode.
2025-08-06 11:49:58,775 INFO  [main] org.springframework.data.repository.config.RepositoryConfigurationDelegate:registerRepositoriesIn:201 - Finished Spring Data repository scanning in 7 ms. Found 0 JDBC repository interfaces.
2025-08-06 11:49:59,319 INFO  [main] org.springframework.boot.web.embedded.tomcat.TomcatWebServer:initialize:108 - Tomcat initialized with port(s): 8080 (http)
2025-08-06 11:49:59,326 INFO  [main] org.apache.coyote.http11.Http11NioProtocol:log:173 - Initializing ProtocolHandler ["http-nio-8080"]
2025-08-06 11:49:59,327 INFO  [main] org.apache.catalina.core.StandardService:log:173 - Starting service [Tomcat]
2025-08-06 11:49:59,328 INFO  [main] org.apache.catalina.core.StandardEngine:log:173 - Starting Servlet engine: [Apache Tomcat/9.0.65]
2025-08-06 11:49:59,510 INFO  [main] org.apache.jasper.servlet.TldScanner:log:173 - At least one JAR was scanned for TLDs yet contained no TLDs. Enable debug logging for this logger for a complete list of JARs that were scanned but no TLDs were found in them. Skipping unneeded JARs during scanning can improve startup time and JSP compilation time.
2025-08-06 11:49:59,515 INFO  [main] org.apache.catalina.core.ContainerBase.[Tomcat].[localhost].[/]:log:173 - Initializing Spring embedded WebApplicationContext
2025-08-06 11:49:59,515 INFO  [main] org.springframework.boot.web.servlet.context.ServletWebServerApplicationContext:prepareWebApplicationContext:292 - Root WebApplicationContext: initialization completed in 1154 ms
2025-08-06 11:50:00,243 INFO  [main] org.apache.coyote.http11.Http11NioProtocol:log:173 - Starting ProtocolHandler ["http-nio-8080"]
2025-08-06 11:50:00,263 INFO  [main] org.springframework.boot.web.embedded.tomcat.TomcatWebServer:start:220 - Tomcat started on port(s): 8080 (http) with context path ''
2025-08-06 11:50:00,269 INFO  [main] com.example.quiz_project.QuizProjectApplication:logStarted:61 - Started QuizProjectApplication in 2.255 seconds (JVM running for 2.553)
2025-08-06 11:50:04,212 INFO  [http-nio-8080-exec-1] org.apache.catalina.core.ContainerBase.[Tomcat].[localhost].[/]:log:173 - Initializing Spring DispatcherServlet 'dispatcherServlet'
2025-08-06 11:50:04,212 INFO  [http-nio-8080-exec-1] org.springframework.web.servlet.DispatcherServlet:initServletBean:525 - Initializing Servlet 'dispatcherServlet'
2025-08-06 11:50:04,213 INFO  [http-nio-8080-exec-1] org.springframework.web.servlet.DispatcherServlet:initServletBean:547 - Completed initialization in 1 ms
2025-08-06 11:53:55,765 INFO  [main] com.example.quiz_project.QuizProjectApplication:logStarting:55 - Starting QuizProjectApplication using Java 1.8.0_452 on Haneko with PID 15732 (D:\Code_projects\target\classes started by 40108 in D:\Code_projects)
2025-08-06 11:53:55,767 INFO  [main] com.example.quiz_project.QuizProjectApplication:logStartupProfileInfo:634 - No active profile set, falling back to 1 default profile: "default"
2025-08-06 11:53:56,188 INFO  [main] org.springframework.data.repository.config.RepositoryConfigurationDelegate:registerRepositoriesIn:132 - Bootstrapping Spring Data JDBC repositories in DEFAULT mode.
2025-08-06 11:53:56,199 INFO  [main] org.springframework.data.repository.config.RepositoryConfigurationDelegate:registerRepositoriesIn:201 - Finished Spring Data repository scanning in 7 ms. Found 0 JDBC repository interfaces.
2025-08-06 11:53:56,710 INFO  [main] org.springframework.boot.web.embedded.tomcat.TomcatWebServer:initialize:108 - Tomcat initialized with port(s): 8080 (http)
2025-08-06 11:53:56,717 INFO  [main] org.apache.coyote.http11.Http11NioProtocol:log:173 - Initializing ProtocolHandler ["http-nio-8080"]
2025-08-06 11:53:56,718 INFO  [main] org.apache.catalina.core.StandardService:log:173 - Starting service [Tomcat]
2025-08-06 11:53:56,718 INFO  [main] org.apache.catalina.core.StandardEngine:log:173 - Starting Servlet engine: [Apache Tomcat/9.0.65]
2025-08-06 11:53:56,886 INFO  [main] org.apache.jasper.servlet.TldScanner:log:173 - At least one JAR was scanned for TLDs yet contained no TLDs. Enable debug logging for this logger for a complete list of JARs that were scanned but no TLDs were found in them. Skipping unneeded JARs during scanning can improve startup time and JSP compilation time.
2025-08-06 11:53:56,891 INFO  [main] org.apache.catalina.core.ContainerBase.[Tomcat].[localhost].[/]:log:173 - Initializing Spring embedded WebApplicationContext
2025-08-06 11:53:56,891 INFO  [main] org.springframework.boot.web.servlet.context.ServletWebServerApplicationContext:prepareWebApplicationContext:292 - Root WebApplicationContext: initialization completed in 1089 ms
2025-08-06 11:53:57,623 INFO  [main] org.apache.coyote.http11.Http11NioProtocol:log:173 - Starting ProtocolHandler ["http-nio-8080"]
2025-08-06 11:53:57,643 INFO  [main] org.springframework.boot.web.embedded.tomcat.TomcatWebServer:start:220 - Tomcat started on port(s): 8080 (http) with context path ''
2025-08-06 11:53:57,649 INFO  [main] com.example.quiz_project.QuizProjectApplication:logStarted:61 - Started QuizProjectApplication in 2.188 seconds (JVM running for 2.495)
2025-08-06 11:54:15,541 INFO  [http-nio-8080-exec-1] org.apache.catalina.core.ContainerBase.[Tomcat].[localhost].[/]:log:173 - Initializing Spring DispatcherServlet 'dispatcherServlet'
2025-08-06 11:54:15,541 INFO  [http-nio-8080-exec-1] org.springframework.web.servlet.DispatcherServlet:initServletBean:525 - Initializing Servlet 'dispatcherServlet'
2025-08-06 11:54:15,542 INFO  [http-nio-8080-exec-1] org.springframework.web.servlet.DispatcherServlet:initServletBean:547 - Completed initialization in 1 ms
2025-08-06 11:54:21,499 INFO  [http-nio-8080-exec-7] com.example.quiz_project.controller.AdminQuizController:adminQuizIndex:69 - User Haneko logged in with role: Admin
2025-08-06 11:56:58,703 INFO  [main] com.example.quiz_project.QuizProjectApplication:logStarting:55 - Starting QuizProjectApplication using Java 1.8.0_452 on Haneko with PID 448 (D:\Code_projects\target\classes started by 40108 in D:\Code_projects)
2025-08-06 11:56:58,705 INFO  [main] com.example.quiz_project.QuizProjectApplication:logStartupProfileInfo:634 - No active profile set, falling back to 1 default profile: "default"
2025-08-06 11:56:59,125 INFO  [main] org.springframework.data.repository.config.RepositoryConfigurationDelegate:registerRepositoriesIn:132 - Bootstrapping Spring Data JDBC repositories in DEFAULT mode.
2025-08-06 11:56:59,136 INFO  [main] org.springframework.data.repository.config.RepositoryConfigurationDelegate:registerRepositoriesIn:201 - Finished Spring Data repository scanning in 7 ms. Found 0 JDBC repository interfaces.
2025-08-06 11:56:59,676 INFO  [main] org.springframework.boot.web.embedded.tomcat.TomcatWebServer:initialize:108 - Tomcat initialized with port(s): 8080 (http)
2025-08-06 11:56:59,683 INFO  [main] org.apache.coyote.http11.Http11NioProtocol:log:173 - Initializing ProtocolHandler ["http-nio-8080"]
2025-08-06 11:56:59,684 INFO  [main] org.apache.catalina.core.StandardService:log:173 - Starting service [Tomcat]
2025-08-06 11:56:59,684 INFO  [main] org.apache.catalina.core.StandardEngine:log:173 - Starting Servlet engine: [Apache Tomcat/9.0.65]
2025-08-06 11:56:59,862 INFO  [main] org.apache.jasper.servlet.TldScanner:log:173 - At least one JAR was scanned for TLDs yet contained no TLDs. Enable debug logging for this logger for a complete list of JARs that were scanned but no TLDs were found in them. Skipping unneeded JARs during scanning can improve startup time and JSP compilation time.
2025-08-06 11:56:59,867 INFO  [main] org.apache.catalina.core.ContainerBase.[Tomcat].[localhost].[/]:log:173 - Initializing Spring embedded WebApplicationContext
2025-08-06 11:56:59,867 INFO  [main] org.springframework.boot.web.servlet.context.ServletWebServerApplicationContext:prepareWebApplicationContext:292 - Root WebApplicationContext: initialization completed in 1126 ms
2025-08-06 11:57:00,583 INFO  [main] org.apache.coyote.http11.Http11NioProtocol:log:173 - Starting ProtocolHandler ["http-nio-8080"]
2025-08-06 11:57:00,603 INFO  [main] org.springframework.boot.web.embedded.tomcat.TomcatWebServer:start:220 - Tomcat started on port(s): 8080 (http) with context path ''
2025-08-06 11:57:00,610 INFO  [main] com.example.quiz_project.QuizProjectApplication:logStarted:61 - Started QuizProjectApplication in 2.279 seconds (JVM running for 2.594)
2025-08-06 11:57:06,491 INFO  [http-nio-8080-exec-1] org.apache.catalina.core.ContainerBase.[Tomcat].[localhost].[/]:log:173 - Initializing Spring DispatcherServlet 'dispatcherServlet'
2025-08-06 11:57:06,491 INFO  [http-nio-8080-exec-1] org.springframework.web.servlet.DispatcherServlet:initServletBean:525 - Initializing Servlet 'dispatcherServlet'
2025-08-06 11:57:06,492 INFO  [http-nio-8080-exec-1] org.springframework.web.servlet.DispatcherServlet:initServletBean:547 - Completed initialization in 1 ms
2025-08-06 12:14:10,031 WARN  [http-nio-8080-exec-3] org.springframework.web.servlet.mvc.support.DefaultHandlerExceptionResolver:logException:208 - Resolved [org.springframework.web.bind.MissingServletRequestParameterException: Required request parameter 'userid' for method parameter type int is not present]
2025-08-06 12:14:19,071 WARN  [http-nio-8080-exec-4] org.springframework.web.servlet.mvc.support.DefaultHandlerExceptionResolver:logException:208 - Resolved [org.springframework.web.bind.MissingServletRequestParameterException: Required request parameter 'userid' for method parameter type int is not present]
2025-08-06 12:14:30,281 INFO  [http-nio-8080-exec-5] com.example.quiz_project.controller.AdminQuizController:toggleUserStatus:153 - Toggling status for user with ID: 1
2025-08-06 12:14:43,815 INFO  [http-nio-8080-exec-7] com.example.quiz_project.controller.AdminQuizController:toggleUserStatus:153 - Toggling status for user with ID: 1
2025-08-06 12:16:18,479 INFO  [http-nio-8080-exec-1] com.example.quiz_project.controller.AdminQuizController:toggleUserStatus:153 - Toggling status for user with ID: 1
2025-08-06 12:16:21,375 INFO  [http-nio-8080-exec-3] com.example.quiz_project.controller.AdminQuizController:toggleUserStatus:153 - Toggling status for user with ID: 1
2025-08-06 12:21:44,914 INFO  [main] com.example.quiz_project.QuizProjectApplication:logStarting:55 - Starting QuizProjectApplication using Java 1.8.0_452 on Haneko with PID 3488 (D:\Code_projects\target\classes started by 40108 in D:\Code_projects)
2025-08-06 12:21:44,916 INFO  [main] com.example.quiz_project.QuizProjectApplication:logStartupProfileInfo:634 - No active profile set, falling back to 1 default profile: "default"
2025-08-06 12:21:45,386 INFO  [main] org.springframework.data.repository.config.RepositoryConfigurationDelegate:registerRepositoriesIn:132 - Bootstrapping Spring Data JDBC repositories in DEFAULT mode.
2025-08-06 12:21:45,399 INFO  [main] org.springframework.data.repository.config.RepositoryConfigurationDelegate:registerRepositoriesIn:201 - Finished Spring Data repository scanning in 9 ms. Found 0 JDBC repository interfaces.
2025-08-06 12:21:45,932 INFO  [main] org.springframework.boot.web.embedded.tomcat.TomcatWebServer:initialize:108 - Tomcat initialized with port(s): 8080 (http)
2025-08-06 12:21:45,940 INFO  [main] org.apache.coyote.http11.Http11NioProtocol:log:173 - Initializing ProtocolHandler ["http-nio-8080"]
2025-08-06 12:21:45,941 INFO  [main] org.apache.catalina.core.StandardService:log:173 - Starting service [Tomcat]
2025-08-06 12:21:45,941 INFO  [main] org.apache.catalina.core.StandardEngine:log:173 - Starting Servlet engine: [Apache Tomcat/9.0.65]
2025-08-06 12:21:46,128 INFO  [main] org.apache.jasper.servlet.TldScanner:log:173 - At least one JAR was scanned for TLDs yet contained no TLDs. Enable debug logging for this logger for a complete list of JARs that were scanned but no TLDs were found in them. Skipping unneeded JARs during scanning can improve startup time and JSP compilation time.
2025-08-06 12:21:46,135 INFO  [main] org.apache.catalina.core.ContainerBase.[Tomcat].[localhost].[/]:log:173 - Initializing Spring embedded WebApplicationContext
2025-08-06 12:21:46,135 INFO  [main] org.springframework.boot.web.servlet.context.ServletWebServerApplicationContext:prepareWebApplicationContext:292 - Root WebApplicationContext: initialization completed in 1183 ms
2025-08-06 12:21:46,923 INFO  [main] org.apache.coyote.http11.Http11NioProtocol:log:173 - Starting ProtocolHandler ["http-nio-8080"]
2025-08-06 12:21:46,944 INFO  [main] org.springframework.boot.web.embedded.tomcat.TomcatWebServer:start:220 - Tomcat started on port(s): 8080 (http) with context path ''
2025-08-06 12:21:46,951 INFO  [main] com.example.quiz_project.QuizProjectApplication:logStarted:61 - Started QuizProjectApplication in 2.346 seconds (JVM running for 2.655)
2025-08-06 12:21:47,779 INFO  [http-nio-8080-exec-1] org.apache.catalina.core.ContainerBase.[Tomcat].[localhost].[/]:log:173 - Initializing Spring DispatcherServlet 'dispatcherServlet'
2025-08-06 12:21:47,779 INFO  [http-nio-8080-exec-1] org.springframework.web.servlet.DispatcherServlet:initServletBean:525 - Initializing Servlet 'dispatcherServlet'
2025-08-06 12:21:47,780 INFO  [http-nio-8080-exec-1] org.springframework.web.servlet.DispatcherServlet:initServletBean:547 - Completed initialization in 1 ms
2025-08-06 22:42:19,651 INFO  [main] com.example.quiz_project.QuizProjectApplication:logStarting:55 - Starting QuizProjectApplication using Java 1.8.0_452 on Haneko with PID 20656 (D:\Code_projects\target\classes started by 40108 in D:\Code_projects)
2025-08-06 22:42:19,654 INFO  [main] com.example.quiz_project.QuizProjectApplication:logStartupProfileInfo:634 - No active profile set, falling back to 1 default profile: "default"
2025-08-06 22:42:20,137 INFO  [main] org.springframework.data.repository.config.RepositoryConfigurationDelegate:registerRepositoriesIn:132 - Bootstrapping Spring Data JDBC repositories in DEFAULT mode.
2025-08-06 22:42:20,148 INFO  [main] org.springframework.data.repository.config.RepositoryConfigurationDelegate:registerRepositoriesIn:201 - Finished Spring Data repository scanning in 7 ms. Found 0 JDBC repository interfaces.
2025-08-06 22:42:20,741 INFO  [main] org.springframework.boot.web.embedded.tomcat.TomcatWebServer:initialize:108 - Tomcat initialized with port(s): 8080 (http)
2025-08-06 22:42:20,747 INFO  [main] org.apache.coyote.http11.Http11NioProtocol:log:173 - Initializing ProtocolHandler ["http-nio-8080"]
2025-08-06 22:42:20,748 INFO  [main] org.apache.catalina.core.StandardService:log:173 - Starting service [Tomcat]
2025-08-06 22:42:20,748 INFO  [main] org.apache.catalina.core.StandardEngine:log:173 - Starting Servlet engine: [Apache Tomcat/9.0.65]
2025-08-06 22:42:20,940 INFO  [main] org.apache.jasper.servlet.TldScanner:log:173 - At least one JAR was scanned for TLDs yet contained no TLDs. Enable debug logging for this logger for a complete list of JARs that were scanned but no TLDs were found in them. Skipping unneeded JARs during scanning can improve startup time and JSP compilation time.
2025-08-06 22:42:20,945 INFO  [main] org.apache.catalina.core.ContainerBase.[Tomcat].[localhost].[/]:log:173 - Initializing Spring embedded WebApplicationContext
2025-08-06 22:42:20,946 INFO  [main] org.springframework.boot.web.servlet.context.ServletWebServerApplicationContext:prepareWebApplicationContext:292 - Root WebApplicationContext: initialization completed in 1260 ms
2025-08-06 22:42:21,788 INFO  [main] org.apache.coyote.http11.Http11NioProtocol:log:173 - Starting ProtocolHandler ["http-nio-8080"]
2025-08-06 22:42:21,809 INFO  [main] org.springframework.boot.web.embedded.tomcat.TomcatWebServer:start:220 - Tomcat started on port(s): 8080 (http) with context path ''
2025-08-06 22:42:21,817 INFO  [main] com.example.quiz_project.QuizProjectApplication:logStarted:61 - Started QuizProjectApplication in 2.471 seconds (JVM running for 3.595)
2025-08-06 22:44:08,516 INFO  [http-nio-8080-exec-1] org.apache.catalina.core.ContainerBase.[Tomcat].[localhost].[/]:log:173 - Initializing Spring DispatcherServlet 'dispatcherServlet'
2025-08-06 22:44:08,516 INFO  [http-nio-8080-exec-1] org.springframework.web.servlet.DispatcherServlet:initServletBean:525 - Initializing Servlet 'dispatcherServlet'
2025-08-06 22:44:08,517 INFO  [http-nio-8080-exec-1] org.springframework.web.servlet.DispatcherServlet:initServletBean:547 - Completed initialization in 1 ms
2025-08-06 22:45:56,124 INFO  [http-nio-8080-exec-10] com.example.quiz_project.controller.AdminQuizController:toggleUserStatus:153 - Toggling status for user with ID: 1
2025-08-06 22:47:57,792 INFO  [main] com.example.quiz_project.QuizProjectApplication:logStarting:55 - Starting QuizProjectApplication using Java 1.8.0_452 on Haneko with PID 25840 (D:\Code_projects\target\classes started by 40108 in D:\Code_projects)
2025-08-06 22:47:57,794 INFO  [main] com.example.quiz_project.QuizProjectApplication:logStartupProfileInfo:634 - No active profile set, falling back to 1 default profile: "default"
2025-08-06 22:47:58,227 INFO  [main] org.springframework.data.repository.config.RepositoryConfigurationDelegate:registerRepositoriesIn:132 - Bootstrapping Spring Data JDBC repositories in DEFAULT mode.
2025-08-06 22:47:58,238 INFO  [main] org.springframework.data.repository.config.RepositoryConfigurationDelegate:registerRepositoriesIn:201 - Finished Spring Data repository scanning in 7 ms. Found 0 JDBC repository interfaces.
2025-08-06 22:47:58,803 INFO  [main] org.springframework.boot.web.embedded.tomcat.TomcatWebServer:initialize:108 - Tomcat initialized with port(s): 8080 (http)
2025-08-06 22:47:58,810 INFO  [main] org.apache.coyote.http11.Http11NioProtocol:log:173 - Initializing ProtocolHandler ["http-nio-8080"]
2025-08-06 22:47:58,811 INFO  [main] org.apache.catalina.core.StandardService:log:173 - Starting service [Tomcat]
2025-08-06 22:47:58,811 INFO  [main] org.apache.catalina.core.StandardEngine:log:173 - Starting Servlet engine: [Apache Tomcat/9.0.65]
2025-08-06 22:47:58,991 INFO  [main] org.apache.jasper.servlet.TldScanner:log:173 - At least one JAR was scanned for TLDs yet contained no TLDs. Enable debug logging for this logger for a complete list of JARs that were scanned but no TLDs were found in them. Skipping unneeded JARs during scanning can improve startup time and JSP compilation time.
2025-08-06 22:47:58,996 INFO  [main] org.apache.catalina.core.ContainerBase.[Tomcat].[localhost].[/]:log:173 - Initializing Spring embedded WebApplicationContext
2025-08-06 22:47:58,997 INFO  [main] org.springframework.boot.web.servlet.context.ServletWebServerApplicationContext:prepareWebApplicationContext:292 - Root WebApplicationContext: initialization completed in 1167 ms
2025-08-06 22:47:59,728 INFO  [main] org.apache.coyote.http11.Http11NioProtocol:log:173 - Starting ProtocolHandler ["http-nio-8080"]
2025-08-06 22:47:59,748 INFO  [main] org.springframework.boot.web.embedded.tomcat.TomcatWebServer:start:220 - Tomcat started on port(s): 8080 (http) with context path ''
2025-08-06 22:47:59,755 INFO  [main] com.example.quiz_project.QuizProjectApplication:logStarted:61 - Started QuizProjectApplication in 2.273 seconds (JVM running for 2.704)
2025-08-06 22:48:06,222 INFO  [http-nio-8080-exec-1] org.apache.catalina.core.ContainerBase.[Tomcat].[localhost].[/]:log:173 - Initializing Spring DispatcherServlet 'dispatcherServlet'
2025-08-06 22:48:06,222 INFO  [http-nio-8080-exec-1] org.springframework.web.servlet.DispatcherServlet:initServletBean:525 - Initializing Servlet 'dispatcherServlet'
2025-08-06 22:48:06,223 INFO  [http-nio-8080-exec-1] org.springframework.web.servlet.DispatcherServlet:initServletBean:547 - Completed initialization in 0 ms
2025-08-06 22:50:02,105 INFO  [main] com.example.quiz_project.QuizProjectApplication:logStarting:55 - Starting QuizProjectApplication using Java 1.8.0_452 on Haneko with PID 14368 (D:\Code_projects\target\classes started by 40108 in D:\Code_projects)
2025-08-06 22:50:02,107 INFO  [main] com.example.quiz_project.QuizProjectApplication:logStartupProfileInfo:634 - No active profile set, falling back to 1 default profile: "default"
2025-08-06 22:50:02,571 INFO  [main] org.springframework.data.repository.config.RepositoryConfigurationDelegate:registerRepositoriesIn:132 - Bootstrapping Spring Data JDBC repositories in DEFAULT mode.
2025-08-06 22:50:02,582 INFO  [main] org.springframework.data.repository.config.RepositoryConfigurationDelegate:registerRepositoriesIn:201 - Finished Spring Data repository scanning in 7 ms. Found 0 JDBC repository interfaces.
2025-08-06 22:50:03,144 INFO  [main] org.springframework.boot.web.embedded.tomcat.TomcatWebServer:initialize:108 - Tomcat initialized with port(s): 8080 (http)
2025-08-06 22:50:03,152 INFO  [main] org.apache.coyote.http11.Http11NioProtocol:log:173 - Initializing ProtocolHandler ["http-nio-8080"]
2025-08-06 22:50:03,152 INFO  [main] org.apache.catalina.core.StandardService:log:173 - Starting service [Tomcat]
2025-08-06 22:50:03,152 INFO  [main] org.apache.catalina.core.StandardEngine:log:173 - Starting Servlet engine: [Apache Tomcat/9.0.65]
2025-08-06 22:50:03,336 INFO  [main] org.apache.jasper.servlet.TldScanner:log:173 - At least one JAR was scanned for TLDs yet contained no TLDs. Enable debug logging for this logger for a complete list of JARs that were scanned but no TLDs were found in them. Skipping unneeded JARs during scanning can improve startup time and JSP compilation time.
2025-08-06 22:50:03,341 INFO  [main] org.apache.catalina.core.ContainerBase.[Tomcat].[localhost].[/]:log:173 - Initializing Spring embedded WebApplicationContext
2025-08-06 22:50:03,342 INFO  [main] org.springframework.boot.web.servlet.context.ServletWebServerApplicationContext:prepareWebApplicationContext:292 - Root WebApplicationContext: initialization completed in 1191 ms
2025-08-06 22:50:04,100 INFO  [main] org.apache.coyote.http11.Http11NioProtocol:log:173 - Starting ProtocolHandler ["http-nio-8080"]
2025-08-06 22:50:04,121 INFO  [main] org.springframework.boot.web.embedded.tomcat.TomcatWebServer:start:220 - Tomcat started on port(s): 8080 (http) with context path ''
2025-08-06 22:50:04,128 INFO  [main] com.example.quiz_project.QuizProjectApplication:logStarted:61 - Started QuizProjectApplication in 2.346 seconds (JVM running for 2.677)
2025-08-06 22:50:07,957 INFO  [http-nio-8080-exec-1] org.apache.catalina.core.ContainerBase.[Tomcat].[localhost].[/]:log:173 - Initializing Spring DispatcherServlet 'dispatcherServlet'
2025-08-06 22:50:07,957 INFO  [http-nio-8080-exec-1] org.springframework.web.servlet.DispatcherServlet:initServletBean:525 - Initializing Servlet 'dispatcherServlet'
2025-08-06 22:50:07,958 INFO  [http-nio-8080-exec-1] org.springframework.web.servlet.DispatcherServlet:initServletBean:547 - Completed initialization in 1 ms
2025-08-06 22:50:12,292 INFO  [http-nio-8080-exec-10] com.example.quiz_project.controller.AdminQuizController:toggleUserStatus:153 - Toggling status for user with ID: 1
2025-08-06 22:50:25,028 INFO  [http-nio-8080-exec-8] com.example.quiz_project.controller.AdminQuizController:toggleUserStatus:153 - Toggling status for user with ID: 1
2025-08-06 22:51:28,311 INFO  [main] com.example.quiz_project.QuizProjectApplication:logStarting:55 - Starting QuizProjectApplication using Java 1.8.0_452 on Haneko with PID 24376 (D:\Code_projects\target\classes started by 40108 in D:\Code_projects)
2025-08-06 22:51:28,314 INFO  [main] com.example.quiz_project.QuizProjectApplication:logStartupProfileInfo:634 - No active profile set, falling back to 1 default profile: "default"
2025-08-06 22:51:28,774 INFO  [main] org.springframework.data.repository.config.RepositoryConfigurationDelegate:registerRepositoriesIn:132 - Bootstrapping Spring Data JDBC repositories in DEFAULT mode.
2025-08-06 22:51:28,785 INFO  [main] org.springframework.data.repository.config.RepositoryConfigurationDelegate:registerRepositoriesIn:201 - Finished Spring Data repository scanning in 7 ms. Found 0 JDBC repository interfaces.
2025-08-06 22:51:29,326 INFO  [main] org.springframework.boot.web.embedded.tomcat.TomcatWebServer:initialize:108 - Tomcat initialized with port(s): 8080 (http)
2025-08-06 22:51:29,334 INFO  [main] org.apache.coyote.http11.Http11NioProtocol:log:173 - Initializing ProtocolHandler ["http-nio-8080"]
2025-08-06 22:51:29,334 INFO  [main] org.apache.catalina.core.StandardService:log:173 - Starting service [Tomcat]
2025-08-06 22:51:29,334 INFO  [main] org.apache.catalina.core.StandardEngine:log:173 - Starting Servlet engine: [Apache Tomcat/9.0.65]
2025-08-06 22:51:29,510 INFO  [main] org.apache.jasper.servlet.TldScanner:log:173 - At least one JAR was scanned for TLDs yet contained no TLDs. Enable debug logging for this logger for a complete list of JARs that were scanned but no TLDs were found in them. Skipping unneeded JARs during scanning can improve startup time and JSP compilation time.
2025-08-06 22:51:29,516 INFO  [main] org.apache.catalina.core.ContainerBase.[Tomcat].[localhost].[/]:log:173 - Initializing Spring embedded WebApplicationContext
2025-08-06 22:51:29,516 INFO  [main] org.springframework.boot.web.servlet.context.ServletWebServerApplicationContext:prepareWebApplicationContext:292 - Root WebApplicationContext: initialization completed in 1162 ms
2025-08-06 22:51:30,322 INFO  [main] org.apache.coyote.http11.Http11NioProtocol:log:173 - Starting ProtocolHandler ["http-nio-8080"]
2025-08-06 22:51:30,342 INFO  [main] org.springframework.boot.web.embedded.tomcat.TomcatWebServer:start:220 - Tomcat started on port(s): 8080 (http) with context path ''
2025-08-06 22:51:30,351 INFO  [main] com.example.quiz_project.QuizProjectApplication:logStarted:61 - Started QuizProjectApplication in 2.47 seconds (JVM running for 2.863)
2025-08-06 22:51:33,462 INFO  [http-nio-8080-exec-1] org.apache.catalina.core.ContainerBase.[Tomcat].[localhost].[/]:log:173 - Initializing Spring DispatcherServlet 'dispatcherServlet'
2025-08-06 22:51:33,462 INFO  [http-nio-8080-exec-1] org.springframework.web.servlet.DispatcherServlet:initServletBean:525 - Initializing Servlet 'dispatcherServlet'
2025-08-06 22:51:33,463 INFO  [http-nio-8080-exec-1] org.springframework.web.servlet.DispatcherServlet:initServletBean:547 - Completed initialization in 1 ms
2025-08-06 22:51:36,928 INFO  [http-nio-8080-exec-6] com.example.quiz_project.controller.AdminQuizController:updateUser:160 - Action: toggle_status for user with ID: 1
2025-08-06 22:51:37,904 INFO  [http-nio-8080-exec-8] com.example.quiz_project.controller.AdminQuizController:updateUser:160 - Action: toggle_admin for user with ID: 1
2025-08-06 22:51:38,006 ERROR [http-nio-8080-exec-8] org.apache.catalina.core.ContainerBase.[Tomcat].[localhost].[/].[dispatcherServlet]:log:175 - Servlet.service() for servlet [dispatcherServlet] in context with path [] threw exception [Request processing failed; nested exception is org.springframework.jdbc.BadSqlGrammarException: PreparedStatementCallback; bad SQL grammar [UPDATE users SET is_admin = ? WHERE id = ?]; nested exception is java.sql.SQLSyntaxErrorException: Table 'mydb.users' doesn't exist] with root cause
java.sql.SQLSyntaxErrorException: Table 'mydb.users' doesn't exist
	at com.mysql.cj.jdbc.exceptions.SQLError.createSQLException(SQLError.java:120)
	at com.mysql.cj.jdbc.exceptions.SQLExceptionsMapping.translateException(SQLExceptionsMapping.java:122)
	at com.mysql.cj.jdbc.ClientPreparedStatement.executeInternal(ClientPreparedStatement.java:916)
	at com.mysql.cj.jdbc.ClientPreparedStatement.executeUpdateInternal(ClientPreparedStatement.java:1061)
	at com.mysql.cj.jdbc.ClientPreparedStatement.executeUpdateInternal(ClientPreparedStatement.java:1009)
	at com.mysql.cj.jdbc.ClientPreparedStatement.executeLargeUpdate(ClientPreparedStatement.java:1320)
	at com.mysql.cj.jdbc.ClientPreparedStatement.executeUpdate(ClientPreparedStatement.java:994)
	at org.springframework.jdbc.core.JdbcTemplate.lambda$update$2(JdbcTemplate.java:965)
	at org.springframework.jdbc.core.JdbcTemplate.execute(JdbcTemplate.java:651)
	at org.springframework.jdbc.core.JdbcTemplate.update(JdbcTemplate.java:960)
	at org.springframework.jdbc.core.JdbcTemplate.update(JdbcTemplate.java:1015)
	at org.springframework.jdbc.core.JdbcTemplate.update(JdbcTemplate.java:1025)
	at com.example.quiz_project.dao.UserDao.updateAdminStatus(UserDao.java:51)
	at com.example.quiz_project.dao.UserDao$$FastClassBySpringCGLIB$$a78e3dd.invoke(<generated>)
	at org.springframework.cglib.proxy.MethodProxy.invoke(MethodProxy.java:218)
	at org.springframework.aop.framework.CglibAopProxy$CglibMethodInvocation.invokeJoinpoint(CglibAopProxy.java:793)
	at org.springframework.aop.framework.ReflectiveMethodInvocation.proceed(ReflectiveMethodInvocation.java:163)
	at org.springframework.aop.framework.CglibAopProxy$CglibMethodInvocation.proceed(CglibAopProxy.java:763)
	at org.springframework.dao.support.PersistenceExceptionTranslationInterceptor.invoke(PersistenceExceptionTranslationInterceptor.java:137)
	at org.springframework.aop.framework.ReflectiveMethodInvocation.proceed(ReflectiveMethodInvocation.java:186)
	at org.springframework.aop.framework.CglibAopProxy$CglibMethodInvocation.proceed(CglibAopProxy.java:763)
	at org.springframework.aop.framework.CglibAopProxy$DynamicAdvisedInterceptor.intercept(CglibAopProxy.java:708)
	at com.example.quiz_project.dao.UserDao$$EnhancerBySpringCGLIB$$ecb35f02.updateAdminStatus(<generated>)
	at com.example.quiz_project.service.UserService.toggleAdminStatus(UserService.java:59)
	at com.example.quiz_project.controller.AdminQuizController.updateUser(AdminQuizController.java:164)
	at sun.reflect.NativeMethodAccessorImpl.invoke0(Native Method)
	at sun.reflect.NativeMethodAccessorImpl.invoke(NativeMethodAccessorImpl.java:62)
	at sun.reflect.DelegatingMethodAccessorImpl.invoke(DelegatingMethodAccessorImpl.java:43)
	at java.lang.reflect.Method.invoke(Method.java:498)
	at org.springframework.web.method.support.InvocableHandlerMethod.doInvoke(InvocableHandlerMethod.java:205)
	at org.springframework.web.method.support.InvocableHandlerMethod.invokeForRequest(InvocableHandlerMethod.java:150)
	at org.springframework.web.servlet.mvc.method.annotation.ServletInvocableHandlerMethod.invokeAndHandle(ServletInvocableHandlerMethod.java:117)
	at org.springframework.web.servlet.mvc.method.annotation.RequestMappingHandlerAdapter.invokeHandlerMethod(RequestMappingHandlerAdapter.java:895)
	at org.springframework.web.servlet.mvc.method.annotation.RequestMappingHandlerAdapter.handleInternal(RequestMappingHandlerAdapter.java:808)
	at org.springframework.web.servlet.mvc.method.AbstractHandlerMethodAdapter.handle(AbstractHandlerMethodAdapter.java:87)
	at org.springframework.web.servlet.DispatcherServlet.doDispatch(DispatcherServlet.java:1070)
	at org.springframework.web.servlet.DispatcherServlet.doService(DispatcherServlet.java:963)
	at org.springframework.web.servlet.FrameworkServlet.processRequest(FrameworkServlet.java:1006)
	at org.springframework.web.servlet.FrameworkServlet.doPost(FrameworkServlet.java:909)
	at javax.servlet.http.HttpServlet.service(HttpServlet.java:681)
	at org.springframework.web.servlet.FrameworkServlet.service(FrameworkServlet.java:883)
	at javax.servlet.http.HttpServlet.service(HttpServlet.java:764)
	at org.apache.catalina.core.ApplicationFilterChain.internalDoFilter(ApplicationFilterChain.java:227)
	at org.apache.catalina.core.ApplicationFilterChain.doFilter(ApplicationFilterChain.java:162)
	at org.apache.tomcat.websocket.server.WsFilter.doFilter(WsFilter.java:53)
	at org.apache.catalina.core.ApplicationFilterChain.internalDoFilter(ApplicationFilterChain.java:189)
	at org.apache.catalina.core.ApplicationFilterChain.doFilter(ApplicationFilterChain.java:162)
	at com.example.quiz_project.filter.LoginFilter.doFilterInternal(LoginFilter.java:26)
	at org.springframework.web.filter.OncePerRequestFilter.doFilter(OncePerRequestFilter.java:117)
	at org.apache.catalina.core.ApplicationFilterChain.internalDoFilter(ApplicationFilterChain.java:189)
	at org.apache.catalina.core.ApplicationFilterChain.doFilter(ApplicationFilterChain.java:162)
	at org.springframework.web.filter.RequestContextFilter.doFilterInternal(RequestContextFilter.java:100)
	at org.springframework.web.filter.OncePerRequestFilter.doFilter(OncePerRequestFilter.java:117)
	at org.apache.catalina.core.ApplicationFilterChain.internalDoFilter(ApplicationFilterChain.java:189)
	at org.apache.catalina.core.ApplicationFilterChain.doFilter(ApplicationFilterChain.java:162)
	at org.springframework.web.filter.FormContentFilter.doFilterInternal(FormContentFilter.java:93)
	at org.springframework.web.filter.OncePerRequestFilter.doFilter(OncePerRequestFilter.java:117)
	at org.apache.catalina.core.ApplicationFilterChain.internalDoFilter(ApplicationFilterChain.java:189)
	at org.apache.catalina.core.ApplicationFilterChain.doFilter(ApplicationFilterChain.java:162)
	at org.springframework.web.filter.CharacterEncodingFilter.doFilterInternal(CharacterEncodingFilter.java:201)
	at org.springframework.web.filter.OncePerRequestFilter.doFilter(OncePerRequestFilter.java:117)
	at org.apache.catalina.core.ApplicationFilterChain.internalDoFilter(ApplicationFilterChain.java:189)
	at org.apache.catalina.core.ApplicationFilterChain.doFilter(ApplicationFilterChain.java:162)
	at org.apache.catalina.core.StandardWrapperValve.invoke(StandardWrapperValve.java:197)
	at org.apache.catalina.core.StandardContextValve.invoke(StandardContextValve.java:97)
	at org.apache.catalina.authenticator.AuthenticatorBase.invoke(AuthenticatorBase.java:541)
	at org.apache.catalina.core.StandardHostValve.invoke(StandardHostValve.java:135)
	at org.apache.catalina.valves.ErrorReportValve.invoke(ErrorReportValve.java:92)
	at org.apache.catalina.core.StandardEngineValve.invoke(StandardEngineValve.java:78)
	at org.apache.catalina.connector.CoyoteAdapter.service(CoyoteAdapter.java:360)
	at org.apache.coyote.http11.Http11Processor.service(Http11Processor.java:399)
	at org.apache.coyote.AbstractProcessorLight.process(AbstractProcessorLight.java:65)
	at org.apache.coyote.AbstractProtocol$ConnectionHandler.process(AbstractProtocol.java:890)
	at org.apache.tomcat.util.net.NioEndpoint$SocketProcessor.doRun(NioEndpoint.java:1789)
	at org.apache.tomcat.util.net.SocketProcessorBase.run(SocketProcessorBase.java:49)
	at org.apache.tomcat.util.threads.ThreadPoolExecutor.runWorker(ThreadPoolExecutor.java:1191)
	at org.apache.tomcat.util.threads.ThreadPoolExecutor$Worker.run(ThreadPoolExecutor.java:659)
	at org.apache.tomcat.util.threads.TaskThread$WrappingRunnable.run(TaskThread.java:61)
	at java.lang.Thread.run(Thread.java:750)
2025-08-06 22:54:07,643 INFO  [main] com.example.quiz_project.QuizProjectApplication:logStarting:55 - Starting QuizProjectApplication using Java 1.8.0_452 on Haneko with PID 23716 (D:\Code_projects\target\classes started by 40108 in D:\Code_projects)
2025-08-06 22:54:07,646 INFO  [main] com.example.quiz_project.QuizProjectApplication:logStartupProfileInfo:634 - No active profile set, falling back to 1 default profile: "default"
2025-08-06 22:54:08,066 INFO  [main] org.springframework.data.repository.config.RepositoryConfigurationDelegate:registerRepositoriesIn:132 - Bootstrapping Spring Data JDBC repositories in DEFAULT mode.
2025-08-06 22:54:08,077 INFO  [main] org.springframework.data.repository.config.RepositoryConfigurationDelegate:registerRepositoriesIn:201 - Finished Spring Data repository scanning in 7 ms. Found 0 JDBC repository interfaces.
2025-08-06 22:54:08,618 INFO  [main] org.springframework.boot.web.embedded.tomcat.TomcatWebServer:initialize:108 - Tomcat initialized with port(s): 8080 (http)
2025-08-06 22:54:08,625 INFO  [main] org.apache.coyote.http11.Http11NioProtocol:log:173 - Initializing ProtocolHandler ["http-nio-8080"]
2025-08-06 22:54:08,626 INFO  [main] org.apache.catalina.core.StandardService:log:173 - Starting service [Tomcat]
2025-08-06 22:54:08,626 INFO  [main] org.apache.catalina.core.StandardEngine:log:173 - Starting Servlet engine: [Apache Tomcat/9.0.65]
2025-08-06 22:54:08,817 INFO  [main] org.apache.jasper.servlet.TldScanner:log:173 - At least one JAR was scanned for TLDs yet contained no TLDs. Enable debug logging for this logger for a complete list of JARs that were scanned but no TLDs were found in them. Skipping unneeded JARs during scanning can improve startup time and JSP compilation time.
2025-08-06 22:54:08,823 INFO  [main] org.apache.catalina.core.ContainerBase.[Tomcat].[localhost].[/]:log:173 - Initializing Spring embedded WebApplicationContext
2025-08-06 22:54:08,823 INFO  [main] org.springframework.boot.web.servlet.context.ServletWebServerApplicationContext:prepareWebApplicationContext:292 - Root WebApplicationContext: initialization completed in 1144 ms
2025-08-06 22:54:09,563 INFO  [main] org.apache.coyote.http11.Http11NioProtocol:log:173 - Starting ProtocolHandler ["http-nio-8080"]
2025-08-06 22:54:09,592 INFO  [main] org.springframework.boot.web.embedded.tomcat.TomcatWebServer:start:220 - Tomcat started on port(s): 8080 (http) with context path ''
2025-08-06 22:54:09,601 INFO  [main] com.example.quiz_project.QuizProjectApplication:logStarted:61 - Started QuizProjectApplication in 2.27 seconds (JVM running for 2.567)
2025-08-06 22:54:13,964 INFO  [http-nio-8080-exec-1] org.apache.catalina.core.ContainerBase.[Tomcat].[localhost].[/]:log:173 - Initializing Spring DispatcherServlet 'dispatcherServlet'
2025-08-06 22:54:13,964 INFO  [http-nio-8080-exec-1] org.springframework.web.servlet.DispatcherServlet:initServletBean:525 - Initializing Servlet 'dispatcherServlet'
2025-08-06 22:54:13,965 INFO  [http-nio-8080-exec-1] org.springframework.web.servlet.DispatcherServlet:initServletBean:547 - Completed initialization in 1 ms
2025-08-06 22:54:17,224 INFO  [http-nio-8080-exec-6] com.example.quiz_project.controller.AdminQuizController:updateUser:160 - Action: toggle_admin for user with ID: 1
2025-08-06 22:54:17,317 ERROR [http-nio-8080-exec-6] org.apache.catalina.core.ContainerBase.[Tomcat].[localhost].[/].[dispatcherServlet]:log:175 - Servlet.service() for servlet [dispatcherServlet] in context with path [] threw exception [Request processing failed; nested exception is org.springframework.jdbc.BadSqlGrammarException: PreparedStatementCallback; bad SQL grammar [UPDATE user SET is_admin = ? WHERE id = ?]; nested exception is java.sql.SQLSyntaxErrorException: Unknown column 'id' in 'where clause'] with root cause
java.sql.SQLSyntaxErrorException: Unknown column 'id' in 'where clause'
	at com.mysql.cj.jdbc.exceptions.SQLError.createSQLException(SQLError.java:120)
	at com.mysql.cj.jdbc.exceptions.SQLExceptionsMapping.translateException(SQLExceptionsMapping.java:122)
	at com.mysql.cj.jdbc.ClientPreparedStatement.executeInternal(ClientPreparedStatement.java:916)
	at com.mysql.cj.jdbc.ClientPreparedStatement.executeUpdateInternal(ClientPreparedStatement.java:1061)
	at com.mysql.cj.jdbc.ClientPreparedStatement.executeUpdateInternal(ClientPreparedStatement.java:1009)
	at com.mysql.cj.jdbc.ClientPreparedStatement.executeLargeUpdate(ClientPreparedStatement.java:1320)
	at com.mysql.cj.jdbc.ClientPreparedStatement.executeUpdate(ClientPreparedStatement.java:994)
	at org.springframework.jdbc.core.JdbcTemplate.lambda$update$2(JdbcTemplate.java:965)
	at org.springframework.jdbc.core.JdbcTemplate.execute(JdbcTemplate.java:651)
	at org.springframework.jdbc.core.JdbcTemplate.update(JdbcTemplate.java:960)
	at org.springframework.jdbc.core.JdbcTemplate.update(JdbcTemplate.java:1015)
	at org.springframework.jdbc.core.JdbcTemplate.update(JdbcTemplate.java:1025)
	at com.example.quiz_project.dao.UserDao.updateAdminStatus(UserDao.java:51)
	at com.example.quiz_project.dao.UserDao$$FastClassBySpringCGLIB$$a78e3dd.invoke(<generated>)
	at org.springframework.cglib.proxy.MethodProxy.invoke(MethodProxy.java:218)
	at org.springframework.aop.framework.CglibAopProxy$CglibMethodInvocation.invokeJoinpoint(CglibAopProxy.java:793)
	at org.springframework.aop.framework.ReflectiveMethodInvocation.proceed(ReflectiveMethodInvocation.java:163)
	at org.springframework.aop.framework.CglibAopProxy$CglibMethodInvocation.proceed(CglibAopProxy.java:763)
	at org.springframework.dao.support.PersistenceExceptionTranslationInterceptor.invoke(PersistenceExceptionTranslationInterceptor.java:137)
	at org.springframework.aop.framework.ReflectiveMethodInvocation.proceed(ReflectiveMethodInvocation.java:186)
	at org.springframework.aop.framework.CglibAopProxy$CglibMethodInvocation.proceed(CglibAopProxy.java:763)
	at org.springframework.aop.framework.CglibAopProxy$DynamicAdvisedInterceptor.intercept(CglibAopProxy.java:708)
	at com.example.quiz_project.dao.UserDao$$EnhancerBySpringCGLIB$$ecb35f02.updateAdminStatus(<generated>)
	at com.example.quiz_project.service.UserService.toggleAdminStatus(UserService.java:59)
	at com.example.quiz_project.controller.AdminQuizController.updateUser(AdminQuizController.java:164)
	at sun.reflect.NativeMethodAccessorImpl.invoke0(Native Method)
	at sun.reflect.NativeMethodAccessorImpl.invoke(NativeMethodAccessorImpl.java:62)
	at sun.reflect.DelegatingMethodAccessorImpl.invoke(DelegatingMethodAccessorImpl.java:43)
	at java.lang.reflect.Method.invoke(Method.java:498)
	at org.springframework.web.method.support.InvocableHandlerMethod.doInvoke(InvocableHandlerMethod.java:205)
	at org.springframework.web.method.support.InvocableHandlerMethod.invokeForRequest(InvocableHandlerMethod.java:150)
	at org.springframework.web.servlet.mvc.method.annotation.ServletInvocableHandlerMethod.invokeAndHandle(ServletInvocableHandlerMethod.java:117)
	at org.springframework.web.servlet.mvc.method.annotation.RequestMappingHandlerAdapter.invokeHandlerMethod(RequestMappingHandlerAdapter.java:895)
	at org.springframework.web.servlet.mvc.method.annotation.RequestMappingHandlerAdapter.handleInternal(RequestMappingHandlerAdapter.java:808)
	at org.springframework.web.servlet.mvc.method.AbstractHandlerMethodAdapter.handle(AbstractHandlerMethodAdapter.java:87)
	at org.springframework.web.servlet.DispatcherServlet.doDispatch(DispatcherServlet.java:1070)
	at org.springframework.web.servlet.DispatcherServlet.doService(DispatcherServlet.java:963)
	at org.springframework.web.servlet.FrameworkServlet.processRequest(FrameworkServlet.java:1006)
	at org.springframework.web.servlet.FrameworkServlet.doPost(FrameworkServlet.java:909)
	at javax.servlet.http.HttpServlet.service(HttpServlet.java:681)
	at org.springframework.web.servlet.FrameworkServlet.service(FrameworkServlet.java:883)
	at javax.servlet.http.HttpServlet.service(HttpServlet.java:764)
	at org.apache.catalina.core.ApplicationFilterChain.internalDoFilter(ApplicationFilterChain.java:227)
	at org.apache.catalina.core.ApplicationFilterChain.doFilter(ApplicationFilterChain.java:162)
	at org.apache.tomcat.websocket.server.WsFilter.doFilter(WsFilter.java:53)
	at org.apache.catalina.core.ApplicationFilterChain.internalDoFilter(ApplicationFilterChain.java:189)
	at org.apache.catalina.core.ApplicationFilterChain.doFilter(ApplicationFilterChain.java:162)
	at com.example.quiz_project.filter.LoginFilter.doFilterInternal(LoginFilter.java:26)
	at org.springframework.web.filter.OncePerRequestFilter.doFilter(OncePerRequestFilter.java:117)
	at org.apache.catalina.core.ApplicationFilterChain.internalDoFilter(ApplicationFilterChain.java:189)
	at org.apache.catalina.core.ApplicationFilterChain.doFilter(ApplicationFilterChain.java:162)
	at org.springframework.web.filter.RequestContextFilter.doFilterInternal(RequestContextFilter.java:100)
	at org.springframework.web.filter.OncePerRequestFilter.doFilter(OncePerRequestFilter.java:117)
	at org.apache.catalina.core.ApplicationFilterChain.internalDoFilter(ApplicationFilterChain.java:189)
	at org.apache.catalina.core.ApplicationFilterChain.doFilter(ApplicationFilterChain.java:162)
	at org.springframework.web.filter.FormContentFilter.doFilterInternal(FormContentFilter.java:93)
	at org.springframework.web.filter.OncePerRequestFilter.doFilter(OncePerRequestFilter.java:117)
	at org.apache.catalina.core.ApplicationFilterChain.internalDoFilter(ApplicationFilterChain.java:189)
	at org.apache.catalina.core.ApplicationFilterChain.doFilter(ApplicationFilterChain.java:162)
	at org.springframework.web.filter.CharacterEncodingFilter.doFilterInternal(CharacterEncodingFilter.java:201)
	at org.springframework.web.filter.OncePerRequestFilter.doFilter(OncePerRequestFilter.java:117)
	at org.apache.catalina.core.ApplicationFilterChain.internalDoFilter(ApplicationFilterChain.java:189)
	at org.apache.catalina.core.ApplicationFilterChain.doFilter(ApplicationFilterChain.java:162)
	at org.apache.catalina.core.StandardWrapperValve.invoke(StandardWrapperValve.java:197)
	at org.apache.catalina.core.StandardContextValve.invoke(StandardContextValve.java:97)
	at org.apache.catalina.authenticator.AuthenticatorBase.invoke(AuthenticatorBase.java:541)
	at org.apache.catalina.core.StandardHostValve.invoke(StandardHostValve.java:135)
	at org.apache.catalina.valves.ErrorReportValve.invoke(ErrorReportValve.java:92)
	at org.apache.catalina.core.StandardEngineValve.invoke(StandardEngineValve.java:78)
	at org.apache.catalina.connector.CoyoteAdapter.service(CoyoteAdapter.java:360)
	at org.apache.coyote.http11.Http11Processor.service(Http11Processor.java:399)
	at org.apache.coyote.AbstractProcessorLight.process(AbstractProcessorLight.java:65)
	at org.apache.coyote.AbstractProtocol$ConnectionHandler.process(AbstractProtocol.java:890)
	at org.apache.tomcat.util.net.NioEndpoint$SocketProcessor.doRun(NioEndpoint.java:1789)
	at org.apache.tomcat.util.net.SocketProcessorBase.run(SocketProcessorBase.java:49)
	at org.apache.tomcat.util.threads.ThreadPoolExecutor.runWorker(ThreadPoolExecutor.java:1191)
	at org.apache.tomcat.util.threads.ThreadPoolExecutor$Worker.run(ThreadPoolExecutor.java:659)
	at org.apache.tomcat.util.threads.TaskThread$WrappingRunnable.run(TaskThread.java:61)
	at java.lang.Thread.run(Thread.java:750)
2025-08-06 22:54:37,892 INFO  [main] com.example.quiz_project.QuizProjectApplication:logStarting:55 - Starting QuizProjectApplication using Java 1.8.0_452 on Haneko with PID 14692 (D:\Code_projects\target\classes started by 40108 in D:\Code_projects)
2025-08-06 22:54:37,895 INFO  [main] com.example.quiz_project.QuizProjectApplication:logStartupProfileInfo:634 - No active profile set, falling back to 1 default profile: "default"
2025-08-06 22:54:38,312 INFO  [main] org.springframework.data.repository.config.RepositoryConfigurationDelegate:registerRepositoriesIn:132 - Bootstrapping Spring Data JDBC repositories in DEFAULT mode.
2025-08-06 22:54:38,323 INFO  [main] org.springframework.data.repository.config.RepositoryConfigurationDelegate:registerRepositoriesIn:201 - Finished Spring Data repository scanning in 8 ms. Found 0 JDBC repository interfaces.
2025-08-06 22:54:38,889 INFO  [main] org.springframework.boot.web.embedded.tomcat.TomcatWebServer:initialize:108 - Tomcat initialized with port(s): 8080 (http)
2025-08-06 22:54:38,897 INFO  [main] org.apache.coyote.http11.Http11NioProtocol:log:173 - Initializing ProtocolHandler ["http-nio-8080"]
2025-08-06 22:54:38,898 INFO  [main] org.apache.catalina.core.StandardService:log:173 - Starting service [Tomcat]
2025-08-06 22:54:38,898 INFO  [main] org.apache.catalina.core.StandardEngine:log:173 - Starting Servlet engine: [Apache Tomcat/9.0.65]
2025-08-06 22:54:39,075 INFO  [main] org.apache.jasper.servlet.TldScanner:log:173 - At least one JAR was scanned for TLDs yet contained no TLDs. Enable debug logging for this logger for a complete list of JARs that were scanned but no TLDs were found in them. Skipping unneeded JARs during scanning can improve startup time and JSP compilation time.
2025-08-06 22:54:39,080 INFO  [main] org.apache.catalina.core.ContainerBase.[Tomcat].[localhost].[/]:log:173 - Initializing Spring embedded WebApplicationContext
2025-08-06 22:54:39,081 INFO  [main] org.springframework.boot.web.servlet.context.ServletWebServerApplicationContext:prepareWebApplicationContext:292 - Root WebApplicationContext: initialization completed in 1149 ms
2025-08-06 22:54:39,777 INFO  [main] org.apache.coyote.http11.Http11NioProtocol:log:173 - Starting ProtocolHandler ["http-nio-8080"]
2025-08-06 22:54:39,797 INFO  [main] org.springframework.boot.web.embedded.tomcat.TomcatWebServer:start:220 - Tomcat started on port(s): 8080 (http) with context path ''
2025-08-06 22:54:39,804 INFO  [main] com.example.quiz_project.QuizProjectApplication:logStarted:61 - Started QuizProjectApplication in 2.256 seconds (JVM running for 2.563)
2025-08-06 22:54:40,774 INFO  [http-nio-8080-exec-1] org.apache.catalina.core.ContainerBase.[Tomcat].[localhost].[/]:log:173 - Initializing Spring DispatcherServlet 'dispatcherServlet'
2025-08-06 22:54:40,774 INFO  [http-nio-8080-exec-1] org.springframework.web.servlet.DispatcherServlet:initServletBean:525 - Initializing Servlet 'dispatcherServlet'
2025-08-06 22:54:40,775 INFO  [http-nio-8080-exec-1] org.springframework.web.servlet.DispatcherServlet:initServletBean:547 - Completed initialization in 1 ms
2025-08-06 22:54:45,011 INFO  [http-nio-8080-exec-6] com.example.quiz_project.controller.AdminQuizController:updateUser:160 - Action: toggle_admin for user with ID: 1
2025-08-06 22:57:09,597 INFO  [main] com.example.quiz_project.QuizProjectApplication:logStarting:55 - Starting QuizProjectApplication using Java 1.8.0_452 on Haneko with PID 17024 (D:\Code_projects\target\classes started by 40108 in D:\Code_projects)
2025-08-06 22:57:09,600 INFO  [main] com.example.quiz_project.QuizProjectApplication:logStartupProfileInfo:634 - No active profile set, falling back to 1 default profile: "default"
2025-08-06 22:57:10,053 INFO  [main] org.springframework.data.repository.config.RepositoryConfigurationDelegate:registerRepositoriesIn:132 - Bootstrapping Spring Data JDBC repositories in DEFAULT mode.
2025-08-06 22:57:10,064 INFO  [main] org.springframework.data.repository.config.RepositoryConfigurationDelegate:registerRepositoriesIn:201 - Finished Spring Data repository scanning in 7 ms. Found 0 JDBC repository interfaces.
2025-08-06 22:57:10,611 INFO  [main] org.springframework.boot.web.embedded.tomcat.TomcatWebServer:initialize:108 - Tomcat initialized with port(s): 8080 (http)
2025-08-06 22:57:10,803 INFO  [main] org.springframework.boot.web.servlet.context.ServletWebServerApplicationContext:prepareWebApplicationContext:292 - Root WebApplicationContext: initialization completed in 1167 ms
2025-08-06 22:57:11,656 INFO  [main] org.springframework.boot.web.embedded.tomcat.TomcatWebServer:start:220 - Tomcat started on port(s): 8080 (http) with context path ''
2025-08-06 22:57:11,664 INFO  [main] com.example.quiz_project.QuizProjectApplication:logStarted:61 - Started QuizProjectApplication in 2.39 seconds (JVM running for 2.705)
2025-08-06 23:00:08,327 INFO  [main] com.example.quiz_project.QuizProjectApplication:logStarting:55 - Starting QuizProjectApplication using Java 1.8.0_452 on Haneko with PID 8288 (D:\Code_projects\target\classes started by 40108 in D:\Code_projects)
2025-08-06 23:00:08,329 INFO  [main] com.example.quiz_project.QuizProjectApplication:logStartupProfileInfo:634 - No active profile set, falling back to 1 default profile: "default"
2025-08-06 23:00:08,784 INFO  [main] org.springframework.data.repository.config.RepositoryConfigurationDelegate:registerRepositoriesIn:132 - Bootstrapping Spring Data JDBC repositories in DEFAULT mode.
2025-08-06 23:00:08,795 INFO  [main] org.springframework.data.repository.config.RepositoryConfigurationDelegate:registerRepositoriesIn:201 - Finished Spring Data repository scanning in 7 ms. Found 0 JDBC repository interfaces.
2025-08-06 23:00:09,324 INFO  [main] org.springframework.boot.web.embedded.tomcat.TomcatWebServer:initialize:108 - Tomcat initialized with port(s): 8080 (http)
2025-08-06 23:00:09,332 INFO  [main] org.apache.coyote.http11.Http11NioProtocol:log:173 - Initializing ProtocolHandler ["http-nio-8080"]
2025-08-06 23:00:09,332 INFO  [main] org.apache.catalina.core.StandardService:log:173 - Starting service [Tomcat]
2025-08-06 23:00:09,332 INFO  [main] org.apache.catalina.core.StandardEngine:log:173 - Starting Servlet engine: [Apache Tomcat/9.0.65]
2025-08-06 23:00:09,515 INFO  [main] org.apache.jasper.servlet.TldScanner:log:173 - At least one JAR was scanned for TLDs yet contained no TLDs. Enable debug logging for this logger for a complete list of JARs that were scanned but no TLDs were found in them. Skipping unneeded JARs during scanning can improve startup time and JSP compilation time.
2025-08-06 23:00:09,519 INFO  [main] org.apache.catalina.core.ContainerBase.[Tomcat].[localhost].[/]:log:173 - Initializing Spring embedded WebApplicationContext
2025-08-06 23:00:09,520 INFO  [main] org.springframework.boot.web.servlet.context.ServletWebServerApplicationContext:prepareWebApplicationContext:292 - Root WebApplicationContext: initialization completed in 1155 ms
2025-08-06 23:00:10,221 INFO  [main] org.apache.coyote.http11.Http11NioProtocol:log:173 - Starting ProtocolHandler ["http-nio-8080"]
2025-08-06 23:00:10,246 INFO  [main] org.springframework.boot.web.embedded.tomcat.TomcatWebServer:start:220 - Tomcat started on port(s): 8080 (http) with context path ''
2025-08-06 23:00:10,253 INFO  [main] com.example.quiz_project.QuizProjectApplication:logStarted:61 - Started QuizProjectApplication in 2.278 seconds (JVM running for 2.598)
2025-08-06 23:00:14,498 INFO  [http-nio-8080-exec-1] org.apache.catalina.core.ContainerBase.[Tomcat].[localhost].[/]:log:173 - Initializing Spring DispatcherServlet 'dispatcherServlet'
2025-08-06 23:00:14,498 INFO  [http-nio-8080-exec-1] org.springframework.web.servlet.DispatcherServlet:initServletBean:525 - Initializing Servlet 'dispatcherServlet'
2025-08-06 23:00:14,499 INFO  [http-nio-8080-exec-1] org.springframework.web.servlet.DispatcherServlet:initServletBean:547 - Completed initialization in 1 ms
2025-08-06 23:00:18,037 ERROR [http-nio-8080-exec-8] org.apache.catalina.core.ContainerBase.[Tomcat].[localhost].[/].[jsp]:log:175 - Servlet.service() for servlet [jsp] threw exception
javax.el.PropertyNotFoundException: Property [userName] not found on type [com.example.quiz_project.domain.User]
	at javax.el.BeanELResolver$BeanProperties.get(BeanELResolver.java:261)
	at javax.el.BeanELResolver$BeanProperties.access$300(BeanELResolver.java:213)
	at javax.el.BeanELResolver.property(BeanELResolver.java:334)
	at javax.el.BeanELResolver.getValue(BeanELResolver.java:95)
	at org.apache.jasper.el.JasperELResolver.getValue(JasperELResolver.java:124)
	at org.apache.el.parser.AstValue.getValue(AstValue.java:168)
	at org.apache.el.ValueExpressionImpl.getValue(ValueExpressionImpl.java:189)
	at org.apache.jasper.runtime.PageContextImpl.proprietaryEvaluate(PageContextImpl.java:692)
	at org.apache.jsp.WEB_002dINF.jsp.admin.adminusers_jsp._jspx_meth_c_005fforEach_005f0(adminusers_jsp.java:229)
	at org.apache.jsp.WEB_002dINF.jsp.admin.adminusers_jsp._jspService(adminusers_jsp.java:168)
	at org.apache.jasper.runtime.HttpJspBase.service(HttpJspBase.java:70)
	at javax.servlet.http.HttpServlet.service(HttpServlet.java:764)
	at org.apache.jasper.servlet.JspServletWrapper.service(JspServletWrapper.java:466)
	at org.apache.jasper.servlet.JspServlet.serviceJspFile(JspServlet.java:379)
	at org.apache.jasper.servlet.JspServlet.service(JspServlet.java:327)
	at javax.servlet.http.HttpServlet.service(HttpServlet.java:764)
	at org.apache.catalina.core.ApplicationFilterChain.internalDoFilter(ApplicationFilterChain.java:227)
	at org.apache.catalina.core.ApplicationFilterChain.doFilter(ApplicationFilterChain.java:162)
	at org.apache.tomcat.websocket.server.WsFilter.doFilter(WsFilter.java:53)
	at org.apache.catalina.core.ApplicationFilterChain.internalDoFilter(ApplicationFilterChain.java:189)
	at org.apache.catalina.core.ApplicationFilterChain.doFilter(ApplicationFilterChain.java:162)
	at org.springframework.web.filter.OncePerRequestFilter.doFilter(OncePerRequestFilter.java:111)
	at org.apache.catalina.core.ApplicationFilterChain.internalDoFilter(ApplicationFilterChain.java:189)
	at org.apache.catalina.core.ApplicationFilterChain.doFilter(ApplicationFilterChain.java:162)
	at org.springframework.web.filter.OncePerRequestFilter.doFilter(OncePerRequestFilter.java:111)
	at org.apache.catalina.core.ApplicationFilterChain.internalDoFilter(ApplicationFilterChain.java:189)
	at org.apache.catalina.core.ApplicationFilterChain.doFilter(ApplicationFilterChain.java:162)
	at org.springframework.web.filter.OncePerRequestFilter.doFilter(OncePerRequestFilter.java:111)
	at org.apache.catalina.core.ApplicationFilterChain.internalDoFilter(ApplicationFilterChain.java:189)
	at org.apache.catalina.core.ApplicationFilterChain.doFilter(ApplicationFilterChain.java:162)
	at org.apache.catalina.core.ApplicationDispatcher.invoke(ApplicationDispatcher.java:711)
	at org.apache.catalina.core.ApplicationDispatcher.processRequest(ApplicationDispatcher.java:459)
	at org.apache.catalina.core.ApplicationDispatcher.doForward(ApplicationDispatcher.java:385)
	at org.apache.catalina.core.ApplicationDispatcher.forward(ApplicationDispatcher.java:313)
	at org.springframework.web.servlet.view.InternalResourceView.renderMergedOutputModel(InternalResourceView.java:171)
	at org.springframework.web.servlet.view.AbstractView.render(AbstractView.java:316)
	at org.springframework.web.servlet.DispatcherServlet.render(DispatcherServlet.java:1404)
	at org.springframework.web.servlet.DispatcherServlet.processDispatchResult(DispatcherServlet.java:1148)
	at org.springframework.web.servlet.DispatcherServlet.doDispatch(DispatcherServlet.java:1087)
	at org.springframework.web.servlet.DispatcherServlet.doService(DispatcherServlet.java:963)
	at org.springframework.web.servlet.FrameworkServlet.processRequest(FrameworkServlet.java:1006)
	at org.springframework.web.servlet.FrameworkServlet.doGet(FrameworkServlet.java:898)
	at javax.servlet.http.HttpServlet.service(HttpServlet.java:655)
	at org.springframework.web.servlet.FrameworkServlet.service(FrameworkServlet.java:883)
	at javax.servlet.http.HttpServlet.service(HttpServlet.java:764)
	at org.apache.catalina.core.ApplicationFilterChain.internalDoFilter(ApplicationFilterChain.java:227)
	at org.apache.catalina.core.ApplicationFilterChain.doFilter(ApplicationFilterChain.java:162)
	at org.apache.tomcat.websocket.server.WsFilter.doFilter(WsFilter.java:53)
	at org.apache.catalina.core.ApplicationFilterChain.internalDoFilter(ApplicationFilterChain.java:189)
	at org.apache.catalina.core.ApplicationFilterChain.doFilter(ApplicationFilterChain.java:162)
	at com.example.quiz_project.filter.LoginFilter.doFilterInternal(LoginFilter.java:26)
	at org.springframework.web.filter.OncePerRequestFilter.doFilter(OncePerRequestFilter.java:117)
	at org.apache.catalina.core.ApplicationFilterChain.internalDoFilter(ApplicationFilterChain.java:189)
	at org.apache.catalina.core.ApplicationFilterChain.doFilter(ApplicationFilterChain.java:162)
	at org.springframework.web.filter.RequestContextFilter.doFilterInternal(RequestContextFilter.java:100)
	at org.springframework.web.filter.OncePerRequestFilter.doFilter(OncePerRequestFilter.java:117)
	at org.apache.catalina.core.ApplicationFilterChain.internalDoFilter(ApplicationFilterChain.java:189)
	at org.apache.catalina.core.ApplicationFilterChain.doFilter(ApplicationFilterChain.java:162)
	at org.springframework.web.filter.FormContentFilter.doFilterInternal(FormContentFilter.java:93)
	at org.springframework.web.filter.OncePerRequestFilter.doFilter(OncePerRequestFilter.java:117)
	at org.apache.catalina.core.ApplicationFilterChain.internalDoFilter(ApplicationFilterChain.java:189)
	at org.apache.catalina.core.ApplicationFilterChain.doFilter(ApplicationFilterChain.java:162)
	at org.springframework.web.filter.CharacterEncodingFilter.doFilterInternal(CharacterEncodingFilter.java:201)
	at org.springframework.web.filter.OncePerRequestFilter.doFilter(OncePerRequestFilter.java:117)
	at org.apache.catalina.core.ApplicationFilterChain.internalDoFilter(ApplicationFilterChain.java:189)
	at org.apache.catalina.core.ApplicationFilterChain.doFilter(ApplicationFilterChain.java:162)
	at org.apache.catalina.core.StandardWrapperValve.invoke(StandardWrapperValve.java:197)
	at org.apache.catalina.core.StandardContextValve.invoke(StandardContextValve.java:97)
	at org.apache.catalina.authenticator.AuthenticatorBase.invoke(AuthenticatorBase.java:541)
	at org.apache.catalina.core.StandardHostValve.invoke(StandardHostValve.java:135)
	at org.apache.catalina.valves.ErrorReportValve.invoke(ErrorReportValve.java:92)
	at org.apache.catalina.core.StandardEngineValve.invoke(StandardEngineValve.java:78)
	at org.apache.catalina.connector.CoyoteAdapter.service(CoyoteAdapter.java:360)
	at org.apache.coyote.http11.Http11Processor.service(Http11Processor.java:399)
	at org.apache.coyote.AbstractProcessorLight.process(AbstractProcessorLight.java:65)
	at org.apache.coyote.AbstractProtocol$ConnectionHandler.process(AbstractProtocol.java:890)
	at org.apache.tomcat.util.net.NioEndpoint$SocketProcessor.doRun(NioEndpoint.java:1789)
	at org.apache.tomcat.util.net.SocketProcessorBase.run(SocketProcessorBase.java:49)
	at org.apache.tomcat.util.threads.ThreadPoolExecutor.runWorker(ThreadPoolExecutor.java:1191)
	at org.apache.tomcat.util.threads.ThreadPoolExecutor$Worker.run(ThreadPoolExecutor.java:659)
	at org.apache.tomcat.util.threads.TaskThread$WrappingRunnable.run(TaskThread.java:61)
	at java.lang.Thread.run(Thread.java:750)
2025-08-06 23:00:18,038 ERROR [http-nio-8080-exec-8] org.apache.catalina.core.ContainerBase.[Tomcat].[localhost].[/].[dispatcherServlet]:log:175 - Servlet.service() for servlet [dispatcherServlet] in context with path [] threw exception [javax.el.PropertyNotFoundException: Property [userName] not found on type [com.example.quiz_project.domain.User]] with root cause
javax.el.PropertyNotFoundException: Property [userName] not found on type [com.example.quiz_project.domain.User]
	at javax.el.BeanELResolver$BeanProperties.get(BeanELResolver.java:261)
	at javax.el.BeanELResolver$BeanProperties.access$300(BeanELResolver.java:213)
	at javax.el.BeanELResolver.property(BeanELResolver.java:334)
	at javax.el.BeanELResolver.getValue(BeanELResolver.java:95)
	at org.apache.jasper.el.JasperELResolver.getValue(JasperELResolver.java:124)
	at org.apache.el.parser.AstValue.getValue(AstValue.java:168)
	at org.apache.el.ValueExpressionImpl.getValue(ValueExpressionImpl.java:189)
	at org.apache.jasper.runtime.PageContextImpl.proprietaryEvaluate(PageContextImpl.java:692)
	at org.apache.jsp.WEB_002dINF.jsp.admin.adminusers_jsp._jspx_meth_c_005fforEach_005f0(adminusers_jsp.java:229)
	at org.apache.jsp.WEB_002dINF.jsp.admin.adminusers_jsp._jspService(adminusers_jsp.java:168)
	at org.apache.jasper.runtime.HttpJspBase.service(HttpJspBase.java:70)
	at javax.servlet.http.HttpServlet.service(HttpServlet.java:764)
	at org.apache.jasper.servlet.JspServletWrapper.service(JspServletWrapper.java:466)
	at org.apache.jasper.servlet.JspServlet.serviceJspFile(JspServlet.java:379)
	at org.apache.jasper.servlet.JspServlet.service(JspServlet.java:327)
	at javax.servlet.http.HttpServlet.service(HttpServlet.java:764)
	at org.apache.catalina.core.ApplicationFilterChain.internalDoFilter(ApplicationFilterChain.java:227)
	at org.apache.catalina.core.ApplicationFilterChain.doFilter(ApplicationFilterChain.java:162)
	at org.apache.tomcat.websocket.server.WsFilter.doFilter(WsFilter.java:53)
	at org.apache.catalina.core.ApplicationFilterChain.internalDoFilter(ApplicationFilterChain.java:189)
	at org.apache.catalina.core.ApplicationFilterChain.doFilter(ApplicationFilterChain.java:162)
	at org.springframework.web.filter.OncePerRequestFilter.doFilter(OncePerRequestFilter.java:111)
	at org.apache.catalina.core.ApplicationFilterChain.internalDoFilter(ApplicationFilterChain.java:189)
	at org.apache.catalina.core.ApplicationFilterChain.doFilter(ApplicationFilterChain.java:162)
	at org.springframework.web.filter.OncePerRequestFilter.doFilter(OncePerRequestFilter.java:111)
	at org.apache.catalina.core.ApplicationFilterChain.internalDoFilter(ApplicationFilterChain.java:189)
	at org.apache.catalina.core.ApplicationFilterChain.doFilter(ApplicationFilterChain.java:162)
	at org.springframework.web.filter.OncePerRequestFilter.doFilter(OncePerRequestFilter.java:111)
	at org.apache.catalina.core.ApplicationFilterChain.internalDoFilter(ApplicationFilterChain.java:189)
	at org.apache.catalina.core.ApplicationFilterChain.doFilter(ApplicationFilterChain.java:162)
	at org.apache.catalina.core.ApplicationDispatcher.invoke(ApplicationDispatcher.java:711)
	at org.apache.catalina.core.ApplicationDispatcher.processRequest(ApplicationDispatcher.java:459)
	at org.apache.catalina.core.ApplicationDispatcher.doForward(ApplicationDispatcher.java:385)
	at org.apache.catalina.core.ApplicationDispatcher.forward(ApplicationDispatcher.java:313)
	at org.springframework.web.servlet.view.InternalResourceView.renderMergedOutputModel(InternalResourceView.java:171)
	at org.springframework.web.servlet.view.AbstractView.render(AbstractView.java:316)
	at org.springframework.web.servlet.DispatcherServlet.render(DispatcherServlet.java:1404)
	at org.springframework.web.servlet.DispatcherServlet.processDispatchResult(DispatcherServlet.java:1148)
	at org.springframework.web.servlet.DispatcherServlet.doDispatch(DispatcherServlet.java:1087)
	at org.springframework.web.servlet.DispatcherServlet.doService(DispatcherServlet.java:963)
	at org.springframework.web.servlet.FrameworkServlet.processRequest(FrameworkServlet.java:1006)
	at org.springframework.web.servlet.FrameworkServlet.doGet(FrameworkServlet.java:898)
	at javax.servlet.http.HttpServlet.service(HttpServlet.java:655)
	at org.springframework.web.servlet.FrameworkServlet.service(FrameworkServlet.java:883)
	at javax.servlet.http.HttpServlet.service(HttpServlet.java:764)
	at org.apache.catalina.core.ApplicationFilterChain.internalDoFilter(ApplicationFilterChain.java:227)
	at org.apache.catalina.core.ApplicationFilterChain.doFilter(ApplicationFilterChain.java:162)
	at org.apache.tomcat.websocket.server.WsFilter.doFilter(WsFilter.java:53)
	at org.apache.catalina.core.ApplicationFilterChain.internalDoFilter(ApplicationFilterChain.java:189)
	at org.apache.catalina.core.ApplicationFilterChain.doFilter(ApplicationFilterChain.java:162)
	at com.example.quiz_project.filter.LoginFilter.doFilterInternal(LoginFilter.java:26)
	at org.springframework.web.filter.OncePerRequestFilter.doFilter(OncePerRequestFilter.java:117)
	at org.apache.catalina.core.ApplicationFilterChain.internalDoFilter(ApplicationFilterChain.java:189)
	at org.apache.catalina.core.ApplicationFilterChain.doFilter(ApplicationFilterChain.java:162)
	at org.springframework.web.filter.RequestContextFilter.doFilterInternal(RequestContextFilter.java:100)
	at org.springframework.web.filter.OncePerRequestFilter.doFilter(OncePerRequestFilter.java:117)
	at org.apache.catalina.core.ApplicationFilterChain.internalDoFilter(ApplicationFilterChain.java:189)
	at org.apache.catalina.core.ApplicationFilterChain.doFilter(ApplicationFilterChain.java:162)
	at org.springframework.web.filter.FormContentFilter.doFilterInternal(FormContentFilter.java:93)
	at org.springframework.web.filter.OncePerRequestFilter.doFilter(OncePerRequestFilter.java:117)
	at org.apache.catalina.core.ApplicationFilterChain.internalDoFilter(ApplicationFilterChain.java:189)
	at org.apache.catalina.core.ApplicationFilterChain.doFilter(ApplicationFilterChain.java:162)
	at org.springframework.web.filter.CharacterEncodingFilter.doFilterInternal(CharacterEncodingFilter.java:201)
	at org.springframework.web.filter.OncePerRequestFilter.doFilter(OncePerRequestFilter.java:117)
	at org.apache.catalina.core.ApplicationFilterChain.internalDoFilter(ApplicationFilterChain.java:189)
	at org.apache.catalina.core.ApplicationFilterChain.doFilter(ApplicationFilterChain.java:162)
	at org.apache.catalina.core.StandardWrapperValve.invoke(StandardWrapperValve.java:197)
	at org.apache.catalina.core.StandardContextValve.invoke(StandardContextValve.java:97)
	at org.apache.catalina.authenticator.AuthenticatorBase.invoke(AuthenticatorBase.java:541)
	at org.apache.catalina.core.StandardHostValve.invoke(StandardHostValve.java:135)
	at org.apache.catalina.valves.ErrorReportValve.invoke(ErrorReportValve.java:92)
	at org.apache.catalina.core.StandardEngineValve.invoke(StandardEngineValve.java:78)
	at org.apache.catalina.connector.CoyoteAdapter.service(CoyoteAdapter.java:360)
	at org.apache.coyote.http11.Http11Processor.service(Http11Processor.java:399)
	at org.apache.coyote.AbstractProcessorLight.process(AbstractProcessorLight.java:65)
	at org.apache.coyote.AbstractProtocol$ConnectionHandler.process(AbstractProtocol.java:890)
	at org.apache.tomcat.util.net.NioEndpoint$SocketProcessor.doRun(NioEndpoint.java:1789)
	at org.apache.tomcat.util.net.SocketProcessorBase.run(SocketProcessorBase.java:49)
	at org.apache.tomcat.util.threads.ThreadPoolExecutor.runWorker(ThreadPoolExecutor.java:1191)
	at org.apache.tomcat.util.threads.ThreadPoolExecutor$Worker.run(ThreadPoolExecutor.java:659)
	at org.apache.tomcat.util.threads.TaskThread$WrappingRunnable.run(TaskThread.java:61)
	at java.lang.Thread.run(Thread.java:750)
2025-08-06 23:02:13,344 INFO  [main] com.example.quiz_project.QuizProjectApplication:logStarting:55 - Starting QuizProjectApplication using Java 1.8.0_452 on Haneko with PID 5260 (D:\Code_projects\target\classes started by 40108 in D:\Code_projects)
2025-08-06 23:02:13,347 INFO  [main] com.example.quiz_project.QuizProjectApplication:logStartupProfileInfo:634 - No active profile set, falling back to 1 default profile: "default"
2025-08-06 23:02:13,796 INFO  [main] org.springframework.data.repository.config.RepositoryConfigurationDelegate:registerRepositoriesIn:132 - Bootstrapping Spring Data JDBC repositories in DEFAULT mode.
2025-08-06 23:02:13,807 INFO  [main] org.springframework.data.repository.config.RepositoryConfigurationDelegate:registerRepositoriesIn:201 - Finished Spring Data repository scanning in 7 ms. Found 0 JDBC repository interfaces.
2025-08-06 23:02:14,372 INFO  [main] org.springframework.boot.web.embedded.tomcat.TomcatWebServer:initialize:108 - Tomcat initialized with port(s): 8080 (http)
2025-08-06 23:02:14,381 INFO  [main] org.apache.coyote.http11.Http11NioProtocol:log:173 - Initializing ProtocolHandler ["http-nio-8080"]
2025-08-06 23:02:14,381 INFO  [main] org.apache.catalina.core.StandardService:log:173 - Starting service [Tomcat]
2025-08-06 23:02:14,381 INFO  [main] org.apache.catalina.core.StandardEngine:log:173 - Starting Servlet engine: [Apache Tomcat/9.0.65]
2025-08-06 23:02:14,553 INFO  [main] org.apache.jasper.servlet.TldScanner:log:173 - At least one JAR was scanned for TLDs yet contained no TLDs. Enable debug logging for this logger for a complete list of JARs that were scanned but no TLDs were found in them. Skipping unneeded JARs during scanning can improve startup time and JSP compilation time.
2025-08-06 23:02:14,557 INFO  [main] org.apache.catalina.core.ContainerBase.[Tomcat].[localhost].[/]:log:173 - Initializing Spring embedded WebApplicationContext
2025-08-06 23:02:14,558 INFO  [main] org.springframework.boot.web.servlet.context.ServletWebServerApplicationContext:prepareWebApplicationContext:292 - Root WebApplicationContext: initialization completed in 1176 ms
2025-08-06 23:02:15,331 INFO  [main] org.apache.coyote.http11.Http11NioProtocol:log:173 - Starting ProtocolHandler ["http-nio-8080"]
2025-08-06 23:02:15,357 INFO  [main] org.springframework.boot.web.embedded.tomcat.TomcatWebServer:start:220 - Tomcat started on port(s): 8080 (http) with context path ''
2025-08-06 23:02:15,365 INFO  [main] com.example.quiz_project.QuizProjectApplication:logStarted:61 - Started QuizProjectApplication in 2.386 seconds (JVM running for 2.835)
2025-08-06 23:02:19,822 INFO  [http-nio-8080-exec-1] org.apache.catalina.core.ContainerBase.[Tomcat].[localhost].[/]:log:173 - Initializing Spring DispatcherServlet 'dispatcherServlet'
2025-08-06 23:02:19,822 INFO  [http-nio-8080-exec-1] org.springframework.web.servlet.DispatcherServlet:initServletBean:525 - Initializing Servlet 'dispatcherServlet'
2025-08-06 23:02:19,823 INFO  [http-nio-8080-exec-1] org.springframework.web.servlet.DispatcherServlet:initServletBean:547 - Completed initialization in 1 ms
2025-08-06 23:02:22,763 ERROR [http-nio-8080-exec-5] org.apache.catalina.core.ContainerBase.[Tomcat].[localhost].[/].[jsp]:log:175 - Servlet.service() for servlet [jsp] threw exception
javax.el.PropertyNotFoundException: Property [user_name] not found on type [com.example.quiz_project.domain.User]
	at javax.el.BeanELResolver$BeanProperties.get(BeanELResolver.java:261)
	at javax.el.BeanELResolver$BeanProperties.access$300(BeanELResolver.java:213)
	at javax.el.BeanELResolver.property(BeanELResolver.java:334)
	at javax.el.BeanELResolver.getValue(BeanELResolver.java:95)
	at org.apache.jasper.el.JasperELResolver.getValue(JasperELResolver.java:124)
	at org.apache.el.parser.AstValue.getValue(AstValue.java:168)
	at org.apache.el.ValueExpressionImpl.getValue(ValueExpressionImpl.java:189)
	at org.apache.jasper.runtime.PageContextImpl.proprietaryEvaluate(PageContextImpl.java:692)
	at org.apache.jsp.WEB_002dINF.jsp.admin.adminusers_jsp._jspx_meth_c_005fforEach_005f0(adminusers_jsp.java:229)
	at org.apache.jsp.WEB_002dINF.jsp.admin.adminusers_jsp._jspService(adminusers_jsp.java:168)
	at org.apache.jasper.runtime.HttpJspBase.service(HttpJspBase.java:70)
	at javax.servlet.http.HttpServlet.service(HttpServlet.java:764)
	at org.apache.jasper.servlet.JspServletWrapper.service(JspServletWrapper.java:466)
	at org.apache.jasper.servlet.JspServlet.serviceJspFile(JspServlet.java:379)
	at org.apache.jasper.servlet.JspServlet.service(JspServlet.java:327)
	at javax.servlet.http.HttpServlet.service(HttpServlet.java:764)
	at org.apache.catalina.core.ApplicationFilterChain.internalDoFilter(ApplicationFilterChain.java:227)
	at org.apache.catalina.core.ApplicationFilterChain.doFilter(ApplicationFilterChain.java:162)
	at org.apache.tomcat.websocket.server.WsFilter.doFilter(WsFilter.java:53)
	at org.apache.catalina.core.ApplicationFilterChain.internalDoFilter(ApplicationFilterChain.java:189)
	at org.apache.catalina.core.ApplicationFilterChain.doFilter(ApplicationFilterChain.java:162)
	at org.springframework.web.filter.OncePerRequestFilter.doFilter(OncePerRequestFilter.java:111)
	at org.apache.catalina.core.ApplicationFilterChain.internalDoFilter(ApplicationFilterChain.java:189)
	at org.apache.catalina.core.ApplicationFilterChain.doFilter(ApplicationFilterChain.java:162)
	at org.springframework.web.filter.OncePerRequestFilter.doFilter(OncePerRequestFilter.java:111)
	at org.apache.catalina.core.ApplicationFilterChain.internalDoFilter(ApplicationFilterChain.java:189)
	at org.apache.catalina.core.ApplicationFilterChain.doFilter(ApplicationFilterChain.java:162)
	at org.springframework.web.filter.OncePerRequestFilter.doFilter(OncePerRequestFilter.java:111)
	at org.apache.catalina.core.ApplicationFilterChain.internalDoFilter(ApplicationFilterChain.java:189)
	at org.apache.catalina.core.ApplicationFilterChain.doFilter(ApplicationFilterChain.java:162)
	at org.apache.catalina.core.ApplicationDispatcher.invoke(ApplicationDispatcher.java:711)
	at org.apache.catalina.core.ApplicationDispatcher.processRequest(ApplicationDispatcher.java:459)
	at org.apache.catalina.core.ApplicationDispatcher.doForward(ApplicationDispatcher.java:385)
	at org.apache.catalina.core.ApplicationDispatcher.forward(ApplicationDispatcher.java:313)
	at org.springframework.web.servlet.view.InternalResourceView.renderMergedOutputModel(InternalResourceView.java:171)
	at org.springframework.web.servlet.view.AbstractView.render(AbstractView.java:316)
	at org.springframework.web.servlet.DispatcherServlet.render(DispatcherServlet.java:1404)
	at org.springframework.web.servlet.DispatcherServlet.processDispatchResult(DispatcherServlet.java:1148)
	at org.springframework.web.servlet.DispatcherServlet.doDispatch(DispatcherServlet.java:1087)
	at org.springframework.web.servlet.DispatcherServlet.doService(DispatcherServlet.java:963)
	at org.springframework.web.servlet.FrameworkServlet.processRequest(FrameworkServlet.java:1006)
	at org.springframework.web.servlet.FrameworkServlet.doGet(FrameworkServlet.java:898)
	at javax.servlet.http.HttpServlet.service(HttpServlet.java:655)
	at org.springframework.web.servlet.FrameworkServlet.service(FrameworkServlet.java:883)
	at javax.servlet.http.HttpServlet.service(HttpServlet.java:764)
	at org.apache.catalina.core.ApplicationFilterChain.internalDoFilter(ApplicationFilterChain.java:227)
	at org.apache.catalina.core.ApplicationFilterChain.doFilter(ApplicationFilterChain.java:162)
	at org.apache.tomcat.websocket.server.WsFilter.doFilter(WsFilter.java:53)
	at org.apache.catalina.core.ApplicationFilterChain.internalDoFilter(ApplicationFilterChain.java:189)
	at org.apache.catalina.core.ApplicationFilterChain.doFilter(ApplicationFilterChain.java:162)
	at com.example.quiz_project.filter.LoginFilter.doFilterInternal(LoginFilter.java:26)
	at org.springframework.web.filter.OncePerRequestFilter.doFilter(OncePerRequestFilter.java:117)
	at org.apache.catalina.core.ApplicationFilterChain.internalDoFilter(ApplicationFilterChain.java:189)
	at org.apache.catalina.core.ApplicationFilterChain.doFilter(ApplicationFilterChain.java:162)
	at org.springframework.web.filter.RequestContextFilter.doFilterInternal(RequestContextFilter.java:100)
	at org.springframework.web.filter.OncePerRequestFilter.doFilter(OncePerRequestFilter.java:117)
	at org.apache.catalina.core.ApplicationFilterChain.internalDoFilter(ApplicationFilterChain.java:189)
	at org.apache.catalina.core.ApplicationFilterChain.doFilter(ApplicationFilterChain.java:162)
	at org.springframework.web.filter.FormContentFilter.doFilterInternal(FormContentFilter.java:93)
	at org.springframework.web.filter.OncePerRequestFilter.doFilter(OncePerRequestFilter.java:117)
	at org.apache.catalina.core.ApplicationFilterChain.internalDoFilter(ApplicationFilterChain.java:189)
	at org.apache.catalina.core.ApplicationFilterChain.doFilter(ApplicationFilterChain.java:162)
	at org.springframework.web.filter.CharacterEncodingFilter.doFilterInternal(CharacterEncodingFilter.java:201)
	at org.springframework.web.filter.OncePerRequestFilter.doFilter(OncePerRequestFilter.java:117)
	at org.apache.catalina.core.ApplicationFilterChain.internalDoFilter(ApplicationFilterChain.java:189)
	at org.apache.catalina.core.ApplicationFilterChain.doFilter(ApplicationFilterChain.java:162)
	at org.apache.catalina.core.StandardWrapperValve.invoke(StandardWrapperValve.java:197)
	at org.apache.catalina.core.StandardContextValve.invoke(StandardContextValve.java:97)
	at org.apache.catalina.authenticator.AuthenticatorBase.invoke(AuthenticatorBase.java:541)
	at org.apache.catalina.core.StandardHostValve.invoke(StandardHostValve.java:135)
	at org.apache.catalina.valves.ErrorReportValve.invoke(ErrorReportValve.java:92)
	at org.apache.catalina.core.StandardEngineValve.invoke(StandardEngineValve.java:78)
	at org.apache.catalina.connector.CoyoteAdapter.service(CoyoteAdapter.java:360)
	at org.apache.coyote.http11.Http11Processor.service(Http11Processor.java:399)
	at org.apache.coyote.AbstractProcessorLight.process(AbstractProcessorLight.java:65)
	at org.apache.coyote.AbstractProtocol$ConnectionHandler.process(AbstractProtocol.java:890)
	at org.apache.tomcat.util.net.NioEndpoint$SocketProcessor.doRun(NioEndpoint.java:1789)
	at org.apache.tomcat.util.net.SocketProcessorBase.run(SocketProcessorBase.java:49)
	at org.apache.tomcat.util.threads.ThreadPoolExecutor.runWorker(ThreadPoolExecutor.java:1191)
	at org.apache.tomcat.util.threads.ThreadPoolExecutor$Worker.run(ThreadPoolExecutor.java:659)
	at org.apache.tomcat.util.threads.TaskThread$WrappingRunnable.run(TaskThread.java:61)
	at java.lang.Thread.run(Thread.java:750)
2025-08-06 23:02:22,764 ERROR [http-nio-8080-exec-5] org.apache.catalina.core.ContainerBase.[Tomcat].[localhost].[/].[dispatcherServlet]:log:175 - Servlet.service() for servlet [dispatcherServlet] in context with path [] threw exception [javax.el.PropertyNotFoundException: Property [user_name] not found on type [com.example.quiz_project.domain.User]] with root cause
javax.el.PropertyNotFoundException: Property [user_name] not found on type [com.example.quiz_project.domain.User]
	at javax.el.BeanELResolver$BeanProperties.get(BeanELResolver.java:261)
	at javax.el.BeanELResolver$BeanProperties.access$300(BeanELResolver.java:213)
	at javax.el.BeanELResolver.property(BeanELResolver.java:334)
	at javax.el.BeanELResolver.getValue(BeanELResolver.java:95)
	at org.apache.jasper.el.JasperELResolver.getValue(JasperELResolver.java:124)
	at org.apache.el.parser.AstValue.getValue(AstValue.java:168)
	at org.apache.el.ValueExpressionImpl.getValue(ValueExpressionImpl.java:189)
	at org.apache.jasper.runtime.PageContextImpl.proprietaryEvaluate(PageContextImpl.java:692)
	at org.apache.jsp.WEB_002dINF.jsp.admin.adminusers_jsp._jspx_meth_c_005fforEach_005f0(adminusers_jsp.java:229)
	at org.apache.jsp.WEB_002dINF.jsp.admin.adminusers_jsp._jspService(adminusers_jsp.java:168)
	at org.apache.jasper.runtime.HttpJspBase.service(HttpJspBase.java:70)
	at javax.servlet.http.HttpServlet.service(HttpServlet.java:764)
	at org.apache.jasper.servlet.JspServletWrapper.service(JspServletWrapper.java:466)
	at org.apache.jasper.servlet.JspServlet.serviceJspFile(JspServlet.java:379)
	at org.apache.jasper.servlet.JspServlet.service(JspServlet.java:327)
	at javax.servlet.http.HttpServlet.service(HttpServlet.java:764)
	at org.apache.catalina.core.ApplicationFilterChain.internalDoFilter(ApplicationFilterChain.java:227)
	at org.apache.catalina.core.ApplicationFilterChain.doFilter(ApplicationFilterChain.java:162)
	at org.apache.tomcat.websocket.server.WsFilter.doFilter(WsFilter.java:53)
	at org.apache.catalina.core.ApplicationFilterChain.internalDoFilter(ApplicationFilterChain.java:189)
	at org.apache.catalina.core.ApplicationFilterChain.doFilter(ApplicationFilterChain.java:162)
	at org.springframework.web.filter.OncePerRequestFilter.doFilter(OncePerRequestFilter.java:111)
	at org.apache.catalina.core.ApplicationFilterChain.internalDoFilter(ApplicationFilterChain.java:189)
	at org.apache.catalina.core.ApplicationFilterChain.doFilter(ApplicationFilterChain.java:162)
	at org.springframework.web.filter.OncePerRequestFilter.doFilter(OncePerRequestFilter.java:111)
	at org.apache.catalina.core.ApplicationFilterChain.internalDoFilter(ApplicationFilterChain.java:189)
	at org.apache.catalina.core.ApplicationFilterChain.doFilter(ApplicationFilterChain.java:162)
	at org.springframework.web.filter.OncePerRequestFilter.doFilter(OncePerRequestFilter.java:111)
	at org.apache.catalina.core.ApplicationFilterChain.internalDoFilter(ApplicationFilterChain.java:189)
	at org.apache.catalina.core.ApplicationFilterChain.doFilter(ApplicationFilterChain.java:162)
	at org.apache.catalina.core.ApplicationDispatcher.invoke(ApplicationDispatcher.java:711)
	at org.apache.catalina.core.ApplicationDispatcher.processRequest(ApplicationDispatcher.java:459)
	at org.apache.catalina.core.ApplicationDispatcher.doForward(ApplicationDispatcher.java:385)
	at org.apache.catalina.core.ApplicationDispatcher.forward(ApplicationDispatcher.java:313)
	at org.springframework.web.servlet.view.InternalResourceView.renderMergedOutputModel(InternalResourceView.java:171)
	at org.springframework.web.servlet.view.AbstractView.render(AbstractView.java:316)
	at org.springframework.web.servlet.DispatcherServlet.render(DispatcherServlet.java:1404)
	at org.springframework.web.servlet.DispatcherServlet.processDispatchResult(DispatcherServlet.java:1148)
	at org.springframework.web.servlet.DispatcherServlet.doDispatch(DispatcherServlet.java:1087)
	at org.springframework.web.servlet.DispatcherServlet.doService(DispatcherServlet.java:963)
	at org.springframework.web.servlet.FrameworkServlet.processRequest(FrameworkServlet.java:1006)
	at org.springframework.web.servlet.FrameworkServlet.doGet(FrameworkServlet.java:898)
	at javax.servlet.http.HttpServlet.service(HttpServlet.java:655)
	at org.springframework.web.servlet.FrameworkServlet.service(FrameworkServlet.java:883)
	at javax.servlet.http.HttpServlet.service(HttpServlet.java:764)
	at org.apache.catalina.core.ApplicationFilterChain.internalDoFilter(ApplicationFilterChain.java:227)
	at org.apache.catalina.core.ApplicationFilterChain.doFilter(ApplicationFilterChain.java:162)
	at org.apache.tomcat.websocket.server.WsFilter.doFilter(WsFilter.java:53)
	at org.apache.catalina.core.ApplicationFilterChain.internalDoFilter(ApplicationFilterChain.java:189)
	at org.apache.catalina.core.ApplicationFilterChain.doFilter(ApplicationFilterChain.java:162)
	at com.example.quiz_project.filter.LoginFilter.doFilterInternal(LoginFilter.java:26)
	at org.springframework.web.filter.OncePerRequestFilter.doFilter(OncePerRequestFilter.java:117)
	at org.apache.catalina.core.ApplicationFilterChain.internalDoFilter(ApplicationFilterChain.java:189)
	at org.apache.catalina.core.ApplicationFilterChain.doFilter(ApplicationFilterChain.java:162)
	at org.springframework.web.filter.RequestContextFilter.doFilterInternal(RequestContextFilter.java:100)
	at org.springframework.web.filter.OncePerRequestFilter.doFilter(OncePerRequestFilter.java:117)
	at org.apache.catalina.core.ApplicationFilterChain.internalDoFilter(ApplicationFilterChain.java:189)
	at org.apache.catalina.core.ApplicationFilterChain.doFilter(ApplicationFilterChain.java:162)
	at org.springframework.web.filter.FormContentFilter.doFilterInternal(FormContentFilter.java:93)
	at org.springframework.web.filter.OncePerRequestFilter.doFilter(OncePerRequestFilter.java:117)
	at org.apache.catalina.core.ApplicationFilterChain.internalDoFilter(ApplicationFilterChain.java:189)
	at org.apache.catalina.core.ApplicationFilterChain.doFilter(ApplicationFilterChain.java:162)
	at org.springframework.web.filter.CharacterEncodingFilter.doFilterInternal(CharacterEncodingFilter.java:201)
	at org.springframework.web.filter.OncePerRequestFilter.doFilter(OncePerRequestFilter.java:117)
	at org.apache.catalina.core.ApplicationFilterChain.internalDoFilter(ApplicationFilterChain.java:189)
	at org.apache.catalina.core.ApplicationFilterChain.doFilter(ApplicationFilterChain.java:162)
	at org.apache.catalina.core.StandardWrapperValve.invoke(StandardWrapperValve.java:197)
	at org.apache.catalina.core.StandardContextValve.invoke(StandardContextValve.java:97)
	at org.apache.catalina.authenticator.AuthenticatorBase.invoke(AuthenticatorBase.java:541)
	at org.apache.catalina.core.StandardHostValve.invoke(StandardHostValve.java:135)
	at org.apache.catalina.valves.ErrorReportValve.invoke(ErrorReportValve.java:92)
	at org.apache.catalina.core.StandardEngineValve.invoke(StandardEngineValve.java:78)
	at org.apache.catalina.connector.CoyoteAdapter.service(CoyoteAdapter.java:360)
	at org.apache.coyote.http11.Http11Processor.service(Http11Processor.java:399)
	at org.apache.coyote.AbstractProcessorLight.process(AbstractProcessorLight.java:65)
	at org.apache.coyote.AbstractProtocol$ConnectionHandler.process(AbstractProtocol.java:890)
	at org.apache.tomcat.util.net.NioEndpoint$SocketProcessor.doRun(NioEndpoint.java:1789)
	at org.apache.tomcat.util.net.SocketProcessorBase.run(SocketProcessorBase.java:49)
	at org.apache.tomcat.util.threads.ThreadPoolExecutor.runWorker(ThreadPoolExecutor.java:1191)
	at org.apache.tomcat.util.threads.ThreadPoolExecutor$Worker.run(ThreadPoolExecutor.java:659)
	at org.apache.tomcat.util.threads.TaskThread$WrappingRunnable.run(TaskThread.java:61)
	at java.lang.Thread.run(Thread.java:750)
2025-08-06 23:02:59,057 INFO  [main] com.example.quiz_project.QuizProjectApplication:logStarting:55 - Starting QuizProjectApplication using Java 1.8.0_452 on Haneko with PID 21172 (D:\Code_projects\target\classes started by 40108 in D:\Code_projects)
2025-08-06 23:02:59,059 INFO  [main] com.example.quiz_project.QuizProjectApplication:logStartupProfileInfo:634 - No active profile set, falling back to 1 default profile: "default"
2025-08-06 23:02:59,498 INFO  [main] org.springframework.data.repository.config.RepositoryConfigurationDelegate:registerRepositoriesIn:132 - Bootstrapping Spring Data JDBC repositories in DEFAULT mode.
2025-08-06 23:02:59,509 INFO  [main] org.springframework.data.repository.config.RepositoryConfigurationDelegate:registerRepositoriesIn:201 - Finished Spring Data repository scanning in 7 ms. Found 0 JDBC repository interfaces.
2025-08-06 23:03:00,042 INFO  [main] org.springframework.boot.web.embedded.tomcat.TomcatWebServer:initialize:108 - Tomcat initialized with port(s): 8080 (http)
2025-08-06 23:03:00,050 INFO  [main] org.apache.coyote.http11.Http11NioProtocol:log:173 - Initializing ProtocolHandler ["http-nio-8080"]
2025-08-06 23:03:00,051 INFO  [main] org.apache.catalina.core.StandardService:log:173 - Starting service [Tomcat]
2025-08-06 23:03:00,051 INFO  [main] org.apache.catalina.core.StandardEngine:log:173 - Starting Servlet engine: [Apache Tomcat/9.0.65]
2025-08-06 23:03:00,237 INFO  [main] org.apache.jasper.servlet.TldScanner:log:173 - At least one JAR was scanned for TLDs yet contained no TLDs. Enable debug logging for this logger for a complete list of JARs that were scanned but no TLDs were found in them. Skipping unneeded JARs during scanning can improve startup time and JSP compilation time.
2025-08-06 23:03:00,242 INFO  [main] org.apache.catalina.core.ContainerBase.[Tomcat].[localhost].[/]:log:173 - Initializing Spring embedded WebApplicationContext
2025-08-06 23:03:00,242 INFO  [main] org.springframework.boot.web.servlet.context.ServletWebServerApplicationContext:prepareWebApplicationContext:292 - Root WebApplicationContext: initialization completed in 1145 ms
2025-08-06 23:03:00,971 INFO  [main] org.apache.coyote.http11.Http11NioProtocol:log:173 - Starting ProtocolHandler ["http-nio-8080"]
2025-08-06 23:03:00,992 INFO  [main] org.springframework.boot.web.embedded.tomcat.TomcatWebServer:start:220 - Tomcat started on port(s): 8080 (http) with context path ''
2025-08-06 23:03:00,999 INFO  [main] com.example.quiz_project.QuizProjectApplication:logStarted:61 - Started QuizProjectApplication in 2.255 seconds (JVM running for 2.641)
2025-08-06 23:03:13,409 INFO  [http-nio-8080-exec-1] org.apache.catalina.core.ContainerBase.[Tomcat].[localhost].[/]:log:173 - Initializing Spring DispatcherServlet 'dispatcherServlet'
2025-08-06 23:03:13,410 INFO  [http-nio-8080-exec-1] org.springframework.web.servlet.DispatcherServlet:initServletBean:525 - Initializing Servlet 'dispatcherServlet'
2025-08-06 23:03:13,411 INFO  [http-nio-8080-exec-1] org.springframework.web.servlet.DispatcherServlet:initServletBean:547 - Completed initialization in 1 ms
2025-08-06 23:03:16,807 ERROR [http-nio-8080-exec-5] org.apache.catalina.core.ContainerBase.[Tomcat].[localhost].[/].[jsp]:log:175 - Servlet.service() for servlet [jsp] threw exception
javax.el.PropertyNotFoundException: Property [isActive] not found on type [com.example.quiz_project.domain.User]
	at javax.el.BeanELResolver$BeanProperties.get(BeanELResolver.java:261)
	at javax.el.BeanELResolver$BeanProperties.access$300(BeanELResolver.java:213)
	at javax.el.BeanELResolver.property(BeanELResolver.java:334)
	at javax.el.BeanELResolver.getValue(BeanELResolver.java:95)
	at org.apache.jasper.el.JasperELResolver.getValue(JasperELResolver.java:124)
	at org.apache.el.parser.AstValue.getValue(AstValue.java:168)
	at org.apache.el.parser.AstEqual.getValue(AstEqual.java:36)
	at org.apache.el.parser.AstChoice.getValue(AstChoice.java:43)
	at org.apache.el.ValueExpressionImpl.getValue(ValueExpressionImpl.java:189)
	at org.apache.jasper.runtime.PageContextImpl.proprietaryEvaluate(PageContextImpl.java:692)
	at org.apache.jsp.WEB_002dINF.jsp.admin.adminusers_jsp._jspx_meth_c_005fforEach_005f0(adminusers_jsp.java:255)
	at org.apache.jsp.WEB_002dINF.jsp.admin.adminusers_jsp._jspService(adminusers_jsp.java:168)
	at org.apache.jasper.runtime.HttpJspBase.service(HttpJspBase.java:70)
	at javax.servlet.http.HttpServlet.service(HttpServlet.java:764)
	at org.apache.jasper.servlet.JspServletWrapper.service(JspServletWrapper.java:466)
	at org.apache.jasper.servlet.JspServlet.serviceJspFile(JspServlet.java:379)
	at org.apache.jasper.servlet.JspServlet.service(JspServlet.java:327)
	at javax.servlet.http.HttpServlet.service(HttpServlet.java:764)
	at org.apache.catalina.core.ApplicationFilterChain.internalDoFilter(ApplicationFilterChain.java:227)
	at org.apache.catalina.core.ApplicationFilterChain.doFilter(ApplicationFilterChain.java:162)
	at org.apache.tomcat.websocket.server.WsFilter.doFilter(WsFilter.java:53)
	at org.apache.catalina.core.ApplicationFilterChain.internalDoFilter(ApplicationFilterChain.java:189)
	at org.apache.catalina.core.ApplicationFilterChain.doFilter(ApplicationFilterChain.java:162)
	at org.springframework.web.filter.OncePerRequestFilter.doFilter(OncePerRequestFilter.java:111)
	at org.apache.catalina.core.ApplicationFilterChain.internalDoFilter(ApplicationFilterChain.java:189)
	at org.apache.catalina.core.ApplicationFilterChain.doFilter(ApplicationFilterChain.java:162)
	at org.springframework.web.filter.OncePerRequestFilter.doFilter(OncePerRequestFilter.java:111)
	at org.apache.catalina.core.ApplicationFilterChain.internalDoFilter(ApplicationFilterChain.java:189)
	at org.apache.catalina.core.ApplicationFilterChain.doFilter(ApplicationFilterChain.java:162)
	at org.springframework.web.filter.OncePerRequestFilter.doFilter(OncePerRequestFilter.java:111)
	at org.apache.catalina.core.ApplicationFilterChain.internalDoFilter(ApplicationFilterChain.java:189)
	at org.apache.catalina.core.ApplicationFilterChain.doFilter(ApplicationFilterChain.java:162)
	at org.apache.catalina.core.ApplicationDispatcher.invoke(ApplicationDispatcher.java:711)
	at org.apache.catalina.core.ApplicationDispatcher.processRequest(ApplicationDispatcher.java:459)
	at org.apache.catalina.core.ApplicationDispatcher.doForward(ApplicationDispatcher.java:385)
	at org.apache.catalina.core.ApplicationDispatcher.forward(ApplicationDispatcher.java:313)
	at org.springframework.web.servlet.view.InternalResourceView.renderMergedOutputModel(InternalResourceView.java:171)
	at org.springframework.web.servlet.view.AbstractView.render(AbstractView.java:316)
	at org.springframework.web.servlet.DispatcherServlet.render(DispatcherServlet.java:1404)
	at org.springframework.web.servlet.DispatcherServlet.processDispatchResult(DispatcherServlet.java:1148)
	at org.springframework.web.servlet.DispatcherServlet.doDispatch(DispatcherServlet.java:1087)
	at org.springframework.web.servlet.DispatcherServlet.doService(DispatcherServlet.java:963)
	at org.springframework.web.servlet.FrameworkServlet.processRequest(FrameworkServlet.java:1006)
	at org.springframework.web.servlet.FrameworkServlet.doGet(FrameworkServlet.java:898)
	at javax.servlet.http.HttpServlet.service(HttpServlet.java:655)
	at org.springframework.web.servlet.FrameworkServlet.service(FrameworkServlet.java:883)
	at javax.servlet.http.HttpServlet.service(HttpServlet.java:764)
	at org.apache.catalina.core.ApplicationFilterChain.internalDoFilter(ApplicationFilterChain.java:227)
	at org.apache.catalina.core.ApplicationFilterChain.doFilter(ApplicationFilterChain.java:162)
	at org.apache.tomcat.websocket.server.WsFilter.doFilter(WsFilter.java:53)
	at org.apache.catalina.core.ApplicationFilterChain.internalDoFilter(ApplicationFilterChain.java:189)
	at org.apache.catalina.core.ApplicationFilterChain.doFilter(ApplicationFilterChain.java:162)
	at com.example.quiz_project.filter.LoginFilter.doFilterInternal(LoginFilter.java:26)
	at org.springframework.web.filter.OncePerRequestFilter.doFilter(OncePerRequestFilter.java:117)
	at org.apache.catalina.core.ApplicationFilterChain.internalDoFilter(ApplicationFilterChain.java:189)
	at org.apache.catalina.core.ApplicationFilterChain.doFilter(ApplicationFilterChain.java:162)
	at org.springframework.web.filter.RequestContextFilter.doFilterInternal(RequestContextFilter.java:100)
	at org.springframework.web.filter.OncePerRequestFilter.doFilter(OncePerRequestFilter.java:117)
	at org.apache.catalina.core.ApplicationFilterChain.internalDoFilter(ApplicationFilterChain.java:189)
	at org.apache.catalina.core.ApplicationFilterChain.doFilter(ApplicationFilterChain.java:162)
	at org.springframework.web.filter.FormContentFilter.doFilterInternal(FormContentFilter.java:93)
	at org.springframework.web.filter.OncePerRequestFilter.doFilter(OncePerRequestFilter.java:117)
	at org.apache.catalina.core.ApplicationFilterChain.internalDoFilter(ApplicationFilterChain.java:189)
	at org.apache.catalina.core.ApplicationFilterChain.doFilter(ApplicationFilterChain.java:162)
	at org.springframework.web.filter.CharacterEncodingFilter.doFilterInternal(CharacterEncodingFilter.java:201)
	at org.springframework.web.filter.OncePerRequestFilter.doFilter(OncePerRequestFilter.java:117)
	at org.apache.catalina.core.ApplicationFilterChain.internalDoFilter(ApplicationFilterChain.java:189)
	at org.apache.catalina.core.ApplicationFilterChain.doFilter(ApplicationFilterChain.java:162)
	at org.apache.catalina.core.StandardWrapperValve.invoke(StandardWrapperValve.java:197)
	at org.apache.catalina.core.StandardContextValve.invoke(StandardContextValve.java:97)
	at org.apache.catalina.authenticator.AuthenticatorBase.invoke(AuthenticatorBase.java:541)
	at org.apache.catalina.core.StandardHostValve.invoke(StandardHostValve.java:135)
	at org.apache.catalina.valves.ErrorReportValve.invoke(ErrorReportValve.java:92)
	at org.apache.catalina.core.StandardEngineValve.invoke(StandardEngineValve.java:78)
	at org.apache.catalina.connector.CoyoteAdapter.service(CoyoteAdapter.java:360)
	at org.apache.coyote.http11.Http11Processor.service(Http11Processor.java:399)
	at org.apache.coyote.AbstractProcessorLight.process(AbstractProcessorLight.java:65)
	at org.apache.coyote.AbstractProtocol$ConnectionHandler.process(AbstractProtocol.java:890)
	at org.apache.tomcat.util.net.NioEndpoint$SocketProcessor.doRun(NioEndpoint.java:1789)
	at org.apache.tomcat.util.net.SocketProcessorBase.run(SocketProcessorBase.java:49)
	at org.apache.tomcat.util.threads.ThreadPoolExecutor.runWorker(ThreadPoolExecutor.java:1191)
	at org.apache.tomcat.util.threads.ThreadPoolExecutor$Worker.run(ThreadPoolExecutor.java:659)
	at org.apache.tomcat.util.threads.TaskThread$WrappingRunnable.run(TaskThread.java:61)
	at java.lang.Thread.run(Thread.java:750)
2025-08-06 23:03:16,808 ERROR [http-nio-8080-exec-5] org.apache.catalina.core.ContainerBase.[Tomcat].[localhost].[/].[dispatcherServlet]:log:175 - Servlet.service() for servlet [dispatcherServlet] in context with path [] threw exception [javax.el.PropertyNotFoundException: Property [isActive] not found on type [com.example.quiz_project.domain.User]] with root cause
javax.el.PropertyNotFoundException: Property [isActive] not found on type [com.example.quiz_project.domain.User]
	at javax.el.BeanELResolver$BeanProperties.get(BeanELResolver.java:261)
	at javax.el.BeanELResolver$BeanProperties.access$300(BeanELResolver.java:213)
	at javax.el.BeanELResolver.property(BeanELResolver.java:334)
	at javax.el.BeanELResolver.getValue(BeanELResolver.java:95)
	at org.apache.jasper.el.JasperELResolver.getValue(JasperELResolver.java:124)
	at org.apache.el.parser.AstValue.getValue(AstValue.java:168)
	at org.apache.el.parser.AstEqual.getValue(AstEqual.java:36)
	at org.apache.el.parser.AstChoice.getValue(AstChoice.java:43)
	at org.apache.el.ValueExpressionImpl.getValue(ValueExpressionImpl.java:189)
	at org.apache.jasper.runtime.PageContextImpl.proprietaryEvaluate(PageContextImpl.java:692)
	at org.apache.jsp.WEB_002dINF.jsp.admin.adminusers_jsp._jspx_meth_c_005fforEach_005f0(adminusers_jsp.java:255)
	at org.apache.jsp.WEB_002dINF.jsp.admin.adminusers_jsp._jspService(adminusers_jsp.java:168)
	at org.apache.jasper.runtime.HttpJspBase.service(HttpJspBase.java:70)
	at javax.servlet.http.HttpServlet.service(HttpServlet.java:764)
	at org.apache.jasper.servlet.JspServletWrapper.service(JspServletWrapper.java:466)
	at org.apache.jasper.servlet.JspServlet.serviceJspFile(JspServlet.java:379)
	at org.apache.jasper.servlet.JspServlet.service(JspServlet.java:327)
	at javax.servlet.http.HttpServlet.service(HttpServlet.java:764)
	at org.apache.catalina.core.ApplicationFilterChain.internalDoFilter(ApplicationFilterChain.java:227)
	at org.apache.catalina.core.ApplicationFilterChain.doFilter(ApplicationFilterChain.java:162)
	at org.apache.tomcat.websocket.server.WsFilter.doFilter(WsFilter.java:53)
	at org.apache.catalina.core.ApplicationFilterChain.internalDoFilter(ApplicationFilterChain.java:189)
	at org.apache.catalina.core.ApplicationFilterChain.doFilter(ApplicationFilterChain.java:162)
	at org.springframework.web.filter.OncePerRequestFilter.doFilter(OncePerRequestFilter.java:111)
	at org.apache.catalina.core.ApplicationFilterChain.internalDoFilter(ApplicationFilterChain.java:189)
	at org.apache.catalina.core.ApplicationFilterChain.doFilter(ApplicationFilterChain.java:162)
	at org.springframework.web.filter.OncePerRequestFilter.doFilter(OncePerRequestFilter.java:111)
	at org.apache.catalina.core.ApplicationFilterChain.internalDoFilter(ApplicationFilterChain.java:189)
	at org.apache.catalina.core.ApplicationFilterChain.doFilter(ApplicationFilterChain.java:162)
	at org.springframework.web.filter.OncePerRequestFilter.doFilter(OncePerRequestFilter.java:111)
	at org.apache.catalina.core.ApplicationFilterChain.internalDoFilter(ApplicationFilterChain.java:189)
	at org.apache.catalina.core.ApplicationFilterChain.doFilter(ApplicationFilterChain.java:162)
	at org.apache.catalina.core.ApplicationDispatcher.invoke(ApplicationDispatcher.java:711)
	at org.apache.catalina.core.ApplicationDispatcher.processRequest(ApplicationDispatcher.java:459)
	at org.apache.catalina.core.ApplicationDispatcher.doForward(ApplicationDispatcher.java:385)
	at org.apache.catalina.core.ApplicationDispatcher.forward(ApplicationDispatcher.java:313)
	at org.springframework.web.servlet.view.InternalResourceView.renderMergedOutputModel(InternalResourceView.java:171)
	at org.springframework.web.servlet.view.AbstractView.render(AbstractView.java:316)
	at org.springframework.web.servlet.DispatcherServlet.render(DispatcherServlet.java:1404)
	at org.springframework.web.servlet.DispatcherServlet.processDispatchResult(DispatcherServlet.java:1148)
	at org.springframework.web.servlet.DispatcherServlet.doDispatch(DispatcherServlet.java:1087)
	at org.springframework.web.servlet.DispatcherServlet.doService(DispatcherServlet.java:963)
	at org.springframework.web.servlet.FrameworkServlet.processRequest(FrameworkServlet.java:1006)
	at org.springframework.web.servlet.FrameworkServlet.doGet(FrameworkServlet.java:898)
	at javax.servlet.http.HttpServlet.service(HttpServlet.java:655)
	at org.springframework.web.servlet.FrameworkServlet.service(FrameworkServlet.java:883)
	at javax.servlet.http.HttpServlet.service(HttpServlet.java:764)
	at org.apache.catalina.core.ApplicationFilterChain.internalDoFilter(ApplicationFilterChain.java:227)
	at org.apache.catalina.core.ApplicationFilterChain.doFilter(ApplicationFilterChain.java:162)
	at org.apache.tomcat.websocket.server.WsFilter.doFilter(WsFilter.java:53)
	at org.apache.catalina.core.ApplicationFilterChain.internalDoFilter(ApplicationFilterChain.java:189)
	at org.apache.catalina.core.ApplicationFilterChain.doFilter(ApplicationFilterChain.java:162)
	at com.example.quiz_project.filter.LoginFilter.doFilterInternal(LoginFilter.java:26)
	at org.springframework.web.filter.OncePerRequestFilter.doFilter(OncePerRequestFilter.java:117)
	at org.apache.catalina.core.ApplicationFilterChain.internalDoFilter(ApplicationFilterChain.java:189)
	at org.apache.catalina.core.ApplicationFilterChain.doFilter(ApplicationFilterChain.java:162)
	at org.springframework.web.filter.RequestContextFilter.doFilterInternal(RequestContextFilter.java:100)
	at org.springframework.web.filter.OncePerRequestFilter.doFilter(OncePerRequestFilter.java:117)
	at org.apache.catalina.core.ApplicationFilterChain.internalDoFilter(ApplicationFilterChain.java:189)
	at org.apache.catalina.core.ApplicationFilterChain.doFilter(ApplicationFilterChain.java:162)
	at org.springframework.web.filter.FormContentFilter.doFilterInternal(FormContentFilter.java:93)
	at org.springframework.web.filter.OncePerRequestFilter.doFilter(OncePerRequestFilter.java:117)
	at org.apache.catalina.core.ApplicationFilterChain.internalDoFilter(ApplicationFilterChain.java:189)
	at org.apache.catalina.core.ApplicationFilterChain.doFilter(ApplicationFilterChain.java:162)
	at org.springframework.web.filter.CharacterEncodingFilter.doFilterInternal(CharacterEncodingFilter.java:201)
	at org.springframework.web.filter.OncePerRequestFilter.doFilter(OncePerRequestFilter.java:117)
	at org.apache.catalina.core.ApplicationFilterChain.internalDoFilter(ApplicationFilterChain.java:189)
	at org.apache.catalina.core.ApplicationFilterChain.doFilter(ApplicationFilterChain.java:162)
	at org.apache.catalina.core.StandardWrapperValve.invoke(StandardWrapperValve.java:197)
	at org.apache.catalina.core.StandardContextValve.invoke(StandardContextValve.java:97)
	at org.apache.catalina.authenticator.AuthenticatorBase.invoke(AuthenticatorBase.java:541)
	at org.apache.catalina.core.StandardHostValve.invoke(StandardHostValve.java:135)
	at org.apache.catalina.valves.ErrorReportValve.invoke(ErrorReportValve.java:92)
	at org.apache.catalina.core.StandardEngineValve.invoke(StandardEngineValve.java:78)
	at org.apache.catalina.connector.CoyoteAdapter.service(CoyoteAdapter.java:360)
	at org.apache.coyote.http11.Http11Processor.service(Http11Processor.java:399)
	at org.apache.coyote.AbstractProcessorLight.process(AbstractProcessorLight.java:65)
	at org.apache.coyote.AbstractProtocol$ConnectionHandler.process(AbstractProtocol.java:890)
	at org.apache.tomcat.util.net.NioEndpoint$SocketProcessor.doRun(NioEndpoint.java:1789)
	at org.apache.tomcat.util.net.SocketProcessorBase.run(SocketProcessorBase.java:49)
	at org.apache.tomcat.util.threads.ThreadPoolExecutor.runWorker(ThreadPoolExecutor.java:1191)
	at org.apache.tomcat.util.threads.ThreadPoolExecutor$Worker.run(ThreadPoolExecutor.java:659)
	at org.apache.tomcat.util.threads.TaskThread$WrappingRunnable.run(TaskThread.java:61)
	at java.lang.Thread.run(Thread.java:750)
2025-08-06 23:04:51,072 INFO  [main] com.example.quiz_project.QuizProjectApplication:logStarting:55 - Starting QuizProjectApplication using Java 1.8.0_452 on Haneko with PID 26404 (D:\Code_projects\target\classes started by 40108 in D:\Code_projects)
2025-08-06 23:04:51,075 INFO  [main] com.example.quiz_project.QuizProjectApplication:logStartupProfileInfo:634 - No active profile set, falling back to 1 default profile: "default"
2025-08-06 23:04:51,499 INFO  [main] org.springframework.data.repository.config.RepositoryConfigurationDelegate:registerRepositoriesIn:132 - Bootstrapping Spring Data JDBC repositories in DEFAULT mode.
2025-08-06 23:04:51,510 INFO  [main] org.springframework.data.repository.config.RepositoryConfigurationDelegate:registerRepositoriesIn:201 - Finished Spring Data repository scanning in 7 ms. Found 0 JDBC repository interfaces.
2025-08-06 23:04:52,058 INFO  [main] org.springframework.boot.web.embedded.tomcat.TomcatWebServer:initialize:108 - Tomcat initialized with port(s): 8080 (http)
2025-08-06 23:04:52,065 INFO  [main] org.apache.coyote.http11.Http11NioProtocol:log:173 - Initializing ProtocolHandler ["http-nio-8080"]
2025-08-06 23:04:52,066 INFO  [main] org.apache.catalina.core.StandardService:log:173 - Starting service [Tomcat]
2025-08-06 23:04:52,066 INFO  [main] org.apache.catalina.core.StandardEngine:log:173 - Starting Servlet engine: [Apache Tomcat/9.0.65]
2025-08-06 23:04:52,251 INFO  [main] org.apache.jasper.servlet.TldScanner:log:173 - At least one JAR was scanned for TLDs yet contained no TLDs. Enable debug logging for this logger for a complete list of JARs that were scanned but no TLDs were found in them. Skipping unneeded JARs during scanning can improve startup time and JSP compilation time.
2025-08-06 23:04:52,256 INFO  [main] org.apache.catalina.core.ContainerBase.[Tomcat].[localhost].[/]:log:173 - Initializing Spring embedded WebApplicationContext
2025-08-06 23:04:52,256 INFO  [main] org.springframework.boot.web.servlet.context.ServletWebServerApplicationContext:prepareWebApplicationContext:292 - Root WebApplicationContext: initialization completed in 1145 ms
2025-08-06 23:04:53,011 INFO  [main] org.apache.coyote.http11.Http11NioProtocol:log:173 - Starting ProtocolHandler ["http-nio-8080"]
2025-08-06 23:04:53,029 INFO  [main] org.springframework.boot.web.embedded.tomcat.TomcatWebServer:start:220 - Tomcat started on port(s): 8080 (http) with context path ''
2025-08-06 23:04:53,036 INFO  [main] com.example.quiz_project.QuizProjectApplication:logStarted:61 - Started QuizProjectApplication in 2.267 seconds (JVM running for 2.587)
2025-08-06 23:04:53,943 INFO  [http-nio-8080-exec-1] org.apache.catalina.core.ContainerBase.[Tomcat].[localhost].[/]:log:173 - Initializing Spring DispatcherServlet 'dispatcherServlet'
2025-08-06 23:04:53,943 INFO  [http-nio-8080-exec-1] org.springframework.web.servlet.DispatcherServlet:initServletBean:525 - Initializing Servlet 'dispatcherServlet'
2025-08-06 23:04:53,944 INFO  [http-nio-8080-exec-1] org.springframework.web.servlet.DispatcherServlet:initServletBean:547 - Completed initialization in 1 ms
2025-08-06 23:05:22,188 INFO  [http-nio-8080-exec-6] com.example.quiz_project.controller.AdminQuizController:updateUser:160 - Action: toggle_status for user with ID: 2
2025-08-06 23:06:23,717 INFO  [main] com.example.quiz_project.QuizProjectApplication:logStarting:55 - Starting QuizProjectApplication using Java 1.8.0_452 on Haneko with PID 8960 (D:\Code_projects\target\classes started by 40108 in D:\Code_projects)
2025-08-06 23:06:23,720 INFO  [main] com.example.quiz_project.QuizProjectApplication:logStartupProfileInfo:634 - No active profile set, falling back to 1 default profile: "default"
2025-08-06 23:06:24,144 INFO  [main] org.springframework.data.repository.config.RepositoryConfigurationDelegate:registerRepositoriesIn:132 - Bootstrapping Spring Data JDBC repositories in DEFAULT mode.
2025-08-06 23:06:24,156 INFO  [main] org.springframework.data.repository.config.RepositoryConfigurationDelegate:registerRepositoriesIn:201 - Finished Spring Data repository scanning in 8 ms. Found 0 JDBC repository interfaces.
2025-08-06 23:06:24,704 INFO  [main] org.springframework.boot.web.embedded.tomcat.TomcatWebServer:initialize:108 - Tomcat initialized with port(s): 8080 (http)
2025-08-06 23:06:24,711 INFO  [main] org.apache.coyote.http11.Http11NioProtocol:log:173 - Initializing ProtocolHandler ["http-nio-8080"]
2025-08-06 23:06:24,712 INFO  [main] org.apache.catalina.core.StandardService:log:173 - Starting service [Tomcat]
2025-08-06 23:06:24,712 INFO  [main] org.apache.catalina.core.StandardEngine:log:173 - Starting Servlet engine: [Apache Tomcat/9.0.65]
2025-08-06 23:06:24,879 INFO  [main] org.apache.jasper.servlet.TldScanner:log:173 - At least one JAR was scanned for TLDs yet contained no TLDs. Enable debug logging for this logger for a complete list of JARs that were scanned but no TLDs were found in them. Skipping unneeded JARs during scanning can improve startup time and JSP compilation time.
2025-08-06 23:06:24,884 INFO  [main] org.apache.catalina.core.ContainerBase.[Tomcat].[localhost].[/]:log:173 - Initializing Spring embedded WebApplicationContext
2025-08-06 23:06:24,884 INFO  [main] org.springframework.boot.web.servlet.context.ServletWebServerApplicationContext:prepareWebApplicationContext:292 - Root WebApplicationContext: initialization completed in 1131 ms
2025-08-06 23:06:25,602 INFO  [main] org.apache.coyote.http11.Http11NioProtocol:log:173 - Starting ProtocolHandler ["http-nio-8080"]
2025-08-06 23:06:25,621 INFO  [main] org.springframework.boot.web.embedded.tomcat.TomcatWebServer:start:220 - Tomcat started on port(s): 8080 (http) with context path ''
2025-08-06 23:06:25,628 INFO  [main] com.example.quiz_project.QuizProjectApplication:logStarted:61 - Started QuizProjectApplication in 2.225 seconds (JVM running for 2.556)
2025-08-06 23:06:30,410 INFO  [http-nio-8080-exec-1] org.apache.catalina.core.ContainerBase.[Tomcat].[localhost].[/]:log:173 - Initializing Spring DispatcherServlet 'dispatcherServlet'
2025-08-06 23:06:30,410 INFO  [http-nio-8080-exec-1] org.springframework.web.servlet.DispatcherServlet:initServletBean:525 - Initializing Servlet 'dispatcherServlet'
2025-08-06 23:06:30,411 INFO  [http-nio-8080-exec-1] org.springframework.web.servlet.DispatcherServlet:initServletBean:547 - Completed initialization in 1 ms
2025-08-06 23:06:38,108 INFO  [http-nio-8080-exec-6] com.example.quiz_project.controller.AdminQuizController:updateUser:160 - Action: toggle_status for user with ID: 2
2025-08-06 23:08:03,016 INFO  [main] com.example.quiz_project.QuizProjectApplication:logStarting:55 - Starting QuizProjectApplication using Java 1.8.0_452 on Haneko with PID 14824 (D:\Code_projects\target\classes started by 40108 in D:\Code_projects)
2025-08-06 23:08:03,019 INFO  [main] com.example.quiz_project.QuizProjectApplication:logStartupProfileInfo:634 - No active profile set, falling back to 1 default profile: "default"
2025-08-06 23:08:03,464 INFO  [main] org.springframework.data.repository.config.RepositoryConfigurationDelegate:registerRepositoriesIn:132 - Bootstrapping Spring Data JDBC repositories in DEFAULT mode.
2025-08-06 23:08:03,475 INFO  [main] org.springframework.data.repository.config.RepositoryConfigurationDelegate:registerRepositoriesIn:201 - Finished Spring Data repository scanning in 7 ms. Found 0 JDBC repository interfaces.
2025-08-06 23:08:03,992 INFO  [main] org.springframework.boot.web.embedded.tomcat.TomcatWebServer:initialize:108 - Tomcat initialized with port(s): 8080 (http)
2025-08-06 23:08:03,999 INFO  [main] org.apache.coyote.http11.Http11NioProtocol:log:173 - Initializing ProtocolHandler ["http-nio-8080"]
2025-08-06 23:08:04,000 INFO  [main] org.apache.catalina.core.StandardService:log:173 - Starting service [Tomcat]
2025-08-06 23:08:04,000 INFO  [main] org.apache.catalina.core.StandardEngine:log:173 - Starting Servlet engine: [Apache Tomcat/9.0.65]
2025-08-06 23:08:04,171 INFO  [main] org.apache.jasper.servlet.TldScanner:log:173 - At least one JAR was scanned for TLDs yet contained no TLDs. Enable debug logging for this logger for a complete list of JARs that were scanned but no TLDs were found in them. Skipping unneeded JARs during scanning can improve startup time and JSP compilation time.
2025-08-06 23:08:04,176 INFO  [main] org.apache.catalina.core.ContainerBase.[Tomcat].[localhost].[/]:log:173 - Initializing Spring embedded WebApplicationContext
2025-08-06 23:08:04,177 INFO  [main] org.springframework.boot.web.servlet.context.ServletWebServerApplicationContext:prepareWebApplicationContext:292 - Root WebApplicationContext: initialization completed in 1119 ms
2025-08-06 23:08:04,876 INFO  [main] org.apache.coyote.http11.Http11NioProtocol:log:173 - Starting ProtocolHandler ["http-nio-8080"]
2025-08-06 23:08:04,896 INFO  [main] org.springframework.boot.web.embedded.tomcat.TomcatWebServer:start:220 - Tomcat started on port(s): 8080 (http) with context path ''
2025-08-06 23:08:04,902 INFO  [main] com.example.quiz_project.QuizProjectApplication:logStarted:61 - Started QuizProjectApplication in 2.195 seconds (JVM running for 2.498)
2025-08-06 23:08:05,676 INFO  [http-nio-8080-exec-1] org.apache.catalina.core.ContainerBase.[Tomcat].[localhost].[/]:log:173 - Initializing Spring DispatcherServlet 'dispatcherServlet'
2025-08-06 23:08:05,676 INFO  [http-nio-8080-exec-1] org.springframework.web.servlet.DispatcherServlet:initServletBean:525 - Initializing Servlet 'dispatcherServlet'
2025-08-06 23:08:05,677 INFO  [http-nio-8080-exec-1] org.springframework.web.servlet.DispatcherServlet:initServletBean:547 - Completed initialization in 1 ms
