2025-08-07 09:57:36,306 INFO  [main] com.example.quiz_project.QuizProjectApplication:logStarting:55 - Starting QuizProjectApplication using Java 1.8.0_452 on Haneko with PID 11956 (D:\Code_projects\target\classes started by 40108 in D:\Code_projects)
2025-08-07 09:57:36,310 INFO  [main] com.example.quiz_project.QuizProjectApplication:logStartupProfileInfo:634 - No active profile set, falling back to 1 default profile: "default"
2025-08-07 09:57:36,818 INFO  [main] org.springframework.data.repository.config.RepositoryConfigurationDelegate:registerRepositoriesIn:132 - Bootstrapping Spring Data JDBC repositories in DEFAULT mode.
2025-08-07 09:57:36,832 INFO  [main] org.springframework.data.repository.config.RepositoryConfigurationDelegate:registerRepositoriesIn:201 - Finished Spring Data repository scanning in 9 ms. Found 0 JDBC repository interfaces.
2025-08-07 09:57:37,411 INFO  [main] org.springframework.boot.web.embedded.tomcat.TomcatWebServer:initialize:108 - Tomcat initialized with port(s): 8080 (http)
2025-08-07 09:57:37,420 INFO  [main] org.apache.coyote.http11.Http11NioProtocol:log:173 - Initializing ProtocolHandler ["http-nio-8080"]
2025-08-07 09:57:37,421 INFO  [main] org.apache.catalina.core.StandardService:log:173 - Starting service [Tomcat]
2025-08-07 09:57:37,421 INFO  [main] org.apache.catalina.core.StandardEngine:log:173 - Starting Servlet engine: [Apache Tomcat/9.0.65]
2025-08-07 09:57:37,615 INFO  [main] org.apache.jasper.servlet.TldScanner:log:173 - At least one JAR was scanned for TLDs yet contained no TLDs. Enable debug logging for this logger for a complete list of JARs that were scanned but no TLDs were found in them. Skipping unneeded JARs during scanning can improve startup time and JSP compilation time.
2025-08-07 09:57:37,621 INFO  [main] org.apache.catalina.core.ContainerBase.[Tomcat].[localhost].[/]:log:173 - Initializing Spring embedded WebApplicationContext
2025-08-07 09:57:37,621 INFO  [main] org.springframework.boot.web.servlet.context.ServletWebServerApplicationContext:prepareWebApplicationContext:292 - Root WebApplicationContext: initialization completed in 1271 ms
2025-08-07 09:57:38,502 INFO  [main] org.apache.coyote.http11.Http11NioProtocol:log:173 - Starting ProtocolHandler ["http-nio-8080"]
2025-08-07 09:57:38,525 INFO  [main] org.springframework.boot.web.embedded.tomcat.TomcatWebServer:start:220 - Tomcat started on port(s): 8080 (http) with context path ''
2025-08-07 09:57:38,532 INFO  [main] com.example.quiz_project.QuizProjectApplication:logStarted:61 - Started QuizProjectApplication in 2.594 seconds (JVM running for 3.009)
2025-08-07 09:57:42,187 INFO  [http-nio-8080-exec-1] org.apache.catalina.core.ContainerBase.[Tomcat].[localhost].[/]:log:173 - Initializing Spring DispatcherServlet 'dispatcherServlet'
2025-08-07 09:57:42,188 INFO  [http-nio-8080-exec-1] org.springframework.web.servlet.DispatcherServlet:initServletBean:525 - Initializing Servlet 'dispatcherServlet'
2025-08-07 09:57:42,189 INFO  [http-nio-8080-exec-1] org.springframework.web.servlet.DispatcherServlet:initServletBean:547 - Completed initialization in 1 ms
2025-08-07 09:59:40,571 INFO  [main] com.example.quiz_project.QuizProjectApplication:logStarting:55 - Starting QuizProjectApplication using Java 1.8.0_452 on Haneko with PID 2820 (D:\Code_projects\target\classes started by 40108 in D:\Code_projects)
2025-08-07 09:59:40,573 INFO  [main] com.example.quiz_project.QuizProjectApplication:logStartupProfileInfo:634 - No active profile set, falling back to 1 default profile: "default"
2025-08-07 09:59:40,995 INFO  [main] org.springframework.data.repository.config.RepositoryConfigurationDelegate:registerRepositoriesIn:132 - Bootstrapping Spring Data JDBC repositories in DEFAULT mode.
2025-08-07 09:59:41,005 INFO  [main] org.springframework.data.repository.config.RepositoryConfigurationDelegate:registerRepositoriesIn:201 - Finished Spring Data repository scanning in 7 ms. Found 0 JDBC repository interfaces.
2025-08-07 09:59:41,540 INFO  [main] org.springframework.boot.web.embedded.tomcat.TomcatWebServer:initialize:108 - Tomcat initialized with port(s): 8080 (http)
2025-08-07 09:59:41,548 INFO  [main] org.apache.coyote.http11.Http11NioProtocol:log:173 - Initializing ProtocolHandler ["http-nio-8080"]
2025-08-07 09:59:41,548 INFO  [main] org.apache.catalina.core.StandardService:log:173 - Starting service [Tomcat]
2025-08-07 09:59:41,548 INFO  [main] org.apache.catalina.core.StandardEngine:log:173 - Starting Servlet engine: [Apache Tomcat/9.0.65]
2025-08-07 09:59:41,733 INFO  [main] org.apache.jasper.servlet.TldScanner:log:173 - At least one JAR was scanned for TLDs yet contained no TLDs. Enable debug logging for this logger for a complete list of JARs that were scanned but no TLDs were found in them. Skipping unneeded JARs during scanning can improve startup time and JSP compilation time.
2025-08-07 09:59:41,738 INFO  [main] org.apache.catalina.core.ContainerBase.[Tomcat].[localhost].[/]:log:173 - Initializing Spring embedded WebApplicationContext
2025-08-07 09:59:41,739 INFO  [main] org.springframework.boot.web.servlet.context.ServletWebServerApplicationContext:prepareWebApplicationContext:292 - Root WebApplicationContext: initialization completed in 1130 ms
2025-08-07 09:59:42,454 INFO  [main] org.apache.coyote.http11.Http11NioProtocol:log:173 - Starting ProtocolHandler ["http-nio-8080"]
2025-08-07 09:59:42,475 INFO  [main] org.springframework.boot.web.embedded.tomcat.TomcatWebServer:start:220 - Tomcat started on port(s): 8080 (http) with context path ''
2025-08-07 09:59:42,482 INFO  [main] com.example.quiz_project.QuizProjectApplication:logStarted:61 - Started QuizProjectApplication in 2.232 seconds (JVM running for 2.559)
2025-08-07 09:59:45,052 INFO  [http-nio-8080-exec-1] org.apache.catalina.core.ContainerBase.[Tomcat].[localhost].[/]:log:173 - Initializing Spring DispatcherServlet 'dispatcherServlet'
2025-08-07 09:59:45,053 INFO  [http-nio-8080-exec-1] org.springframework.web.servlet.DispatcherServlet:initServletBean:525 - Initializing Servlet 'dispatcherServlet'
2025-08-07 09:59:45,053 INFO  [http-nio-8080-exec-1] org.springframework.web.servlet.DispatcherServlet:initServletBean:547 - Completed initialization in 0 ms
2025-08-07 10:01:39,292 INFO  [main] com.example.quiz_project.QuizProjectApplication:logStarting:55 - Starting QuizProjectApplication using Java 1.8.0_452 on Haneko with PID 23436 (D:\Code_projects\target\classes started by 40108 in D:\Code_projects)
2025-08-07 10:01:39,294 INFO  [main] com.example.quiz_project.QuizProjectApplication:logStartupProfileInfo:634 - No active profile set, falling back to 1 default profile: "default"
2025-08-07 10:01:39,719 INFO  [main] org.springframework.data.repository.config.RepositoryConfigurationDelegate:registerRepositoriesIn:132 - Bootstrapping Spring Data JDBC repositories in DEFAULT mode.
2025-08-07 10:01:39,730 INFO  [main] org.springframework.data.repository.config.RepositoryConfigurationDelegate:registerRepositoriesIn:201 - Finished Spring Data repository scanning in 7 ms. Found 0 JDBC repository interfaces.
2025-08-07 10:01:40,251 INFO  [main] org.springframework.boot.web.embedded.tomcat.TomcatWebServer:initialize:108 - Tomcat initialized with port(s): 8080 (http)
2025-08-07 10:01:40,259 INFO  [main] org.apache.coyote.http11.Http11NioProtocol:log:173 - Initializing ProtocolHandler ["http-nio-8080"]
2025-08-07 10:01:40,259 INFO  [main] org.apache.catalina.core.StandardService:log:173 - Starting service [Tomcat]
2025-08-07 10:01:40,260 INFO  [main] org.apache.catalina.core.StandardEngine:log:173 - Starting Servlet engine: [Apache Tomcat/9.0.65]
2025-08-07 10:01:40,437 INFO  [main] org.apache.jasper.servlet.TldScanner:log:173 - At least one JAR was scanned for TLDs yet contained no TLDs. Enable debug logging for this logger for a complete list of JARs that were scanned but no TLDs were found in them. Skipping unneeded JARs during scanning can improve startup time and JSP compilation time.
2025-08-07 10:01:40,442 INFO  [main] org.apache.catalina.core.ContainerBase.[Tomcat].[localhost].[/]:log:173 - Initializing Spring embedded WebApplicationContext
2025-08-07 10:01:40,443 INFO  [main] org.springframework.boot.web.servlet.context.ServletWebServerApplicationContext:prepareWebApplicationContext:292 - Root WebApplicationContext: initialization completed in 1112 ms
2025-08-07 10:01:41,149 INFO  [main] org.apache.coyote.http11.Http11NioProtocol:log:173 - Starting ProtocolHandler ["http-nio-8080"]
2025-08-07 10:01:41,170 INFO  [main] org.springframework.boot.web.embedded.tomcat.TomcatWebServer:start:220 - Tomcat started on port(s): 8080 (http) with context path ''
2025-08-07 10:01:41,178 INFO  [main] com.example.quiz_project.QuizProjectApplication:logStarted:61 - Started QuizProjectApplication in 2.196 seconds (JVM running for 2.679)
2025-08-07 10:01:44,703 INFO  [http-nio-8080-exec-1] org.apache.catalina.core.ContainerBase.[Tomcat].[localhost].[/]:log:173 - Initializing Spring DispatcherServlet 'dispatcherServlet'
2025-08-07 10:01:44,704 INFO  [http-nio-8080-exec-1] org.springframework.web.servlet.DispatcherServlet:initServletBean:525 - Initializing Servlet 'dispatcherServlet'
2025-08-07 10:01:44,704 INFO  [http-nio-8080-exec-1] org.springframework.web.servlet.DispatcherServlet:initServletBean:547 - Completed initialization in 0 ms
2025-08-07 10:01:47,241 ERROR [http-nio-8080-exec-9] org.apache.catalina.core.ContainerBase.[Tomcat].[localhost].[/].[jsp]:log:175 - Servlet.service() for servlet [jsp] threw exception
javax.el.PropertyNotFoundException: Property [question_id] not found on type [com.example.quiz_project.domain.QuestionChoice]
	at javax.el.BeanELResolver$BeanProperties.get(BeanELResolver.java:261)
	at javax.el.BeanELResolver$BeanProperties.access$300(BeanELResolver.java:213)
	at javax.el.BeanELResolver.property(BeanELResolver.java:334)
	at javax.el.BeanELResolver.getValue(BeanELResolver.java:95)
	at org.apache.jasper.el.JasperELResolver.getValue(JasperELResolver.java:124)
	at org.apache.el.parser.AstValue.getValue(AstValue.java:168)
	at org.apache.el.ValueExpressionImpl.getValue(ValueExpressionImpl.java:189)
	at org.apache.jasper.runtime.PageContextImpl.proprietaryEvaluate(PageContextImpl.java:692)
	at org.apache.jsp.WEB_002dINF.jsp.admin.manage_005fquestions_jsp._jspx_meth_c_005fforEach_005f0(manage_005fquestions_jsp.java:186)
	at org.apache.jsp.WEB_002dINF.jsp.admin.manage_005fquestions_jsp._jspService(manage_005fquestions_jsp.java:137)
	at org.apache.jasper.runtime.HttpJspBase.service(HttpJspBase.java:70)
	at javax.servlet.http.HttpServlet.service(HttpServlet.java:764)
	at org.apache.jasper.servlet.JspServletWrapper.service(JspServletWrapper.java:466)
	at org.apache.jasper.servlet.JspServlet.serviceJspFile(JspServlet.java:379)
	at org.apache.jasper.servlet.JspServlet.service(JspServlet.java:327)
	at javax.servlet.http.HttpServlet.service(HttpServlet.java:764)
	at org.apache.catalina.core.ApplicationFilterChain.internalDoFilter(ApplicationFilterChain.java:227)
	at org.apache.catalina.core.ApplicationFilterChain.doFilter(ApplicationFilterChain.java:162)
	at org.apache.tomcat.websocket.server.WsFilter.doFilter(WsFilter.java:53)
	at org.apache.catalina.core.ApplicationFilterChain.internalDoFilter(ApplicationFilterChain.java:189)
	at org.apache.catalina.core.ApplicationFilterChain.doFilter(ApplicationFilterChain.java:162)
	at org.springframework.web.filter.OncePerRequestFilter.doFilter(OncePerRequestFilter.java:111)
	at org.apache.catalina.core.ApplicationFilterChain.internalDoFilter(ApplicationFilterChain.java:189)
	at org.apache.catalina.core.ApplicationFilterChain.doFilter(ApplicationFilterChain.java:162)
	at org.springframework.web.filter.OncePerRequestFilter.doFilter(OncePerRequestFilter.java:111)
	at org.apache.catalina.core.ApplicationFilterChain.internalDoFilter(ApplicationFilterChain.java:189)
	at org.apache.catalina.core.ApplicationFilterChain.doFilter(ApplicationFilterChain.java:162)
	at org.springframework.web.filter.OncePerRequestFilter.doFilter(OncePerRequestFilter.java:111)
	at org.apache.catalina.core.ApplicationFilterChain.internalDoFilter(ApplicationFilterChain.java:189)
	at org.apache.catalina.core.ApplicationFilterChain.doFilter(ApplicationFilterChain.java:162)
	at org.apache.catalina.core.ApplicationDispatcher.invoke(ApplicationDispatcher.java:711)
	at org.apache.catalina.core.ApplicationDispatcher.processRequest(ApplicationDispatcher.java:459)
	at org.apache.catalina.core.ApplicationDispatcher.doForward(ApplicationDispatcher.java:385)
	at org.apache.catalina.core.ApplicationDispatcher.forward(ApplicationDispatcher.java:313)
	at org.springframework.web.servlet.view.InternalResourceView.renderMergedOutputModel(InternalResourceView.java:171)
	at org.springframework.web.servlet.view.AbstractView.render(AbstractView.java:316)
	at org.springframework.web.servlet.DispatcherServlet.render(DispatcherServlet.java:1404)
	at org.springframework.web.servlet.DispatcherServlet.processDispatchResult(DispatcherServlet.java:1148)
	at org.springframework.web.servlet.DispatcherServlet.doDispatch(DispatcherServlet.java:1087)
	at org.springframework.web.servlet.DispatcherServlet.doService(DispatcherServlet.java:963)
	at org.springframework.web.servlet.FrameworkServlet.processRequest(FrameworkServlet.java:1006)
	at org.springframework.web.servlet.FrameworkServlet.doGet(FrameworkServlet.java:898)
	at javax.servlet.http.HttpServlet.service(HttpServlet.java:655)
	at org.springframework.web.servlet.FrameworkServlet.service(FrameworkServlet.java:883)
	at javax.servlet.http.HttpServlet.service(HttpServlet.java:764)
	at org.apache.catalina.core.ApplicationFilterChain.internalDoFilter(ApplicationFilterChain.java:227)
	at org.apache.catalina.core.ApplicationFilterChain.doFilter(ApplicationFilterChain.java:162)
	at org.apache.tomcat.websocket.server.WsFilter.doFilter(WsFilter.java:53)
	at org.apache.catalina.core.ApplicationFilterChain.internalDoFilter(ApplicationFilterChain.java:189)
	at org.apache.catalina.core.ApplicationFilterChain.doFilter(ApplicationFilterChain.java:162)
	at com.example.quiz_project.filter.LoginFilter.doFilterInternal(LoginFilter.java:26)
	at org.springframework.web.filter.OncePerRequestFilter.doFilter(OncePerRequestFilter.java:117)
	at org.apache.catalina.core.ApplicationFilterChain.internalDoFilter(ApplicationFilterChain.java:189)
	at org.apache.catalina.core.ApplicationFilterChain.doFilter(ApplicationFilterChain.java:162)
	at org.springframework.web.filter.RequestContextFilter.doFilterInternal(RequestContextFilter.java:100)
	at org.springframework.web.filter.OncePerRequestFilter.doFilter(OncePerRequestFilter.java:117)
	at org.apache.catalina.core.ApplicationFilterChain.internalDoFilter(ApplicationFilterChain.java:189)
	at org.apache.catalina.core.ApplicationFilterChain.doFilter(ApplicationFilterChain.java:162)
	at org.springframework.web.filter.FormContentFilter.doFilterInternal(FormContentFilter.java:93)
	at org.springframework.web.filter.OncePerRequestFilter.doFilter(OncePerRequestFilter.java:117)
	at org.apache.catalina.core.ApplicationFilterChain.internalDoFilter(ApplicationFilterChain.java:189)
	at org.apache.catalina.core.ApplicationFilterChain.doFilter(ApplicationFilterChain.java:162)
	at org.springframework.web.filter.CharacterEncodingFilter.doFilterInternal(CharacterEncodingFilter.java:201)
	at org.springframework.web.filter.OncePerRequestFilter.doFilter(OncePerRequestFilter.java:117)
	at org.apache.catalina.core.ApplicationFilterChain.internalDoFilter(ApplicationFilterChain.java:189)
	at org.apache.catalina.core.ApplicationFilterChain.doFilter(ApplicationFilterChain.java:162)
	at org.apache.catalina.core.StandardWrapperValve.invoke(StandardWrapperValve.java:197)
	at org.apache.catalina.core.StandardContextValve.invoke(StandardContextValve.java:97)
	at org.apache.catalina.authenticator.AuthenticatorBase.invoke(AuthenticatorBase.java:541)
	at org.apache.catalina.core.StandardHostValve.invoke(StandardHostValve.java:135)
	at org.apache.catalina.valves.ErrorReportValve.invoke(ErrorReportValve.java:92)
	at org.apache.catalina.core.StandardEngineValve.invoke(StandardEngineValve.java:78)
	at org.apache.catalina.connector.CoyoteAdapter.service(CoyoteAdapter.java:360)
	at org.apache.coyote.http11.Http11Processor.service(Http11Processor.java:399)
	at org.apache.coyote.AbstractProcessorLight.process(AbstractProcessorLight.java:65)
	at org.apache.coyote.AbstractProtocol$ConnectionHandler.process(AbstractProtocol.java:890)
	at org.apache.tomcat.util.net.NioEndpoint$SocketProcessor.doRun(NioEndpoint.java:1789)
	at org.apache.tomcat.util.net.SocketProcessorBase.run(SocketProcessorBase.java:49)
	at org.apache.tomcat.util.threads.ThreadPoolExecutor.runWorker(ThreadPoolExecutor.java:1191)
	at org.apache.tomcat.util.threads.ThreadPoolExecutor$Worker.run(ThreadPoolExecutor.java:659)
	at org.apache.tomcat.util.threads.TaskThread$WrappingRunnable.run(TaskThread.java:61)
	at java.lang.Thread.run(Thread.java:750)
2025-08-07 10:01:47,241 ERROR [http-nio-8080-exec-9] org.apache.catalina.core.ContainerBase.[Tomcat].[localhost].[/].[dispatcherServlet]:log:175 - Servlet.service() for servlet [dispatcherServlet] in context with path [] threw exception [javax.el.PropertyNotFoundException: Property [question_id] not found on type [com.example.quiz_project.domain.QuestionChoice]] with root cause
javax.el.PropertyNotFoundException: Property [question_id] not found on type [com.example.quiz_project.domain.QuestionChoice]
	at javax.el.BeanELResolver$BeanProperties.get(BeanELResolver.java:261)
	at javax.el.BeanELResolver$BeanProperties.access$300(BeanELResolver.java:213)
	at javax.el.BeanELResolver.property(BeanELResolver.java:334)
	at javax.el.BeanELResolver.getValue(BeanELResolver.java:95)
	at org.apache.jasper.el.JasperELResolver.getValue(JasperELResolver.java:124)
	at org.apache.el.parser.AstValue.getValue(AstValue.java:168)
	at org.apache.el.ValueExpressionImpl.getValue(ValueExpressionImpl.java:189)
	at org.apache.jasper.runtime.PageContextImpl.proprietaryEvaluate(PageContextImpl.java:692)
	at org.apache.jsp.WEB_002dINF.jsp.admin.manage_005fquestions_jsp._jspx_meth_c_005fforEach_005f0(manage_005fquestions_jsp.java:186)
	at org.apache.jsp.WEB_002dINF.jsp.admin.manage_005fquestions_jsp._jspService(manage_005fquestions_jsp.java:137)
	at org.apache.jasper.runtime.HttpJspBase.service(HttpJspBase.java:70)
	at javax.servlet.http.HttpServlet.service(HttpServlet.java:764)
	at org.apache.jasper.servlet.JspServletWrapper.service(JspServletWrapper.java:466)
	at org.apache.jasper.servlet.JspServlet.serviceJspFile(JspServlet.java:379)
	at org.apache.jasper.servlet.JspServlet.service(JspServlet.java:327)
	at javax.servlet.http.HttpServlet.service(HttpServlet.java:764)
	at org.apache.catalina.core.ApplicationFilterChain.internalDoFilter(ApplicationFilterChain.java:227)
	at org.apache.catalina.core.ApplicationFilterChain.doFilter(ApplicationFilterChain.java:162)
	at org.apache.tomcat.websocket.server.WsFilter.doFilter(WsFilter.java:53)
	at org.apache.catalina.core.ApplicationFilterChain.internalDoFilter(ApplicationFilterChain.java:189)
	at org.apache.catalina.core.ApplicationFilterChain.doFilter(ApplicationFilterChain.java:162)
	at org.springframework.web.filter.OncePerRequestFilter.doFilter(OncePerRequestFilter.java:111)
	at org.apache.catalina.core.ApplicationFilterChain.internalDoFilter(ApplicationFilterChain.java:189)
	at org.apache.catalina.core.ApplicationFilterChain.doFilter(ApplicationFilterChain.java:162)
	at org.springframework.web.filter.OncePerRequestFilter.doFilter(OncePerRequestFilter.java:111)
	at org.apache.catalina.core.ApplicationFilterChain.internalDoFilter(ApplicationFilterChain.java:189)
	at org.apache.catalina.core.ApplicationFilterChain.doFilter(ApplicationFilterChain.java:162)
	at org.springframework.web.filter.OncePerRequestFilter.doFilter(OncePerRequestFilter.java:111)
	at org.apache.catalina.core.ApplicationFilterChain.internalDoFilter(ApplicationFilterChain.java:189)
	at org.apache.catalina.core.ApplicationFilterChain.doFilter(ApplicationFilterChain.java:162)
	at org.apache.catalina.core.ApplicationDispatcher.invoke(ApplicationDispatcher.java:711)
	at org.apache.catalina.core.ApplicationDispatcher.processRequest(ApplicationDispatcher.java:459)
	at org.apache.catalina.core.ApplicationDispatcher.doForward(ApplicationDispatcher.java:385)
	at org.apache.catalina.core.ApplicationDispatcher.forward(ApplicationDispatcher.java:313)
	at org.springframework.web.servlet.view.InternalResourceView.renderMergedOutputModel(InternalResourceView.java:171)
	at org.springframework.web.servlet.view.AbstractView.render(AbstractView.java:316)
	at org.springframework.web.servlet.DispatcherServlet.render(DispatcherServlet.java:1404)
	at org.springframework.web.servlet.DispatcherServlet.processDispatchResult(DispatcherServlet.java:1148)
	at org.springframework.web.servlet.DispatcherServlet.doDispatch(DispatcherServlet.java:1087)
	at org.springframework.web.servlet.DispatcherServlet.doService(DispatcherServlet.java:963)
	at org.springframework.web.servlet.FrameworkServlet.processRequest(FrameworkServlet.java:1006)
	at org.springframework.web.servlet.FrameworkServlet.doGet(FrameworkServlet.java:898)
	at javax.servlet.http.HttpServlet.service(HttpServlet.java:655)
	at org.springframework.web.servlet.FrameworkServlet.service(FrameworkServlet.java:883)
	at javax.servlet.http.HttpServlet.service(HttpServlet.java:764)
	at org.apache.catalina.core.ApplicationFilterChain.internalDoFilter(ApplicationFilterChain.java:227)
	at org.apache.catalina.core.ApplicationFilterChain.doFilter(ApplicationFilterChain.java:162)
	at org.apache.tomcat.websocket.server.WsFilter.doFilter(WsFilter.java:53)
	at org.apache.catalina.core.ApplicationFilterChain.internalDoFilter(ApplicationFilterChain.java:189)
	at org.apache.catalina.core.ApplicationFilterChain.doFilter(ApplicationFilterChain.java:162)
	at com.example.quiz_project.filter.LoginFilter.doFilterInternal(LoginFilter.java:26)
	at org.springframework.web.filter.OncePerRequestFilter.doFilter(OncePerRequestFilter.java:117)
	at org.apache.catalina.core.ApplicationFilterChain.internalDoFilter(ApplicationFilterChain.java:189)
	at org.apache.catalina.core.ApplicationFilterChain.doFilter(ApplicationFilterChain.java:162)
	at org.springframework.web.filter.RequestContextFilter.doFilterInternal(RequestContextFilter.java:100)
	at org.springframework.web.filter.OncePerRequestFilter.doFilter(OncePerRequestFilter.java:117)
	at org.apache.catalina.core.ApplicationFilterChain.internalDoFilter(ApplicationFilterChain.java:189)
	at org.apache.catalina.core.ApplicationFilterChain.doFilter(ApplicationFilterChain.java:162)
	at org.springframework.web.filter.FormContentFilter.doFilterInternal(FormContentFilter.java:93)
	at org.springframework.web.filter.OncePerRequestFilter.doFilter(OncePerRequestFilter.java:117)
	at org.apache.catalina.core.ApplicationFilterChain.internalDoFilter(ApplicationFilterChain.java:189)
	at org.apache.catalina.core.ApplicationFilterChain.doFilter(ApplicationFilterChain.java:162)
	at org.springframework.web.filter.CharacterEncodingFilter.doFilterInternal(CharacterEncodingFilter.java:201)
	at org.springframework.web.filter.OncePerRequestFilter.doFilter(OncePerRequestFilter.java:117)
	at org.apache.catalina.core.ApplicationFilterChain.internalDoFilter(ApplicationFilterChain.java:189)
	at org.apache.catalina.core.ApplicationFilterChain.doFilter(ApplicationFilterChain.java:162)
	at org.apache.catalina.core.StandardWrapperValve.invoke(StandardWrapperValve.java:197)
	at org.apache.catalina.core.StandardContextValve.invoke(StandardContextValve.java:97)
	at org.apache.catalina.authenticator.AuthenticatorBase.invoke(AuthenticatorBase.java:541)
	at org.apache.catalina.core.StandardHostValve.invoke(StandardHostValve.java:135)
	at org.apache.catalina.valves.ErrorReportValve.invoke(ErrorReportValve.java:92)
	at org.apache.catalina.core.StandardEngineValve.invoke(StandardEngineValve.java:78)
	at org.apache.catalina.connector.CoyoteAdapter.service(CoyoteAdapter.java:360)
	at org.apache.coyote.http11.Http11Processor.service(Http11Processor.java:399)
	at org.apache.coyote.AbstractProcessorLight.process(AbstractProcessorLight.java:65)
	at org.apache.coyote.AbstractProtocol$ConnectionHandler.process(AbstractProtocol.java:890)
	at org.apache.tomcat.util.net.NioEndpoint$SocketProcessor.doRun(NioEndpoint.java:1789)
	at org.apache.tomcat.util.net.SocketProcessorBase.run(SocketProcessorBase.java:49)
	at org.apache.tomcat.util.threads.ThreadPoolExecutor.runWorker(ThreadPoolExecutor.java:1191)
	at org.apache.tomcat.util.threads.ThreadPoolExecutor$Worker.run(ThreadPoolExecutor.java:659)
	at org.apache.tomcat.util.threads.TaskThread$WrappingRunnable.run(TaskThread.java:61)
	at java.lang.Thread.run(Thread.java:750)
2025-08-07 10:06:59,012 INFO  [main] com.example.quiz_project.QuizProjectApplication:logStarting:55 - Starting QuizProjectApplication using Java 1.8.0_452 on Haneko with PID 15880 (D:\Code_projects\target\classes started by 40108 in D:\Code_projects)
2025-08-07 10:06:59,014 INFO  [main] com.example.quiz_project.QuizProjectApplication:logStartupProfileInfo:634 - No active profile set, falling back to 1 default profile: "default"
2025-08-07 10:06:59,502 INFO  [main] org.springframework.data.repository.config.RepositoryConfigurationDelegate:registerRepositoriesIn:132 - Bootstrapping Spring Data JDBC repositories in DEFAULT mode.
2025-08-07 10:06:59,515 INFO  [main] org.springframework.data.repository.config.RepositoryConfigurationDelegate:registerRepositoriesIn:201 - Finished Spring Data repository scanning in 8 ms. Found 0 JDBC repository interfaces.
2025-08-07 10:07:00,067 INFO  [main] org.springframework.boot.web.embedded.tomcat.TomcatWebServer:initialize:108 - Tomcat initialized with port(s): 8080 (http)
2025-08-07 10:07:00,074 INFO  [main] org.apache.coyote.http11.Http11NioProtocol:log:173 - Initializing ProtocolHandler ["http-nio-8080"]
2025-08-07 10:07:00,075 INFO  [main] org.apache.catalina.core.StandardService:log:173 - Starting service [Tomcat]
2025-08-07 10:07:00,075 INFO  [main] org.apache.catalina.core.StandardEngine:log:173 - Starting Servlet engine: [Apache Tomcat/9.0.65]
2025-08-07 10:07:00,248 INFO  [main] org.apache.jasper.servlet.TldScanner:log:173 - At least one JAR was scanned for TLDs yet contained no TLDs. Enable debug logging for this logger for a complete list of JARs that were scanned but no TLDs were found in them. Skipping unneeded JARs during scanning can improve startup time and JSP compilation time.
2025-08-07 10:07:00,253 INFO  [main] org.apache.catalina.core.ContainerBase.[Tomcat].[localhost].[/]:log:173 - Initializing Spring embedded WebApplicationContext
2025-08-07 10:07:00,254 INFO  [main] org.springframework.boot.web.servlet.context.ServletWebServerApplicationContext:prepareWebApplicationContext:292 - Root WebApplicationContext: initialization completed in 1200 ms
2025-08-07 10:07:00,959 INFO  [main] org.apache.coyote.http11.Http11NioProtocol:log:173 - Starting ProtocolHandler ["http-nio-8080"]
2025-08-07 10:07:00,979 INFO  [main] org.springframework.boot.web.embedded.tomcat.TomcatWebServer:start:220 - Tomcat started on port(s): 8080 (http) with context path ''
2025-08-07 10:07:00,987 INFO  [main] com.example.quiz_project.QuizProjectApplication:logStarted:61 - Started QuizProjectApplication in 2.296 seconds (JVM running for 2.623)
2025-08-07 10:07:12,357 INFO  [http-nio-8080-exec-1] org.apache.catalina.core.ContainerBase.[Tomcat].[localhost].[/]:log:173 - Initializing Spring DispatcherServlet 'dispatcherServlet'
2025-08-07 10:07:12,357 INFO  [http-nio-8080-exec-1] org.springframework.web.servlet.DispatcherServlet:initServletBean:525 - Initializing Servlet 'dispatcherServlet'
2025-08-07 10:07:12,358 INFO  [http-nio-8080-exec-1] org.springframework.web.servlet.DispatcherServlet:initServletBean:547 - Completed initialization in 1 ms
2025-08-07 10:07:15,210 ERROR [http-nio-8080-exec-7] org.apache.catalina.core.ContainerBase.[Tomcat].[localhost].[/].[jsp]:log:175 - Servlet.service() for servlet [jsp] threw exception
javax.el.PropertyNotFoundException: Property [Description] not found on type [com.example.quiz_project.domain.QuestionChoice]
	at javax.el.BeanELResolver$BeanProperties.get(BeanELResolver.java:261)
	at javax.el.BeanELResolver$BeanProperties.access$300(BeanELResolver.java:213)
	at javax.el.BeanELResolver.property(BeanELResolver.java:334)
	at javax.el.BeanELResolver.getValue(BeanELResolver.java:95)
	at org.apache.jasper.el.JasperELResolver.getValue(JasperELResolver.java:124)
	at org.apache.el.parser.AstValue.getValue(AstValue.java:168)
	at org.apache.el.ValueExpressionImpl.getValue(ValueExpressionImpl.java:189)
	at org.apache.jasper.runtime.PageContextImpl.proprietaryEvaluate(PageContextImpl.java:692)
	at org.apache.jsp.WEB_002dINF.jsp.admin.manage_005fquestions_jsp._jspx_meth_c_005fforEach_005f0(manage_005fquestions_jsp.java:205)
	at org.apache.jsp.WEB_002dINF.jsp.admin.manage_005fquestions_jsp._jspService(manage_005fquestions_jsp.java:147)
	at org.apache.jasper.runtime.HttpJspBase.service(HttpJspBase.java:70)
	at javax.servlet.http.HttpServlet.service(HttpServlet.java:764)
	at org.apache.jasper.servlet.JspServletWrapper.service(JspServletWrapper.java:466)
	at org.apache.jasper.servlet.JspServlet.serviceJspFile(JspServlet.java:379)
	at org.apache.jasper.servlet.JspServlet.service(JspServlet.java:327)
	at javax.servlet.http.HttpServlet.service(HttpServlet.java:764)
	at org.apache.catalina.core.ApplicationFilterChain.internalDoFilter(ApplicationFilterChain.java:227)
	at org.apache.catalina.core.ApplicationFilterChain.doFilter(ApplicationFilterChain.java:162)
	at org.apache.tomcat.websocket.server.WsFilter.doFilter(WsFilter.java:53)
	at org.apache.catalina.core.ApplicationFilterChain.internalDoFilter(ApplicationFilterChain.java:189)
	at org.apache.catalina.core.ApplicationFilterChain.doFilter(ApplicationFilterChain.java:162)
	at org.springframework.web.filter.OncePerRequestFilter.doFilter(OncePerRequestFilter.java:111)
	at org.apache.catalina.core.ApplicationFilterChain.internalDoFilter(ApplicationFilterChain.java:189)
	at org.apache.catalina.core.ApplicationFilterChain.doFilter(ApplicationFilterChain.java:162)
	at org.springframework.web.filter.OncePerRequestFilter.doFilter(OncePerRequestFilter.java:111)
	at org.apache.catalina.core.ApplicationFilterChain.internalDoFilter(ApplicationFilterChain.java:189)
	at org.apache.catalina.core.ApplicationFilterChain.doFilter(ApplicationFilterChain.java:162)
	at org.springframework.web.filter.OncePerRequestFilter.doFilter(OncePerRequestFilter.java:111)
	at org.apache.catalina.core.ApplicationFilterChain.internalDoFilter(ApplicationFilterChain.java:189)
	at org.apache.catalina.core.ApplicationFilterChain.doFilter(ApplicationFilterChain.java:162)
	at org.apache.catalina.core.ApplicationDispatcher.invoke(ApplicationDispatcher.java:711)
	at org.apache.catalina.core.ApplicationDispatcher.processRequest(ApplicationDispatcher.java:459)
	at org.apache.catalina.core.ApplicationDispatcher.doForward(ApplicationDispatcher.java:385)
	at org.apache.catalina.core.ApplicationDispatcher.forward(ApplicationDispatcher.java:313)
	at org.springframework.web.servlet.view.InternalResourceView.renderMergedOutputModel(InternalResourceView.java:171)
	at org.springframework.web.servlet.view.AbstractView.render(AbstractView.java:316)
	at org.springframework.web.servlet.DispatcherServlet.render(DispatcherServlet.java:1404)
	at org.springframework.web.servlet.DispatcherServlet.processDispatchResult(DispatcherServlet.java:1148)
	at org.springframework.web.servlet.DispatcherServlet.doDispatch(DispatcherServlet.java:1087)
	at org.springframework.web.servlet.DispatcherServlet.doService(DispatcherServlet.java:963)
	at org.springframework.web.servlet.FrameworkServlet.processRequest(FrameworkServlet.java:1006)
	at org.springframework.web.servlet.FrameworkServlet.doGet(FrameworkServlet.java:898)
	at javax.servlet.http.HttpServlet.service(HttpServlet.java:655)
	at org.springframework.web.servlet.FrameworkServlet.service(FrameworkServlet.java:883)
	at javax.servlet.http.HttpServlet.service(HttpServlet.java:764)
	at org.apache.catalina.core.ApplicationFilterChain.internalDoFilter(ApplicationFilterChain.java:227)
	at org.apache.catalina.core.ApplicationFilterChain.doFilter(ApplicationFilterChain.java:162)
	at org.apache.tomcat.websocket.server.WsFilter.doFilter(WsFilter.java:53)
	at org.apache.catalina.core.ApplicationFilterChain.internalDoFilter(ApplicationFilterChain.java:189)
	at org.apache.catalina.core.ApplicationFilterChain.doFilter(ApplicationFilterChain.java:162)
	at com.example.quiz_project.filter.LoginFilter.doFilterInternal(LoginFilter.java:26)
	at org.springframework.web.filter.OncePerRequestFilter.doFilter(OncePerRequestFilter.java:117)
	at org.apache.catalina.core.ApplicationFilterChain.internalDoFilter(ApplicationFilterChain.java:189)
	at org.apache.catalina.core.ApplicationFilterChain.doFilter(ApplicationFilterChain.java:162)
	at org.springframework.web.filter.RequestContextFilter.doFilterInternal(RequestContextFilter.java:100)
	at org.springframework.web.filter.OncePerRequestFilter.doFilter(OncePerRequestFilter.java:117)
	at org.apache.catalina.core.ApplicationFilterChain.internalDoFilter(ApplicationFilterChain.java:189)
	at org.apache.catalina.core.ApplicationFilterChain.doFilter(ApplicationFilterChain.java:162)
	at org.springframework.web.filter.FormContentFilter.doFilterInternal(FormContentFilter.java:93)
	at org.springframework.web.filter.OncePerRequestFilter.doFilter(OncePerRequestFilter.java:117)
	at org.apache.catalina.core.ApplicationFilterChain.internalDoFilter(ApplicationFilterChain.java:189)
	at org.apache.catalina.core.ApplicationFilterChain.doFilter(ApplicationFilterChain.java:162)
	at org.springframework.web.filter.CharacterEncodingFilter.doFilterInternal(CharacterEncodingFilter.java:201)
	at org.springframework.web.filter.OncePerRequestFilter.doFilter(OncePerRequestFilter.java:117)
	at org.apache.catalina.core.ApplicationFilterChain.internalDoFilter(ApplicationFilterChain.java:189)
	at org.apache.catalina.core.ApplicationFilterChain.doFilter(ApplicationFilterChain.java:162)
	at org.apache.catalina.core.StandardWrapperValve.invoke(StandardWrapperValve.java:197)
	at org.apache.catalina.core.StandardContextValve.invoke(StandardContextValve.java:97)
	at org.apache.catalina.authenticator.AuthenticatorBase.invoke(AuthenticatorBase.java:541)
	at org.apache.catalina.core.StandardHostValve.invoke(StandardHostValve.java:135)
	at org.apache.catalina.valves.ErrorReportValve.invoke(ErrorReportValve.java:92)
	at org.apache.catalina.core.StandardEngineValve.invoke(StandardEngineValve.java:78)
	at org.apache.catalina.connector.CoyoteAdapter.service(CoyoteAdapter.java:360)
	at org.apache.coyote.http11.Http11Processor.service(Http11Processor.java:399)
	at org.apache.coyote.AbstractProcessorLight.process(AbstractProcessorLight.java:65)
	at org.apache.coyote.AbstractProtocol$ConnectionHandler.process(AbstractProtocol.java:890)
	at org.apache.tomcat.util.net.NioEndpoint$SocketProcessor.doRun(NioEndpoint.java:1789)
	at org.apache.tomcat.util.net.SocketProcessorBase.run(SocketProcessorBase.java:49)
	at org.apache.tomcat.util.threads.ThreadPoolExecutor.runWorker(ThreadPoolExecutor.java:1191)
	at org.apache.tomcat.util.threads.ThreadPoolExecutor$Worker.run(ThreadPoolExecutor.java:659)
	at org.apache.tomcat.util.threads.TaskThread$WrappingRunnable.run(TaskThread.java:61)
	at java.lang.Thread.run(Thread.java:750)
2025-08-07 10:07:15,211 ERROR [http-nio-8080-exec-7] org.apache.catalina.core.ContainerBase.[Tomcat].[localhost].[/].[dispatcherServlet]:log:175 - Servlet.service() for servlet [dispatcherServlet] in context with path [] threw exception [javax.el.PropertyNotFoundException: Property [Description] not found on type [com.example.quiz_project.domain.QuestionChoice]] with root cause
javax.el.PropertyNotFoundException: Property [Description] not found on type [com.example.quiz_project.domain.QuestionChoice]
	at javax.el.BeanELResolver$BeanProperties.get(BeanELResolver.java:261)
	at javax.el.BeanELResolver$BeanProperties.access$300(BeanELResolver.java:213)
	at javax.el.BeanELResolver.property(BeanELResolver.java:334)
	at javax.el.BeanELResolver.getValue(BeanELResolver.java:95)
	at org.apache.jasper.el.JasperELResolver.getValue(JasperELResolver.java:124)
	at org.apache.el.parser.AstValue.getValue(AstValue.java:168)
	at org.apache.el.ValueExpressionImpl.getValue(ValueExpressionImpl.java:189)
	at org.apache.jasper.runtime.PageContextImpl.proprietaryEvaluate(PageContextImpl.java:692)
	at org.apache.jsp.WEB_002dINF.jsp.admin.manage_005fquestions_jsp._jspx_meth_c_005fforEach_005f0(manage_005fquestions_jsp.java:205)
	at org.apache.jsp.WEB_002dINF.jsp.admin.manage_005fquestions_jsp._jspService(manage_005fquestions_jsp.java:147)
	at org.apache.jasper.runtime.HttpJspBase.service(HttpJspBase.java:70)
	at javax.servlet.http.HttpServlet.service(HttpServlet.java:764)
	at org.apache.jasper.servlet.JspServletWrapper.service(JspServletWrapper.java:466)
	at org.apache.jasper.servlet.JspServlet.serviceJspFile(JspServlet.java:379)
	at org.apache.jasper.servlet.JspServlet.service(JspServlet.java:327)
	at javax.servlet.http.HttpServlet.service(HttpServlet.java:764)
	at org.apache.catalina.core.ApplicationFilterChain.internalDoFilter(ApplicationFilterChain.java:227)
	at org.apache.catalina.core.ApplicationFilterChain.doFilter(ApplicationFilterChain.java:162)
	at org.apache.tomcat.websocket.server.WsFilter.doFilter(WsFilter.java:53)
	at org.apache.catalina.core.ApplicationFilterChain.internalDoFilter(ApplicationFilterChain.java:189)
	at org.apache.catalina.core.ApplicationFilterChain.doFilter(ApplicationFilterChain.java:162)
	at org.springframework.web.filter.OncePerRequestFilter.doFilter(OncePerRequestFilter.java:111)
	at org.apache.catalina.core.ApplicationFilterChain.internalDoFilter(ApplicationFilterChain.java:189)
	at org.apache.catalina.core.ApplicationFilterChain.doFilter(ApplicationFilterChain.java:162)
	at org.springframework.web.filter.OncePerRequestFilter.doFilter(OncePerRequestFilter.java:111)
	at org.apache.catalina.core.ApplicationFilterChain.internalDoFilter(ApplicationFilterChain.java:189)
	at org.apache.catalina.core.ApplicationFilterChain.doFilter(ApplicationFilterChain.java:162)
	at org.springframework.web.filter.OncePerRequestFilter.doFilter(OncePerRequestFilter.java:111)
	at org.apache.catalina.core.ApplicationFilterChain.internalDoFilter(ApplicationFilterChain.java:189)
	at org.apache.catalina.core.ApplicationFilterChain.doFilter(ApplicationFilterChain.java:162)
	at org.apache.catalina.core.ApplicationDispatcher.invoke(ApplicationDispatcher.java:711)
	at org.apache.catalina.core.ApplicationDispatcher.processRequest(ApplicationDispatcher.java:459)
	at org.apache.catalina.core.ApplicationDispatcher.doForward(ApplicationDispatcher.java:385)
	at org.apache.catalina.core.ApplicationDispatcher.forward(ApplicationDispatcher.java:313)
	at org.springframework.web.servlet.view.InternalResourceView.renderMergedOutputModel(InternalResourceView.java:171)
	at org.springframework.web.servlet.view.AbstractView.render(AbstractView.java:316)
	at org.springframework.web.servlet.DispatcherServlet.render(DispatcherServlet.java:1404)
	at org.springframework.web.servlet.DispatcherServlet.processDispatchResult(DispatcherServlet.java:1148)
	at org.springframework.web.servlet.DispatcherServlet.doDispatch(DispatcherServlet.java:1087)
	at org.springframework.web.servlet.DispatcherServlet.doService(DispatcherServlet.java:963)
	at org.springframework.web.servlet.FrameworkServlet.processRequest(FrameworkServlet.java:1006)
	at org.springframework.web.servlet.FrameworkServlet.doGet(FrameworkServlet.java:898)
	at javax.servlet.http.HttpServlet.service(HttpServlet.java:655)
	at org.springframework.web.servlet.FrameworkServlet.service(FrameworkServlet.java:883)
	at javax.servlet.http.HttpServlet.service(HttpServlet.java:764)
	at org.apache.catalina.core.ApplicationFilterChain.internalDoFilter(ApplicationFilterChain.java:227)
	at org.apache.catalina.core.ApplicationFilterChain.doFilter(ApplicationFilterChain.java:162)
	at org.apache.tomcat.websocket.server.WsFilter.doFilter(WsFilter.java:53)
	at org.apache.catalina.core.ApplicationFilterChain.internalDoFilter(ApplicationFilterChain.java:189)
	at org.apache.catalina.core.ApplicationFilterChain.doFilter(ApplicationFilterChain.java:162)
	at com.example.quiz_project.filter.LoginFilter.doFilterInternal(LoginFilter.java:26)
	at org.springframework.web.filter.OncePerRequestFilter.doFilter(OncePerRequestFilter.java:117)
	at org.apache.catalina.core.ApplicationFilterChain.internalDoFilter(ApplicationFilterChain.java:189)
	at org.apache.catalina.core.ApplicationFilterChain.doFilter(ApplicationFilterChain.java:162)
	at org.springframework.web.filter.RequestContextFilter.doFilterInternal(RequestContextFilter.java:100)
	at org.springframework.web.filter.OncePerRequestFilter.doFilter(OncePerRequestFilter.java:117)
	at org.apache.catalina.core.ApplicationFilterChain.internalDoFilter(ApplicationFilterChain.java:189)
	at org.apache.catalina.core.ApplicationFilterChain.doFilter(ApplicationFilterChain.java:162)
	at org.springframework.web.filter.FormContentFilter.doFilterInternal(FormContentFilter.java:93)
	at org.springframework.web.filter.OncePerRequestFilter.doFilter(OncePerRequestFilter.java:117)
	at org.apache.catalina.core.ApplicationFilterChain.internalDoFilter(ApplicationFilterChain.java:189)
	at org.apache.catalina.core.ApplicationFilterChain.doFilter(ApplicationFilterChain.java:162)
	at org.springframework.web.filter.CharacterEncodingFilter.doFilterInternal(CharacterEncodingFilter.java:201)
	at org.springframework.web.filter.OncePerRequestFilter.doFilter(OncePerRequestFilter.java:117)
	at org.apache.catalina.core.ApplicationFilterChain.internalDoFilter(ApplicationFilterChain.java:189)
	at org.apache.catalina.core.ApplicationFilterChain.doFilter(ApplicationFilterChain.java:162)
	at org.apache.catalina.core.StandardWrapperValve.invoke(StandardWrapperValve.java:197)
	at org.apache.catalina.core.StandardContextValve.invoke(StandardContextValve.java:97)
	at org.apache.catalina.authenticator.AuthenticatorBase.invoke(AuthenticatorBase.java:541)
	at org.apache.catalina.core.StandardHostValve.invoke(StandardHostValve.java:135)
	at org.apache.catalina.valves.ErrorReportValve.invoke(ErrorReportValve.java:92)
	at org.apache.catalina.core.StandardEngineValve.invoke(StandardEngineValve.java:78)
	at org.apache.catalina.connector.CoyoteAdapter.service(CoyoteAdapter.java:360)
	at org.apache.coyote.http11.Http11Processor.service(Http11Processor.java:399)
	at org.apache.coyote.AbstractProcessorLight.process(AbstractProcessorLight.java:65)
	at org.apache.coyote.AbstractProtocol$ConnectionHandler.process(AbstractProtocol.java:890)
	at org.apache.tomcat.util.net.NioEndpoint$SocketProcessor.doRun(NioEndpoint.java:1789)
	at org.apache.tomcat.util.net.SocketProcessorBase.run(SocketProcessorBase.java:49)
	at org.apache.tomcat.util.threads.ThreadPoolExecutor.runWorker(ThreadPoolExecutor.java:1191)
	at org.apache.tomcat.util.threads.ThreadPoolExecutor$Worker.run(ThreadPoolExecutor.java:659)
	at org.apache.tomcat.util.threads.TaskThread$WrappingRunnable.run(TaskThread.java:61)
	at java.lang.Thread.run(Thread.java:750)
2025-08-07 10:10:43,392 INFO  [main] com.example.quiz_project.QuizProjectApplication:logStarting:55 - Starting QuizProjectApplication using Java 1.8.0_452 on Haneko with PID 10648 (D:\Code_projects\target\classes started by 40108 in D:\Code_projects)
2025-08-07 10:10:43,394 INFO  [main] com.example.quiz_project.QuizProjectApplication:logStartupProfileInfo:634 - No active profile set, falling back to 1 default profile: "default"
2025-08-07 10:10:43,855 INFO  [main] org.springframework.data.repository.config.RepositoryConfigurationDelegate:registerRepositoriesIn:132 - Bootstrapping Spring Data JDBC repositories in DEFAULT mode.
2025-08-07 10:10:43,866 INFO  [main] org.springframework.data.repository.config.RepositoryConfigurationDelegate:registerRepositoriesIn:201 - Finished Spring Data repository scanning in 8 ms. Found 0 JDBC repository interfaces.
2025-08-07 10:10:44,414 INFO  [main] org.springframework.boot.web.embedded.tomcat.TomcatWebServer:initialize:108 - Tomcat initialized with port(s): 8080 (http)
2025-08-07 10:10:44,422 INFO  [main] org.apache.coyote.http11.Http11NioProtocol:log:173 - Initializing ProtocolHandler ["http-nio-8080"]
2025-08-07 10:10:44,422 INFO  [main] org.apache.catalina.core.StandardService:log:173 - Starting service [Tomcat]
2025-08-07 10:10:44,423 INFO  [main] org.apache.catalina.core.StandardEngine:log:173 - Starting Servlet engine: [Apache Tomcat/9.0.65]
2025-08-07 10:10:44,598 INFO  [main] org.apache.jasper.servlet.TldScanner:log:173 - At least one JAR was scanned for TLDs yet contained no TLDs. Enable debug logging for this logger for a complete list of JARs that were scanned but no TLDs were found in them. Skipping unneeded JARs during scanning can improve startup time and JSP compilation time.
2025-08-07 10:10:44,603 INFO  [main] org.apache.catalina.core.ContainerBase.[Tomcat].[localhost].[/]:log:173 - Initializing Spring embedded WebApplicationContext
2025-08-07 10:10:44,603 INFO  [main] org.springframework.boot.web.servlet.context.ServletWebServerApplicationContext:prepareWebApplicationContext:292 - Root WebApplicationContext: initialization completed in 1170 ms
2025-08-07 10:10:45,351 INFO  [main] org.apache.coyote.http11.Http11NioProtocol:log:173 - Starting ProtocolHandler ["http-nio-8080"]
2025-08-07 10:10:45,377 INFO  [main] org.springframework.boot.web.embedded.tomcat.TomcatWebServer:start:220 - Tomcat started on port(s): 8080 (http) with context path ''
2025-08-07 10:10:45,386 INFO  [main] com.example.quiz_project.QuizProjectApplication:logStarted:61 - Started QuizProjectApplication in 2.31 seconds (JVM running for 2.646)
2025-08-07 10:10:48,577 INFO  [http-nio-8080-exec-1] org.apache.catalina.core.ContainerBase.[Tomcat].[localhost].[/]:log:173 - Initializing Spring DispatcherServlet 'dispatcherServlet'
2025-08-07 10:10:48,577 INFO  [http-nio-8080-exec-1] org.springframework.web.servlet.DispatcherServlet:initServletBean:525 - Initializing Servlet 'dispatcherServlet'
2025-08-07 10:10:48,578 INFO  [http-nio-8080-exec-1] org.springframework.web.servlet.DispatcherServlet:initServletBean:547 - Completed initialization in 1 ms
2025-08-07 10:10:54,026 ERROR [http-nio-8080-exec-8] org.apache.catalina.core.ContainerBase.[Tomcat].[localhost].[/].[jsp]:log:175 - Servlet.service() for servlet [jsp] threw exception
javax.el.PropertyNotFoundException: Property [Description] not found on type [com.example.quiz_project.domain.QuestionChoice]
	at javax.el.BeanELResolver$BeanProperties.get(BeanELResolver.java:261)
	at javax.el.BeanELResolver$BeanProperties.access$300(BeanELResolver.java:213)
	at javax.el.BeanELResolver.property(BeanELResolver.java:334)
	at javax.el.BeanELResolver.getValue(BeanELResolver.java:95)
	at org.apache.jasper.el.JasperELResolver.getValue(JasperELResolver.java:124)
	at org.apache.el.parser.AstValue.getValue(AstValue.java:168)
	at org.apache.el.ValueExpressionImpl.getValue(ValueExpressionImpl.java:189)
	at org.apache.jasper.runtime.PageContextImpl.proprietaryEvaluate(PageContextImpl.java:692)
	at org.apache.jsp.WEB_002dINF.jsp.admin.manage_005fquestions_jsp._jspx_meth_c_005fforEach_005f0(manage_005fquestions_jsp.java:205)
	at org.apache.jsp.WEB_002dINF.jsp.admin.manage_005fquestions_jsp._jspService(manage_005fquestions_jsp.java:147)
	at org.apache.jasper.runtime.HttpJspBase.service(HttpJspBase.java:70)
	at javax.servlet.http.HttpServlet.service(HttpServlet.java:764)
	at org.apache.jasper.servlet.JspServletWrapper.service(JspServletWrapper.java:466)
	at org.apache.jasper.servlet.JspServlet.serviceJspFile(JspServlet.java:379)
	at org.apache.jasper.servlet.JspServlet.service(JspServlet.java:327)
	at javax.servlet.http.HttpServlet.service(HttpServlet.java:764)
	at org.apache.catalina.core.ApplicationFilterChain.internalDoFilter(ApplicationFilterChain.java:227)
	at org.apache.catalina.core.ApplicationFilterChain.doFilter(ApplicationFilterChain.java:162)
	at org.apache.tomcat.websocket.server.WsFilter.doFilter(WsFilter.java:53)
	at org.apache.catalina.core.ApplicationFilterChain.internalDoFilter(ApplicationFilterChain.java:189)
	at org.apache.catalina.core.ApplicationFilterChain.doFilter(ApplicationFilterChain.java:162)
	at org.springframework.web.filter.OncePerRequestFilter.doFilter(OncePerRequestFilter.java:111)
	at org.apache.catalina.core.ApplicationFilterChain.internalDoFilter(ApplicationFilterChain.java:189)
	at org.apache.catalina.core.ApplicationFilterChain.doFilter(ApplicationFilterChain.java:162)
	at org.springframework.web.filter.OncePerRequestFilter.doFilter(OncePerRequestFilter.java:111)
	at org.apache.catalina.core.ApplicationFilterChain.internalDoFilter(ApplicationFilterChain.java:189)
	at org.apache.catalina.core.ApplicationFilterChain.doFilter(ApplicationFilterChain.java:162)
	at org.springframework.web.filter.OncePerRequestFilter.doFilter(OncePerRequestFilter.java:111)
	at org.apache.catalina.core.ApplicationFilterChain.internalDoFilter(ApplicationFilterChain.java:189)
	at org.apache.catalina.core.ApplicationFilterChain.doFilter(ApplicationFilterChain.java:162)
	at org.apache.catalina.core.ApplicationDispatcher.invoke(ApplicationDispatcher.java:711)
	at org.apache.catalina.core.ApplicationDispatcher.processRequest(ApplicationDispatcher.java:459)
	at org.apache.catalina.core.ApplicationDispatcher.doForward(ApplicationDispatcher.java:385)
	at org.apache.catalina.core.ApplicationDispatcher.forward(ApplicationDispatcher.java:313)
	at org.springframework.web.servlet.view.InternalResourceView.renderMergedOutputModel(InternalResourceView.java:171)
	at org.springframework.web.servlet.view.AbstractView.render(AbstractView.java:316)
	at org.springframework.web.servlet.DispatcherServlet.render(DispatcherServlet.java:1404)
	at org.springframework.web.servlet.DispatcherServlet.processDispatchResult(DispatcherServlet.java:1148)
	at org.springframework.web.servlet.DispatcherServlet.doDispatch(DispatcherServlet.java:1087)
	at org.springframework.web.servlet.DispatcherServlet.doService(DispatcherServlet.java:963)
	at org.springframework.web.servlet.FrameworkServlet.processRequest(FrameworkServlet.java:1006)
	at org.springframework.web.servlet.FrameworkServlet.doGet(FrameworkServlet.java:898)
	at javax.servlet.http.HttpServlet.service(HttpServlet.java:655)
	at org.springframework.web.servlet.FrameworkServlet.service(FrameworkServlet.java:883)
	at javax.servlet.http.HttpServlet.service(HttpServlet.java:764)
	at org.apache.catalina.core.ApplicationFilterChain.internalDoFilter(ApplicationFilterChain.java:227)
	at org.apache.catalina.core.ApplicationFilterChain.doFilter(ApplicationFilterChain.java:162)
	at org.apache.tomcat.websocket.server.WsFilter.doFilter(WsFilter.java:53)
	at org.apache.catalina.core.ApplicationFilterChain.internalDoFilter(ApplicationFilterChain.java:189)
	at org.apache.catalina.core.ApplicationFilterChain.doFilter(ApplicationFilterChain.java:162)
	at com.example.quiz_project.filter.LoginFilter.doFilterInternal(LoginFilter.java:26)
	at org.springframework.web.filter.OncePerRequestFilter.doFilter(OncePerRequestFilter.java:117)
	at org.apache.catalina.core.ApplicationFilterChain.internalDoFilter(ApplicationFilterChain.java:189)
	at org.apache.catalina.core.ApplicationFilterChain.doFilter(ApplicationFilterChain.java:162)
	at org.springframework.web.filter.RequestContextFilter.doFilterInternal(RequestContextFilter.java:100)
	at org.springframework.web.filter.OncePerRequestFilter.doFilter(OncePerRequestFilter.java:117)
	at org.apache.catalina.core.ApplicationFilterChain.internalDoFilter(ApplicationFilterChain.java:189)
	at org.apache.catalina.core.ApplicationFilterChain.doFilter(ApplicationFilterChain.java:162)
	at org.springframework.web.filter.FormContentFilter.doFilterInternal(FormContentFilter.java:93)
	at org.springframework.web.filter.OncePerRequestFilter.doFilter(OncePerRequestFilter.java:117)
	at org.apache.catalina.core.ApplicationFilterChain.internalDoFilter(ApplicationFilterChain.java:189)
	at org.apache.catalina.core.ApplicationFilterChain.doFilter(ApplicationFilterChain.java:162)
	at org.springframework.web.filter.CharacterEncodingFilter.doFilterInternal(CharacterEncodingFilter.java:201)
	at org.springframework.web.filter.OncePerRequestFilter.doFilter(OncePerRequestFilter.java:117)
	at org.apache.catalina.core.ApplicationFilterChain.internalDoFilter(ApplicationFilterChain.java:189)
	at org.apache.catalina.core.ApplicationFilterChain.doFilter(ApplicationFilterChain.java:162)
	at org.apache.catalina.core.StandardWrapperValve.invoke(StandardWrapperValve.java:197)
	at org.apache.catalina.core.StandardContextValve.invoke(StandardContextValve.java:97)
	at org.apache.catalina.authenticator.AuthenticatorBase.invoke(AuthenticatorBase.java:541)
	at org.apache.catalina.core.StandardHostValve.invoke(StandardHostValve.java:135)
	at org.apache.catalina.valves.ErrorReportValve.invoke(ErrorReportValve.java:92)
	at org.apache.catalina.core.StandardEngineValve.invoke(StandardEngineValve.java:78)
	at org.apache.catalina.connector.CoyoteAdapter.service(CoyoteAdapter.java:360)
	at org.apache.coyote.http11.Http11Processor.service(Http11Processor.java:399)
	at org.apache.coyote.AbstractProcessorLight.process(AbstractProcessorLight.java:65)
	at org.apache.coyote.AbstractProtocol$ConnectionHandler.process(AbstractProtocol.java:890)
	at org.apache.tomcat.util.net.NioEndpoint$SocketProcessor.doRun(NioEndpoint.java:1789)
	at org.apache.tomcat.util.net.SocketProcessorBase.run(SocketProcessorBase.java:49)
	at org.apache.tomcat.util.threads.ThreadPoolExecutor.runWorker(ThreadPoolExecutor.java:1191)
	at org.apache.tomcat.util.threads.ThreadPoolExecutor$Worker.run(ThreadPoolExecutor.java:659)
	at org.apache.tomcat.util.threads.TaskThread$WrappingRunnable.run(TaskThread.java:61)
	at java.lang.Thread.run(Thread.java:750)
2025-08-07 10:10:54,027 ERROR [http-nio-8080-exec-8] org.apache.catalina.core.ContainerBase.[Tomcat].[localhost].[/].[dispatcherServlet]:log:175 - Servlet.service() for servlet [dispatcherServlet] in context with path [] threw exception [javax.el.PropertyNotFoundException: Property [Description] not found on type [com.example.quiz_project.domain.QuestionChoice]] with root cause
javax.el.PropertyNotFoundException: Property [Description] not found on type [com.example.quiz_project.domain.QuestionChoice]
	at javax.el.BeanELResolver$BeanProperties.get(BeanELResolver.java:261)
	at javax.el.BeanELResolver$BeanProperties.access$300(BeanELResolver.java:213)
	at javax.el.BeanELResolver.property(BeanELResolver.java:334)
	at javax.el.BeanELResolver.getValue(BeanELResolver.java:95)
	at org.apache.jasper.el.JasperELResolver.getValue(JasperELResolver.java:124)
	at org.apache.el.parser.AstValue.getValue(AstValue.java:168)
	at org.apache.el.ValueExpressionImpl.getValue(ValueExpressionImpl.java:189)
	at org.apache.jasper.runtime.PageContextImpl.proprietaryEvaluate(PageContextImpl.java:692)
	at org.apache.jsp.WEB_002dINF.jsp.admin.manage_005fquestions_jsp._jspx_meth_c_005fforEach_005f0(manage_005fquestions_jsp.java:205)
	at org.apache.jsp.WEB_002dINF.jsp.admin.manage_005fquestions_jsp._jspService(manage_005fquestions_jsp.java:147)
	at org.apache.jasper.runtime.HttpJspBase.service(HttpJspBase.java:70)
	at javax.servlet.http.HttpServlet.service(HttpServlet.java:764)
	at org.apache.jasper.servlet.JspServletWrapper.service(JspServletWrapper.java:466)
	at org.apache.jasper.servlet.JspServlet.serviceJspFile(JspServlet.java:379)
	at org.apache.jasper.servlet.JspServlet.service(JspServlet.java:327)
	at javax.servlet.http.HttpServlet.service(HttpServlet.java:764)
	at org.apache.catalina.core.ApplicationFilterChain.internalDoFilter(ApplicationFilterChain.java:227)
	at org.apache.catalina.core.ApplicationFilterChain.doFilter(ApplicationFilterChain.java:162)
	at org.apache.tomcat.websocket.server.WsFilter.doFilter(WsFilter.java:53)
	at org.apache.catalina.core.ApplicationFilterChain.internalDoFilter(ApplicationFilterChain.java:189)
	at org.apache.catalina.core.ApplicationFilterChain.doFilter(ApplicationFilterChain.java:162)
	at org.springframework.web.filter.OncePerRequestFilter.doFilter(OncePerRequestFilter.java:111)
	at org.apache.catalina.core.ApplicationFilterChain.internalDoFilter(ApplicationFilterChain.java:189)
	at org.apache.catalina.core.ApplicationFilterChain.doFilter(ApplicationFilterChain.java:162)
	at org.springframework.web.filter.OncePerRequestFilter.doFilter(OncePerRequestFilter.java:111)
	at org.apache.catalina.core.ApplicationFilterChain.internalDoFilter(ApplicationFilterChain.java:189)
	at org.apache.catalina.core.ApplicationFilterChain.doFilter(ApplicationFilterChain.java:162)
	at org.springframework.web.filter.OncePerRequestFilter.doFilter(OncePerRequestFilter.java:111)
	at org.apache.catalina.core.ApplicationFilterChain.internalDoFilter(ApplicationFilterChain.java:189)
	at org.apache.catalina.core.ApplicationFilterChain.doFilter(ApplicationFilterChain.java:162)
	at org.apache.catalina.core.ApplicationDispatcher.invoke(ApplicationDispatcher.java:711)
	at org.apache.catalina.core.ApplicationDispatcher.processRequest(ApplicationDispatcher.java:459)
	at org.apache.catalina.core.ApplicationDispatcher.doForward(ApplicationDispatcher.java:385)
	at org.apache.catalina.core.ApplicationDispatcher.forward(ApplicationDispatcher.java:313)
	at org.springframework.web.servlet.view.InternalResourceView.renderMergedOutputModel(InternalResourceView.java:171)
	at org.springframework.web.servlet.view.AbstractView.render(AbstractView.java:316)
	at org.springframework.web.servlet.DispatcherServlet.render(DispatcherServlet.java:1404)
	at org.springframework.web.servlet.DispatcherServlet.processDispatchResult(DispatcherServlet.java:1148)
	at org.springframework.web.servlet.DispatcherServlet.doDispatch(DispatcherServlet.java:1087)
	at org.springframework.web.servlet.DispatcherServlet.doService(DispatcherServlet.java:963)
	at org.springframework.web.servlet.FrameworkServlet.processRequest(FrameworkServlet.java:1006)
	at org.springframework.web.servlet.FrameworkServlet.doGet(FrameworkServlet.java:898)
	at javax.servlet.http.HttpServlet.service(HttpServlet.java:655)
	at org.springframework.web.servlet.FrameworkServlet.service(FrameworkServlet.java:883)
	at javax.servlet.http.HttpServlet.service(HttpServlet.java:764)
	at org.apache.catalina.core.ApplicationFilterChain.internalDoFilter(ApplicationFilterChain.java:227)
	at org.apache.catalina.core.ApplicationFilterChain.doFilter(ApplicationFilterChain.java:162)
	at org.apache.tomcat.websocket.server.WsFilter.doFilter(WsFilter.java:53)
	at org.apache.catalina.core.ApplicationFilterChain.internalDoFilter(ApplicationFilterChain.java:189)
	at org.apache.catalina.core.ApplicationFilterChain.doFilter(ApplicationFilterChain.java:162)
	at com.example.quiz_project.filter.LoginFilter.doFilterInternal(LoginFilter.java:26)
	at org.springframework.web.filter.OncePerRequestFilter.doFilter(OncePerRequestFilter.java:117)
	at org.apache.catalina.core.ApplicationFilterChain.internalDoFilter(ApplicationFilterChain.java:189)
	at org.apache.catalina.core.ApplicationFilterChain.doFilter(ApplicationFilterChain.java:162)
	at org.springframework.web.filter.RequestContextFilter.doFilterInternal(RequestContextFilter.java:100)
	at org.springframework.web.filter.OncePerRequestFilter.doFilter(OncePerRequestFilter.java:117)
	at org.apache.catalina.core.ApplicationFilterChain.internalDoFilter(ApplicationFilterChain.java:189)
	at org.apache.catalina.core.ApplicationFilterChain.doFilter(ApplicationFilterChain.java:162)
	at org.springframework.web.filter.FormContentFilter.doFilterInternal(FormContentFilter.java:93)
	at org.springframework.web.filter.OncePerRequestFilter.doFilter(OncePerRequestFilter.java:117)
	at org.apache.catalina.core.ApplicationFilterChain.internalDoFilter(ApplicationFilterChain.java:189)
	at org.apache.catalina.core.ApplicationFilterChain.doFilter(ApplicationFilterChain.java:162)
	at org.springframework.web.filter.CharacterEncodingFilter.doFilterInternal(CharacterEncodingFilter.java:201)
	at org.springframework.web.filter.OncePerRequestFilter.doFilter(OncePerRequestFilter.java:117)
	at org.apache.catalina.core.ApplicationFilterChain.internalDoFilter(ApplicationFilterChain.java:189)
	at org.apache.catalina.core.ApplicationFilterChain.doFilter(ApplicationFilterChain.java:162)
	at org.apache.catalina.core.StandardWrapperValve.invoke(StandardWrapperValve.java:197)
	at org.apache.catalina.core.StandardContextValve.invoke(StandardContextValve.java:97)
	at org.apache.catalina.authenticator.AuthenticatorBase.invoke(AuthenticatorBase.java:541)
	at org.apache.catalina.core.StandardHostValve.invoke(StandardHostValve.java:135)
	at org.apache.catalina.valves.ErrorReportValve.invoke(ErrorReportValve.java:92)
	at org.apache.catalina.core.StandardEngineValve.invoke(StandardEngineValve.java:78)
	at org.apache.catalina.connector.CoyoteAdapter.service(CoyoteAdapter.java:360)
	at org.apache.coyote.http11.Http11Processor.service(Http11Processor.java:399)
	at org.apache.coyote.AbstractProcessorLight.process(AbstractProcessorLight.java:65)
	at org.apache.coyote.AbstractProtocol$ConnectionHandler.process(AbstractProtocol.java:890)
	at org.apache.tomcat.util.net.NioEndpoint$SocketProcessor.doRun(NioEndpoint.java:1789)
	at org.apache.tomcat.util.net.SocketProcessorBase.run(SocketProcessorBase.java:49)
	at org.apache.tomcat.util.threads.ThreadPoolExecutor.runWorker(ThreadPoolExecutor.java:1191)
	at org.apache.tomcat.util.threads.ThreadPoolExecutor$Worker.run(ThreadPoolExecutor.java:659)
	at org.apache.tomcat.util.threads.TaskThread$WrappingRunnable.run(TaskThread.java:61)
	at java.lang.Thread.run(Thread.java:750)
2025-08-07 10:18:41,606 INFO  [main] com.example.quiz_project.QuizProjectApplication:logStarting:55 - Starting QuizProjectApplication using Java 1.8.0_452 on Haneko with PID 17536 (D:\Code_projects\target\classes started by 40108 in D:\Code_projects)
2025-08-07 10:18:41,608 INFO  [main] com.example.quiz_project.QuizProjectApplication:logStartupProfileInfo:634 - No active profile set, falling back to 1 default profile: "default"
2025-08-07 10:18:42,057 INFO  [main] org.springframework.data.repository.config.RepositoryConfigurationDelegate:registerRepositoriesIn:132 - Bootstrapping Spring Data JDBC repositories in DEFAULT mode.
2025-08-07 10:18:42,068 INFO  [main] org.springframework.data.repository.config.RepositoryConfigurationDelegate:registerRepositoriesIn:201 - Finished Spring Data repository scanning in 8 ms. Found 0 JDBC repository interfaces.
2025-08-07 10:18:42,706 INFO  [main] org.springframework.boot.web.embedded.tomcat.TomcatWebServer:initialize:108 - Tomcat initialized with port(s): 8080 (http)
2025-08-07 10:18:42,713 INFO  [main] org.apache.coyote.http11.Http11NioProtocol:log:173 - Initializing ProtocolHandler ["http-nio-8080"]
2025-08-07 10:18:42,714 INFO  [main] org.apache.catalina.core.StandardService:log:173 - Starting service [Tomcat]
2025-08-07 10:18:42,714 INFO  [main] org.apache.catalina.core.StandardEngine:log:173 - Starting Servlet engine: [Apache Tomcat/9.0.65]
2025-08-07 10:18:42,886 INFO  [main] org.apache.jasper.servlet.TldScanner:log:173 - At least one JAR was scanned for TLDs yet contained no TLDs. Enable debug logging for this logger for a complete list of JARs that were scanned but no TLDs were found in them. Skipping unneeded JARs during scanning can improve startup time and JSP compilation time.
2025-08-07 10:18:42,890 INFO  [main] org.apache.catalina.core.ContainerBase.[Tomcat].[localhost].[/]:log:173 - Initializing Spring embedded WebApplicationContext
2025-08-07 10:18:42,891 INFO  [main] org.springframework.boot.web.servlet.context.ServletWebServerApplicationContext:prepareWebApplicationContext:292 - Root WebApplicationContext: initialization completed in 1249 ms
2025-08-07 10:18:43,686 INFO  [main] org.apache.coyote.http11.Http11NioProtocol:log:173 - Starting ProtocolHandler ["http-nio-8080"]
2025-08-07 10:18:43,712 INFO  [main] org.springframework.boot.web.embedded.tomcat.TomcatWebServer:start:220 - Tomcat started on port(s): 8080 (http) with context path ''
2025-08-07 10:18:43,721 INFO  [main] com.example.quiz_project.QuizProjectApplication:logStarted:61 - Started QuizProjectApplication in 2.422 seconds (JVM running for 2.752)
2025-08-07 10:18:46,808 INFO  [http-nio-8080-exec-1] org.apache.catalina.core.ContainerBase.[Tomcat].[localhost].[/]:log:173 - Initializing Spring DispatcherServlet 'dispatcherServlet'
2025-08-07 10:18:46,808 INFO  [http-nio-8080-exec-1] org.springframework.web.servlet.DispatcherServlet:initServletBean:525 - Initializing Servlet 'dispatcherServlet'
2025-08-07 10:18:46,809 INFO  [http-nio-8080-exec-1] org.springframework.web.servlet.DispatcherServlet:initServletBean:547 - Completed initialization in 1 ms
2025-08-07 10:24:16,619 INFO  [main] com.example.quiz_project.QuizProjectApplication:logStarting:55 - Starting QuizProjectApplication using Java 1.8.0_452 on Haneko with PID 876 (D:\Code_projects\target\classes started by 40108 in D:\Code_projects)
2025-08-07 10:24:16,621 INFO  [main] com.example.quiz_project.QuizProjectApplication:logStartupProfileInfo:634 - No active profile set, falling back to 1 default profile: "default"
2025-08-07 10:24:17,093 INFO  [main] org.springframework.data.repository.config.RepositoryConfigurationDelegate:registerRepositoriesIn:132 - Bootstrapping Spring Data JDBC repositories in DEFAULT mode.
2025-08-07 10:24:17,105 INFO  [main] org.springframework.data.repository.config.RepositoryConfigurationDelegate:registerRepositoriesIn:201 - Finished Spring Data repository scanning in 8 ms. Found 0 JDBC repository interfaces.
2025-08-07 10:24:17,648 INFO  [main] org.springframework.boot.web.embedded.tomcat.TomcatWebServer:initialize:108 - Tomcat initialized with port(s): 8080 (http)
2025-08-07 10:24:17,656 INFO  [main] org.apache.coyote.http11.Http11NioProtocol:log:173 - Initializing ProtocolHandler ["http-nio-8080"]
2025-08-07 10:24:17,656 INFO  [main] org.apache.catalina.core.StandardService:log:173 - Starting service [Tomcat]
2025-08-07 10:24:17,656 INFO  [main] org.apache.catalina.core.StandardEngine:log:173 - Starting Servlet engine: [Apache Tomcat/9.0.65]
2025-08-07 10:24:17,844 INFO  [main] org.apache.jasper.servlet.TldScanner:log:173 - At least one JAR was scanned for TLDs yet contained no TLDs. Enable debug logging for this logger for a complete list of JARs that were scanned but no TLDs were found in them. Skipping unneeded JARs during scanning can improve startup time and JSP compilation time.
2025-08-07 10:24:17,850 INFO  [main] org.apache.catalina.core.ContainerBase.[Tomcat].[localhost].[/]:log:173 - Initializing Spring embedded WebApplicationContext
2025-08-07 10:24:17,850 INFO  [main] org.springframework.boot.web.servlet.context.ServletWebServerApplicationContext:prepareWebApplicationContext:292 - Root WebApplicationContext: initialization completed in 1194 ms
2025-08-07 10:24:18,558 INFO  [main] org.apache.coyote.http11.Http11NioProtocol:log:173 - Starting ProtocolHandler ["http-nio-8080"]
2025-08-07 10:24:18,578 INFO  [main] org.springframework.boot.web.embedded.tomcat.TomcatWebServer:start:220 - Tomcat started on port(s): 8080 (http) with context path ''
2025-08-07 10:24:18,585 INFO  [main] com.example.quiz_project.QuizProjectApplication:logStarted:61 - Started QuizProjectApplication in 2.273 seconds (JVM running for 2.586)
2025-08-07 10:24:19,423 INFO  [http-nio-8080-exec-1] org.apache.catalina.core.ContainerBase.[Tomcat].[localhost].[/]:log:173 - Initializing Spring DispatcherServlet 'dispatcherServlet'
2025-08-07 10:24:19,424 INFO  [http-nio-8080-exec-1] org.springframework.web.servlet.DispatcherServlet:initServletBean:525 - Initializing Servlet 'dispatcherServlet'
2025-08-07 10:24:19,425 INFO  [http-nio-8080-exec-1] org.springframework.web.servlet.DispatcherServlet:initServletBean:547 - Completed initialization in 1 ms
2025-08-07 10:30:02,707 INFO  [main] com.example.quiz_project.QuizProjectApplication:logStarting:55 - Starting QuizProjectApplication using Java 1.8.0_452 on Haneko with PID 16684 (D:\Code_projects\target\classes started by 40108 in D:\Code_projects)
2025-08-07 10:30:02,709 INFO  [main] com.example.quiz_project.QuizProjectApplication:logStartupProfileInfo:634 - No active profile set, falling back to 1 default profile: "default"
2025-08-07 10:30:03,145 INFO  [main] org.springframework.data.repository.config.RepositoryConfigurationDelegate:registerRepositoriesIn:132 - Bootstrapping Spring Data JDBC repositories in DEFAULT mode.
2025-08-07 10:30:03,156 INFO  [main] org.springframework.data.repository.config.RepositoryConfigurationDelegate:registerRepositoriesIn:201 - Finished Spring Data repository scanning in 7 ms. Found 0 JDBC repository interfaces.
2025-08-07 10:30:03,682 INFO  [main] org.springframework.boot.web.embedded.tomcat.TomcatWebServer:initialize:108 - Tomcat initialized with port(s): 8080 (http)
2025-08-07 10:30:03,689 INFO  [main] org.apache.coyote.http11.Http11NioProtocol:log:173 - Initializing ProtocolHandler ["http-nio-8080"]
2025-08-07 10:30:03,689 INFO  [main] org.apache.catalina.core.StandardService:log:173 - Starting service [Tomcat]
2025-08-07 10:30:03,689 INFO  [main] org.apache.catalina.core.StandardEngine:log:173 - Starting Servlet engine: [Apache Tomcat/9.0.65]
2025-08-07 10:30:03,860 INFO  [main] org.apache.jasper.servlet.TldScanner:log:173 - At least one JAR was scanned for TLDs yet contained no TLDs. Enable debug logging for this logger for a complete list of JARs that were scanned but no TLDs were found in them. Skipping unneeded JARs during scanning can improve startup time and JSP compilation time.
2025-08-07 10:30:03,865 INFO  [main] org.apache.catalina.core.ContainerBase.[Tomcat].[localhost].[/]:log:173 - Initializing Spring embedded WebApplicationContext
2025-08-07 10:30:03,866 INFO  [main] org.springframework.boot.web.servlet.context.ServletWebServerApplicationContext:prepareWebApplicationContext:292 - Root WebApplicationContext: initialization completed in 1122 ms
2025-08-07 10:30:04,635 INFO  [main] org.apache.coyote.http11.Http11NioProtocol:log:173 - Starting ProtocolHandler ["http-nio-8080"]
2025-08-07 10:30:04,655 INFO  [main] org.springframework.boot.web.embedded.tomcat.TomcatWebServer:start:220 - Tomcat started on port(s): 8080 (http) with context path ''
2025-08-07 10:30:04,665 INFO  [main] com.example.quiz_project.QuizProjectApplication:logStarted:61 - Started QuizProjectApplication in 2.277 seconds (JVM running for 2.585)
2025-08-07 10:30:11,487 INFO  [http-nio-8080-exec-1] org.apache.catalina.core.ContainerBase.[Tomcat].[localhost].[/]:log:173 - Initializing Spring DispatcherServlet 'dispatcherServlet'
2025-08-07 10:30:11,487 INFO  [http-nio-8080-exec-1] org.springframework.web.servlet.DispatcherServlet:initServletBean:525 - Initializing Servlet 'dispatcherServlet'
2025-08-07 10:30:11,488 INFO  [http-nio-8080-exec-1] org.springframework.web.servlet.DispatcherServlet:initServletBean:547 - Completed initialization in 0 ms
2025-08-07 10:30:51,601 INFO  [http-nio-8080-exec-8] com.example.quiz_project.controller.AdminQuizController:adminQuizIndex:71 - User Haneko logged in with role: Admin
2025-08-07 10:31:37,807 INFO  [main] com.example.quiz_project.QuizProjectApplication:logStarting:55 - Starting QuizProjectApplication using Java 1.8.0_452 on Haneko with PID 19048 (D:\Code_projects\target\classes started by 40108 in D:\Code_projects)
2025-08-07 10:31:37,811 INFO  [main] com.example.quiz_project.QuizProjectApplication:logStartupProfileInfo:634 - No active profile set, falling back to 1 default profile: "default"
2025-08-07 10:31:38,278 INFO  [main] org.springframework.data.repository.config.RepositoryConfigurationDelegate:registerRepositoriesIn:132 - Bootstrapping Spring Data JDBC repositories in DEFAULT mode.
2025-08-07 10:31:38,289 INFO  [main] org.springframework.data.repository.config.RepositoryConfigurationDelegate:registerRepositoriesIn:201 - Finished Spring Data repository scanning in 8 ms. Found 0 JDBC repository interfaces.
2025-08-07 10:31:38,845 INFO  [main] org.springframework.boot.web.embedded.tomcat.TomcatWebServer:initialize:108 - Tomcat initialized with port(s): 8080 (http)
2025-08-07 10:31:38,853 INFO  [main] org.apache.coyote.http11.Http11NioProtocol:log:173 - Initializing ProtocolHandler ["http-nio-8080"]
2025-08-07 10:31:38,853 INFO  [main] org.apache.catalina.core.StandardService:log:173 - Starting service [Tomcat]
2025-08-07 10:31:38,853 INFO  [main] org.apache.catalina.core.StandardEngine:log:173 - Starting Servlet engine: [Apache Tomcat/9.0.65]
2025-08-07 10:31:39,031 INFO  [main] org.apache.jasper.servlet.TldScanner:log:173 - At least one JAR was scanned for TLDs yet contained no TLDs. Enable debug logging for this logger for a complete list of JARs that were scanned but no TLDs were found in them. Skipping unneeded JARs during scanning can improve startup time and JSP compilation time.
2025-08-07 10:31:39,036 INFO  [main] org.apache.catalina.core.ContainerBase.[Tomcat].[localhost].[/]:log:173 - Initializing Spring embedded WebApplicationContext
2025-08-07 10:31:39,037 INFO  [main] org.springframework.boot.web.servlet.context.ServletWebServerApplicationContext:prepareWebApplicationContext:292 - Root WebApplicationContext: initialization completed in 1187 ms
2025-08-07 10:31:39,710 INFO  [main] org.apache.coyote.http11.Http11NioProtocol:log:173 - Starting ProtocolHandler ["http-nio-8080"]
2025-08-07 10:31:39,728 INFO  [main] org.springframework.boot.web.embedded.tomcat.TomcatWebServer:start:220 - Tomcat started on port(s): 8080 (http) with context path ''
2025-08-07 10:31:39,735 INFO  [main] com.example.quiz_project.QuizProjectApplication:logStarted:61 - Started QuizProjectApplication in 2.245 seconds (JVM running for 2.572)
2025-08-07 10:31:44,653 INFO  [http-nio-8080-exec-1] org.apache.catalina.core.ContainerBase.[Tomcat].[localhost].[/]:log:173 - Initializing Spring DispatcherServlet 'dispatcherServlet'
2025-08-07 10:31:44,653 INFO  [http-nio-8080-exec-1] org.springframework.web.servlet.DispatcherServlet:initServletBean:525 - Initializing Servlet 'dispatcherServlet'
2025-08-07 10:31:44,654 INFO  [http-nio-8080-exec-1] org.springframework.web.servlet.DispatcherServlet:initServletBean:547 - Completed initialization in 1 ms
2025-08-07 10:32:01,560 INFO  [http-nio-8080-exec-4] com.example.quiz_project.controller.AdminQuizController:adminQuizIndex:71 - User Haneko logged in with role: Admin
2025-08-07 10:39:40,628 INFO  [main] com.example.quiz_project.QuizProjectApplication:logStarting:55 - Starting QuizProjectApplication using Java 1.8.0_452 on Haneko with PID 15452 (D:\Code_projects\target\classes started by 40108 in D:\Code_projects)
2025-08-07 10:39:40,630 INFO  [main] com.example.quiz_project.QuizProjectApplication:logStartupProfileInfo:634 - No active profile set, falling back to 1 default profile: "default"
2025-08-07 10:39:41,068 INFO  [main] org.springframework.data.repository.config.RepositoryConfigurationDelegate:registerRepositoriesIn:132 - Bootstrapping Spring Data JDBC repositories in DEFAULT mode.
2025-08-07 10:39:41,079 INFO  [main] org.springframework.data.repository.config.RepositoryConfigurationDelegate:registerRepositoriesIn:201 - Finished Spring Data repository scanning in 7 ms. Found 0 JDBC repository interfaces.
2025-08-07 10:39:41,614 INFO  [main] org.springframework.boot.web.embedded.tomcat.TomcatWebServer:initialize:108 - Tomcat initialized with port(s): 8080 (http)
2025-08-07 10:39:41,624 INFO  [main] org.apache.coyote.http11.Http11NioProtocol:log:173 - Initializing ProtocolHandler ["http-nio-8080"]
2025-08-07 10:39:41,625 INFO  [main] org.apache.catalina.core.StandardService:log:173 - Starting service [Tomcat]
2025-08-07 10:39:41,625 INFO  [main] org.apache.catalina.core.StandardEngine:log:173 - Starting Servlet engine: [Apache Tomcat/9.0.65]
2025-08-07 10:39:41,867 INFO  [main] org.apache.jasper.servlet.TldScanner:log:173 - At least one JAR was scanned for TLDs yet contained no TLDs. Enable debug logging for this logger for a complete list of JARs that were scanned but no TLDs were found in them. Skipping unneeded JARs during scanning can improve startup time and JSP compilation time.
2025-08-07 10:39:41,873 INFO  [main] org.apache.catalina.core.ContainerBase.[Tomcat].[localhost].[/]:log:173 - Initializing Spring embedded WebApplicationContext
2025-08-07 10:39:41,873 INFO  [main] org.springframework.boot.web.servlet.context.ServletWebServerApplicationContext:prepareWebApplicationContext:292 - Root WebApplicationContext: initialization completed in 1209 ms
2025-08-07 10:39:42,598 INFO  [main] org.apache.coyote.http11.Http11NioProtocol:log:173 - Starting ProtocolHandler ["http-nio-8080"]
2025-08-07 10:39:42,625 INFO  [main] org.springframework.boot.web.embedded.tomcat.TomcatWebServer:start:220 - Tomcat started on port(s): 8080 (http) with context path ''
2025-08-07 10:39:42,635 INFO  [main] com.example.quiz_project.QuizProjectApplication:logStarted:61 - Started QuizProjectApplication in 2.321 seconds (JVM running for 2.653)
2025-08-07 10:39:43,725 INFO  [http-nio-8080-exec-1] org.apache.catalina.core.ContainerBase.[Tomcat].[localhost].[/]:log:173 - Initializing Spring DispatcherServlet 'dispatcherServlet'
2025-08-07 10:39:43,725 INFO  [http-nio-8080-exec-1] org.springframework.web.servlet.DispatcherServlet:initServletBean:525 - Initializing Servlet 'dispatcherServlet'
2025-08-07 10:39:43,726 INFO  [http-nio-8080-exec-1] org.springframework.web.servlet.DispatcherServlet:initServletBean:547 - Completed initialization in 1 ms
2025-08-07 10:40:50,409 INFO  [main] com.example.quiz_project.QuizProjectApplication:logStarting:55 - Starting QuizProjectApplication using Java 1.8.0_452 on Haneko with PID 20860 (D:\Code_projects\target\classes started by 40108 in D:\Code_projects)
2025-08-07 10:40:50,411 INFO  [main] com.example.quiz_project.QuizProjectApplication:logStartupProfileInfo:634 - No active profile set, falling back to 1 default profile: "default"
2025-08-07 10:40:50,871 INFO  [main] org.springframework.data.repository.config.RepositoryConfigurationDelegate:registerRepositoriesIn:132 - Bootstrapping Spring Data JDBC repositories in DEFAULT mode.
2025-08-07 10:40:50,882 INFO  [main] org.springframework.data.repository.config.RepositoryConfigurationDelegate:registerRepositoriesIn:201 - Finished Spring Data repository scanning in 7 ms. Found 0 JDBC repository interfaces.
2025-08-07 10:40:51,413 INFO  [main] org.springframework.boot.web.embedded.tomcat.TomcatWebServer:initialize:108 - Tomcat initialized with port(s): 8080 (http)
2025-08-07 10:40:51,421 INFO  [main] org.apache.coyote.http11.Http11NioProtocol:log:173 - Initializing ProtocolHandler ["http-nio-8080"]
2025-08-07 10:40:51,421 INFO  [main] org.apache.catalina.core.StandardService:log:173 - Starting service [Tomcat]
2025-08-07 10:40:51,421 INFO  [main] org.apache.catalina.core.StandardEngine:log:173 - Starting Servlet engine: [Apache Tomcat/9.0.65]
2025-08-07 10:40:51,593 INFO  [main] org.apache.jasper.servlet.TldScanner:log:173 - At least one JAR was scanned for TLDs yet contained no TLDs. Enable debug logging for this logger for a complete list of JARs that were scanned but no TLDs were found in them. Skipping unneeded JARs during scanning can improve startup time and JSP compilation time.
2025-08-07 10:40:51,598 INFO  [main] org.apache.catalina.core.ContainerBase.[Tomcat].[localhost].[/]:log:173 - Initializing Spring embedded WebApplicationContext
2025-08-07 10:40:51,598 INFO  [main] org.springframework.boot.web.servlet.context.ServletWebServerApplicationContext:prepareWebApplicationContext:292 - Root WebApplicationContext: initialization completed in 1145 ms
2025-08-07 10:40:52,302 INFO  [main] org.apache.coyote.http11.Http11NioProtocol:log:173 - Starting ProtocolHandler ["http-nio-8080"]
2025-08-07 10:40:52,321 INFO  [main] org.springframework.boot.web.embedded.tomcat.TomcatWebServer:start:220 - Tomcat started on port(s): 8080 (http) with context path ''
2025-08-07 10:40:52,328 INFO  [main] com.example.quiz_project.QuizProjectApplication:logStarted:61 - Started QuizProjectApplication in 2.265 seconds (JVM running for 2.815)
2025-08-07 10:40:52,697 INFO  [http-nio-8080-exec-1] org.apache.catalina.core.ContainerBase.[Tomcat].[localhost].[/]:log:173 - Initializing Spring DispatcherServlet 'dispatcherServlet'
2025-08-07 10:40:52,697 INFO  [http-nio-8080-exec-1] org.springframework.web.servlet.DispatcherServlet:initServletBean:525 - Initializing Servlet 'dispatcherServlet'
2025-08-07 10:40:52,698 INFO  [http-nio-8080-exec-1] org.springframework.web.servlet.DispatcherServlet:initServletBean:547 - Completed initialization in 1 ms
2025-08-07 10:41:33,961 ERROR [http-nio-8080-exec-10] org.apache.catalina.core.ContainerBase.[Tomcat].[localhost].[/].[dispatcherServlet]:log:175 - Servlet.service() for servlet [dispatcherServlet] in context with path [] threw exception [Request processing failed; nested exception is org.springframework.dao.DuplicateKeyException: PreparedStatementCallback; SQL [INSERT INTO feedback (message,rating,submit_date) VALUES(?,?,?)]; Duplicate entry '0' for key 'feedback.PRIMARY'; nested exception is java.sql.SQLIntegrityConstraintViolationException: Duplicate entry '0' for key 'feedback.PRIMARY'] with root cause
java.sql.SQLIntegrityConstraintViolationException: Duplicate entry '0' for key 'feedback.PRIMARY'
	at com.mysql.cj.jdbc.exceptions.SQLError.createSQLException(SQLError.java:117)
	at com.mysql.cj.jdbc.exceptions.SQLExceptionsMapping.translateException(SQLExceptionsMapping.java:122)
	at com.mysql.cj.jdbc.ClientPreparedStatement.executeInternal(ClientPreparedStatement.java:916)
	at com.mysql.cj.jdbc.ClientPreparedStatement.executeUpdateInternal(ClientPreparedStatement.java:1061)
	at com.mysql.cj.jdbc.ClientPreparedStatement.executeUpdateInternal(ClientPreparedStatement.java:1009)
	at com.mysql.cj.jdbc.ClientPreparedStatement.executeLargeUpdate(ClientPreparedStatement.java:1320)
	at com.mysql.cj.jdbc.ClientPreparedStatement.executeUpdate(ClientPreparedStatement.java:994)
	at org.springframework.jdbc.core.JdbcTemplate.lambda$update$2(JdbcTemplate.java:965)
	at org.springframework.jdbc.core.JdbcTemplate.execute(JdbcTemplate.java:651)
	at org.springframework.jdbc.core.JdbcTemplate.update(JdbcTemplate.java:960)
	at org.springframework.jdbc.core.JdbcTemplate.update(JdbcTemplate.java:1015)
	at org.springframework.jdbc.core.JdbcTemplate.update(JdbcTemplate.java:1025)
	at com.example.quiz_project.dao.FeedbackDao.addFeedback(FeedbackDao.java:30)
	at com.example.quiz_project.dao.FeedbackDao$$FastClassBySpringCGLIB$$84216e3.invoke(<generated>)
	at org.springframework.cglib.proxy.MethodProxy.invoke(MethodProxy.java:218)
	at org.springframework.aop.framework.CglibAopProxy$CglibMethodInvocation.invokeJoinpoint(CglibAopProxy.java:793)
	at org.springframework.aop.framework.ReflectiveMethodInvocation.proceed(ReflectiveMethodInvocation.java:163)
	at org.springframework.aop.framework.CglibAopProxy$CglibMethodInvocation.proceed(CglibAopProxy.java:763)
	at org.springframework.dao.support.PersistenceExceptionTranslationInterceptor.invoke(PersistenceExceptionTranslationInterceptor.java:137)
	at org.springframework.aop.framework.ReflectiveMethodInvocation.proceed(ReflectiveMethodInvocation.java:186)
	at org.springframework.aop.framework.CglibAopProxy$CglibMethodInvocation.proceed(CglibAopProxy.java:763)
	at org.springframework.aop.framework.CglibAopProxy$DynamicAdvisedInterceptor.intercept(CglibAopProxy.java:708)
	at com.example.quiz_project.dao.FeedbackDao$$EnhancerBySpringCGLIB$$9b58cc38.addFeedback(<generated>)
	at com.example.quiz_project.controller.FeedbackController.feedback(FeedbackController.java:31)
	at sun.reflect.NativeMethodAccessorImpl.invoke0(Native Method)
	at sun.reflect.NativeMethodAccessorImpl.invoke(NativeMethodAccessorImpl.java:62)
	at sun.reflect.DelegatingMethodAccessorImpl.invoke(DelegatingMethodAccessorImpl.java:43)
	at java.lang.reflect.Method.invoke(Method.java:498)
	at org.springframework.web.method.support.InvocableHandlerMethod.doInvoke(InvocableHandlerMethod.java:205)
	at org.springframework.web.method.support.InvocableHandlerMethod.invokeForRequest(InvocableHandlerMethod.java:150)
	at org.springframework.web.servlet.mvc.method.annotation.ServletInvocableHandlerMethod.invokeAndHandle(ServletInvocableHandlerMethod.java:117)
	at org.springframework.web.servlet.mvc.method.annotation.RequestMappingHandlerAdapter.invokeHandlerMethod(RequestMappingHandlerAdapter.java:895)
	at org.springframework.web.servlet.mvc.method.annotation.RequestMappingHandlerAdapter.handleInternal(RequestMappingHandlerAdapter.java:808)
	at org.springframework.web.servlet.mvc.method.AbstractHandlerMethodAdapter.handle(AbstractHandlerMethodAdapter.java:87)
	at org.springframework.web.servlet.DispatcherServlet.doDispatch(DispatcherServlet.java:1070)
	at org.springframework.web.servlet.DispatcherServlet.doService(DispatcherServlet.java:963)
	at org.springframework.web.servlet.FrameworkServlet.processRequest(FrameworkServlet.java:1006)
	at org.springframework.web.servlet.FrameworkServlet.doPost(FrameworkServlet.java:909)
	at javax.servlet.http.HttpServlet.service(HttpServlet.java:681)
	at org.springframework.web.servlet.FrameworkServlet.service(FrameworkServlet.java:883)
	at javax.servlet.http.HttpServlet.service(HttpServlet.java:764)
	at org.apache.catalina.core.ApplicationFilterChain.internalDoFilter(ApplicationFilterChain.java:227)
	at org.apache.catalina.core.ApplicationFilterChain.doFilter(ApplicationFilterChain.java:162)
	at org.apache.tomcat.websocket.server.WsFilter.doFilter(WsFilter.java:53)
	at org.apache.catalina.core.ApplicationFilterChain.internalDoFilter(ApplicationFilterChain.java:189)
	at org.apache.catalina.core.ApplicationFilterChain.doFilter(ApplicationFilterChain.java:162)
	at com.example.quiz_project.filter.LoginFilter.doFilterInternal(LoginFilter.java:26)
	at org.springframework.web.filter.OncePerRequestFilter.doFilter(OncePerRequestFilter.java:117)
	at org.apache.catalina.core.ApplicationFilterChain.internalDoFilter(ApplicationFilterChain.java:189)
	at org.apache.catalina.core.ApplicationFilterChain.doFilter(ApplicationFilterChain.java:162)
	at org.springframework.web.filter.RequestContextFilter.doFilterInternal(RequestContextFilter.java:100)
	at org.springframework.web.filter.OncePerRequestFilter.doFilter(OncePerRequestFilter.java:117)
	at org.apache.catalina.core.ApplicationFilterChain.internalDoFilter(ApplicationFilterChain.java:189)
	at org.apache.catalina.core.ApplicationFilterChain.doFilter(ApplicationFilterChain.java:162)
	at org.springframework.web.filter.FormContentFilter.doFilterInternal(FormContentFilter.java:93)
	at org.springframework.web.filter.OncePerRequestFilter.doFilter(OncePerRequestFilter.java:117)
	at org.apache.catalina.core.ApplicationFilterChain.internalDoFilter(ApplicationFilterChain.java:189)
	at org.apache.catalina.core.ApplicationFilterChain.doFilter(ApplicationFilterChain.java:162)
	at org.springframework.web.filter.CharacterEncodingFilter.doFilterInternal(CharacterEncodingFilter.java:201)
	at org.springframework.web.filter.OncePerRequestFilter.doFilter(OncePerRequestFilter.java:117)
	at org.apache.catalina.core.ApplicationFilterChain.internalDoFilter(ApplicationFilterChain.java:189)
	at org.apache.catalina.core.ApplicationFilterChain.doFilter(ApplicationFilterChain.java:162)
	at org.apache.catalina.core.StandardWrapperValve.invoke(StandardWrapperValve.java:197)
	at org.apache.catalina.core.StandardContextValve.invoke(StandardContextValve.java:97)
	at org.apache.catalina.authenticator.AuthenticatorBase.invoke(AuthenticatorBase.java:541)
	at org.apache.catalina.core.StandardHostValve.invoke(StandardHostValve.java:135)
	at org.apache.catalina.valves.ErrorReportValve.invoke(ErrorReportValve.java:92)
	at org.apache.catalina.core.StandardEngineValve.invoke(StandardEngineValve.java:78)
	at org.apache.catalina.connector.CoyoteAdapter.service(CoyoteAdapter.java:360)
	at org.apache.coyote.http11.Http11Processor.service(Http11Processor.java:399)
	at org.apache.coyote.AbstractProcessorLight.process(AbstractProcessorLight.java:65)
	at org.apache.coyote.AbstractProtocol$ConnectionHandler.process(AbstractProtocol.java:890)
	at org.apache.tomcat.util.net.NioEndpoint$SocketProcessor.doRun(NioEndpoint.java:1789)
	at org.apache.tomcat.util.net.SocketProcessorBase.run(SocketProcessorBase.java:49)
	at org.apache.tomcat.util.threads.ThreadPoolExecutor.runWorker(ThreadPoolExecutor.java:1191)
	at org.apache.tomcat.util.threads.ThreadPoolExecutor$Worker.run(ThreadPoolExecutor.java:659)
	at org.apache.tomcat.util.threads.TaskThread$WrappingRunnable.run(TaskThread.java:61)
	at java.lang.Thread.run(Thread.java:750)
2025-08-07 10:42:27,791 INFO  [main] com.example.quiz_project.QuizProjectApplication:logStarting:55 - Starting QuizProjectApplication using Java 1.8.0_452 on Haneko with PID 13424 (D:\Code_projects\target\classes started by 40108 in D:\Code_projects)
2025-08-07 10:42:27,794 INFO  [main] com.example.quiz_project.QuizProjectApplication:logStartupProfileInfo:634 - No active profile set, falling back to 1 default profile: "default"
2025-08-07 10:42:28,244 INFO  [main] org.springframework.data.repository.config.RepositoryConfigurationDelegate:registerRepositoriesIn:132 - Bootstrapping Spring Data JDBC repositories in DEFAULT mode.
2025-08-07 10:42:28,255 INFO  [main] org.springframework.data.repository.config.RepositoryConfigurationDelegate:registerRepositoriesIn:201 - Finished Spring Data repository scanning in 7 ms. Found 0 JDBC repository interfaces.
2025-08-07 10:42:28,785 INFO  [main] org.springframework.boot.web.embedded.tomcat.TomcatWebServer:initialize:108 - Tomcat initialized with port(s): 8080 (http)
2025-08-07 10:42:28,792 INFO  [main] org.apache.coyote.http11.Http11NioProtocol:log:173 - Initializing ProtocolHandler ["http-nio-8080"]
2025-08-07 10:42:28,793 INFO  [main] org.apache.catalina.core.StandardService:log:173 - Starting service [Tomcat]
2025-08-07 10:42:28,793 INFO  [main] org.apache.catalina.core.StandardEngine:log:173 - Starting Servlet engine: [Apache Tomcat/9.0.65]
2025-08-07 10:42:28,965 INFO  [main] org.apache.jasper.servlet.TldScanner:log:173 - At least one JAR was scanned for TLDs yet contained no TLDs. Enable debug logging for this logger for a complete list of JARs that were scanned but no TLDs were found in them. Skipping unneeded JARs during scanning can improve startup time and JSP compilation time.
2025-08-07 10:42:28,969 INFO  [main] org.apache.catalina.core.ContainerBase.[Tomcat].[localhost].[/]:log:173 - Initializing Spring embedded WebApplicationContext
2025-08-07 10:42:28,970 INFO  [main] org.springframework.boot.web.servlet.context.ServletWebServerApplicationContext:prepareWebApplicationContext:292 - Root WebApplicationContext: initialization completed in 1138 ms
2025-08-07 10:42:29,714 INFO  [main] org.apache.coyote.http11.Http11NioProtocol:log:173 - Starting ProtocolHandler ["http-nio-8080"]
2025-08-07 10:42:29,734 INFO  [main] org.springframework.boot.web.embedded.tomcat.TomcatWebServer:start:220 - Tomcat started on port(s): 8080 (http) with context path ''
2025-08-07 10:42:29,741 INFO  [main] com.example.quiz_project.QuizProjectApplication:logStarted:61 - Started QuizProjectApplication in 2.281 seconds (JVM running for 2.815)
2025-08-07 10:42:35,873 INFO  [http-nio-8080-exec-1] org.apache.catalina.core.ContainerBase.[Tomcat].[localhost].[/]:log:173 - Initializing Spring DispatcherServlet 'dispatcherServlet'
2025-08-07 10:42:35,873 INFO  [http-nio-8080-exec-1] org.springframework.web.servlet.DispatcherServlet:initServletBean:525 - Initializing Servlet 'dispatcherServlet'
2025-08-07 10:42:35,874 INFO  [http-nio-8080-exec-1] org.springframework.web.servlet.DispatcherServlet:initServletBean:547 - Completed initialization in 1 ms
2025-08-07 10:42:50,357 ERROR [http-nio-8080-exec-7] org.apache.catalina.core.ContainerBase.[Tomcat].[localhost].[/].[dispatcherServlet]:log:175 - Servlet.service() for servlet [dispatcherServlet] in context with path [] threw exception [Request processing failed; nested exception is org.springframework.dao.DuplicateKeyException: PreparedStatementCallback; SQL [INSERT INTO feedback (message,rating,submit_date) VALUES(?,?,?)]; Duplicate entry '0' for key 'feedback.PRIMARY'; nested exception is java.sql.SQLIntegrityConstraintViolationException: Duplicate entry '0' for key 'feedback.PRIMARY'] with root cause
java.sql.SQLIntegrityConstraintViolationException: Duplicate entry '0' for key 'feedback.PRIMARY'
	at com.mysql.cj.jdbc.exceptions.SQLError.createSQLException(SQLError.java:117)
	at com.mysql.cj.jdbc.exceptions.SQLExceptionsMapping.translateException(SQLExceptionsMapping.java:122)
	at com.mysql.cj.jdbc.ClientPreparedStatement.executeInternal(ClientPreparedStatement.java:916)
	at com.mysql.cj.jdbc.ClientPreparedStatement.executeUpdateInternal(ClientPreparedStatement.java:1061)
	at com.mysql.cj.jdbc.ClientPreparedStatement.executeUpdateInternal(ClientPreparedStatement.java:1009)
	at com.mysql.cj.jdbc.ClientPreparedStatement.executeLargeUpdate(ClientPreparedStatement.java:1320)
	at com.mysql.cj.jdbc.ClientPreparedStatement.executeUpdate(ClientPreparedStatement.java:994)
	at org.springframework.jdbc.core.JdbcTemplate.lambda$update$2(JdbcTemplate.java:965)
	at org.springframework.jdbc.core.JdbcTemplate.execute(JdbcTemplate.java:651)
	at org.springframework.jdbc.core.JdbcTemplate.update(JdbcTemplate.java:960)
	at org.springframework.jdbc.core.JdbcTemplate.update(JdbcTemplate.java:1015)
	at org.springframework.jdbc.core.JdbcTemplate.update(JdbcTemplate.java:1025)
	at com.example.quiz_project.dao.FeedbackDao.addFeedback(FeedbackDao.java:30)
	at com.example.quiz_project.dao.FeedbackDao$$FastClassBySpringCGLIB$$84216e3.invoke(<generated>)
	at org.springframework.cglib.proxy.MethodProxy.invoke(MethodProxy.java:218)
	at org.springframework.aop.framework.CglibAopProxy$CglibMethodInvocation.invokeJoinpoint(CglibAopProxy.java:793)
	at org.springframework.aop.framework.ReflectiveMethodInvocation.proceed(ReflectiveMethodInvocation.java:163)
	at org.springframework.aop.framework.CglibAopProxy$CglibMethodInvocation.proceed(CglibAopProxy.java:763)
	at org.springframework.dao.support.PersistenceExceptionTranslationInterceptor.invoke(PersistenceExceptionTranslationInterceptor.java:137)
	at org.springframework.aop.framework.ReflectiveMethodInvocation.proceed(ReflectiveMethodInvocation.java:186)
	at org.springframework.aop.framework.CglibAopProxy$CglibMethodInvocation.proceed(CglibAopProxy.java:763)
	at org.springframework.aop.framework.CglibAopProxy$DynamicAdvisedInterceptor.intercept(CglibAopProxy.java:708)
	at com.example.quiz_project.dao.FeedbackDao$$EnhancerBySpringCGLIB$$65472c1.addFeedback(<generated>)
	at com.example.quiz_project.controller.FeedbackController.feedback(FeedbackController.java:31)
	at sun.reflect.NativeMethodAccessorImpl.invoke0(Native Method)
	at sun.reflect.NativeMethodAccessorImpl.invoke(NativeMethodAccessorImpl.java:62)
	at sun.reflect.DelegatingMethodAccessorImpl.invoke(DelegatingMethodAccessorImpl.java:43)
	at java.lang.reflect.Method.invoke(Method.java:498)
	at org.springframework.web.method.support.InvocableHandlerMethod.doInvoke(InvocableHandlerMethod.java:205)
	at org.springframework.web.method.support.InvocableHandlerMethod.invokeForRequest(InvocableHandlerMethod.java:150)
	at org.springframework.web.servlet.mvc.method.annotation.ServletInvocableHandlerMethod.invokeAndHandle(ServletInvocableHandlerMethod.java:117)
	at org.springframework.web.servlet.mvc.method.annotation.RequestMappingHandlerAdapter.invokeHandlerMethod(RequestMappingHandlerAdapter.java:895)
	at org.springframework.web.servlet.mvc.method.annotation.RequestMappingHandlerAdapter.handleInternal(RequestMappingHandlerAdapter.java:808)
	at org.springframework.web.servlet.mvc.method.AbstractHandlerMethodAdapter.handle(AbstractHandlerMethodAdapter.java:87)
	at org.springframework.web.servlet.DispatcherServlet.doDispatch(DispatcherServlet.java:1070)
	at org.springframework.web.servlet.DispatcherServlet.doService(DispatcherServlet.java:963)
	at org.springframework.web.servlet.FrameworkServlet.processRequest(FrameworkServlet.java:1006)
	at org.springframework.web.servlet.FrameworkServlet.doPost(FrameworkServlet.java:909)
	at javax.servlet.http.HttpServlet.service(HttpServlet.java:681)
	at org.springframework.web.servlet.FrameworkServlet.service(FrameworkServlet.java:883)
	at javax.servlet.http.HttpServlet.service(HttpServlet.java:764)
	at org.apache.catalina.core.ApplicationFilterChain.internalDoFilter(ApplicationFilterChain.java:227)
	at org.apache.catalina.core.ApplicationFilterChain.doFilter(ApplicationFilterChain.java:162)
	at org.apache.tomcat.websocket.server.WsFilter.doFilter(WsFilter.java:53)
	at org.apache.catalina.core.ApplicationFilterChain.internalDoFilter(ApplicationFilterChain.java:189)
	at org.apache.catalina.core.ApplicationFilterChain.doFilter(ApplicationFilterChain.java:162)
	at com.example.quiz_project.filter.LoginFilter.doFilterInternal(LoginFilter.java:26)
	at org.springframework.web.filter.OncePerRequestFilter.doFilter(OncePerRequestFilter.java:117)
	at org.apache.catalina.core.ApplicationFilterChain.internalDoFilter(ApplicationFilterChain.java:189)
	at org.apache.catalina.core.ApplicationFilterChain.doFilter(ApplicationFilterChain.java:162)
	at org.springframework.web.filter.RequestContextFilter.doFilterInternal(RequestContextFilter.java:100)
	at org.springframework.web.filter.OncePerRequestFilter.doFilter(OncePerRequestFilter.java:117)
	at org.apache.catalina.core.ApplicationFilterChain.internalDoFilter(ApplicationFilterChain.java:189)
	at org.apache.catalina.core.ApplicationFilterChain.doFilter(ApplicationFilterChain.java:162)
	at org.springframework.web.filter.FormContentFilter.doFilterInternal(FormContentFilter.java:93)
	at org.springframework.web.filter.OncePerRequestFilter.doFilter(OncePerRequestFilter.java:117)
	at org.apache.catalina.core.ApplicationFilterChain.internalDoFilter(ApplicationFilterChain.java:189)
	at org.apache.catalina.core.ApplicationFilterChain.doFilter(ApplicationFilterChain.java:162)
	at org.springframework.web.filter.CharacterEncodingFilter.doFilterInternal(CharacterEncodingFilter.java:201)
	at org.springframework.web.filter.OncePerRequestFilter.doFilter(OncePerRequestFilter.java:117)
	at org.apache.catalina.core.ApplicationFilterChain.internalDoFilter(ApplicationFilterChain.java:189)
	at org.apache.catalina.core.ApplicationFilterChain.doFilter(ApplicationFilterChain.java:162)
	at org.apache.catalina.core.StandardWrapperValve.invoke(StandardWrapperValve.java:197)
	at org.apache.catalina.core.StandardContextValve.invoke(StandardContextValve.java:97)
	at org.apache.catalina.authenticator.AuthenticatorBase.invoke(AuthenticatorBase.java:541)
	at org.apache.catalina.core.StandardHostValve.invoke(StandardHostValve.java:135)
	at org.apache.catalina.valves.ErrorReportValve.invoke(ErrorReportValve.java:92)
	at org.apache.catalina.core.StandardEngineValve.invoke(StandardEngineValve.java:78)
	at org.apache.catalina.connector.CoyoteAdapter.service(CoyoteAdapter.java:360)
	at org.apache.coyote.http11.Http11Processor.service(Http11Processor.java:399)
	at org.apache.coyote.AbstractProcessorLight.process(AbstractProcessorLight.java:65)
	at org.apache.coyote.AbstractProtocol$ConnectionHandler.process(AbstractProtocol.java:890)
	at org.apache.tomcat.util.net.NioEndpoint$SocketProcessor.doRun(NioEndpoint.java:1789)
	at org.apache.tomcat.util.net.SocketProcessorBase.run(SocketProcessorBase.java:49)
	at org.apache.tomcat.util.threads.ThreadPoolExecutor.runWorker(ThreadPoolExecutor.java:1191)
	at org.apache.tomcat.util.threads.ThreadPoolExecutor$Worker.run(ThreadPoolExecutor.java:659)
	at org.apache.tomcat.util.threads.TaskThread$WrappingRunnable.run(TaskThread.java:61)
	at java.lang.Thread.run(Thread.java:750)
2025-08-07 10:44:21,674 INFO  [main] com.example.quiz_project.QuizProjectApplication:logStarting:55 - Starting QuizProjectApplication using Java 1.8.0_452 on Haneko with PID 12060 (D:\Code_projects\target\classes started by 40108 in D:\Code_projects)
2025-08-07 10:44:21,676 INFO  [main] com.example.quiz_project.QuizProjectApplication:logStartupProfileInfo:634 - No active profile set, falling back to 1 default profile: "default"
2025-08-07 10:44:22,143 INFO  [main] org.springframework.data.repository.config.RepositoryConfigurationDelegate:registerRepositoriesIn:132 - Bootstrapping Spring Data JDBC repositories in DEFAULT mode.
2025-08-07 10:44:22,155 INFO  [main] org.springframework.data.repository.config.RepositoryConfigurationDelegate:registerRepositoriesIn:201 - Finished Spring Data repository scanning in 8 ms. Found 0 JDBC repository interfaces.
2025-08-07 10:44:22,721 INFO  [main] org.springframework.boot.web.embedded.tomcat.TomcatWebServer:initialize:108 - Tomcat initialized with port(s): 8080 (http)
2025-08-07 10:44:22,729 INFO  [main] org.apache.coyote.http11.Http11NioProtocol:log:173 - Initializing ProtocolHandler ["http-nio-8080"]
2025-08-07 10:44:22,730 INFO  [main] org.apache.catalina.core.StandardService:log:173 - Starting service [Tomcat]
2025-08-07 10:44:22,730 INFO  [main] org.apache.catalina.core.StandardEngine:log:173 - Starting Servlet engine: [Apache Tomcat/9.0.65]
2025-08-07 10:44:22,910 INFO  [main] org.apache.jasper.servlet.TldScanner:log:173 - At least one JAR was scanned for TLDs yet contained no TLDs. Enable debug logging for this logger for a complete list of JARs that were scanned but no TLDs were found in them. Skipping unneeded JARs during scanning can improve startup time and JSP compilation time.
2025-08-07 10:44:22,915 INFO  [main] org.apache.catalina.core.ContainerBase.[Tomcat].[localhost].[/]:log:173 - Initializing Spring embedded WebApplicationContext
2025-08-07 10:44:22,915 INFO  [main] org.springframework.boot.web.servlet.context.ServletWebServerApplicationContext:prepareWebApplicationContext:292 - Root WebApplicationContext: initialization completed in 1203 ms
2025-08-07 10:44:23,611 INFO  [main] org.apache.coyote.http11.Http11NioProtocol:log:173 - Starting ProtocolHandler ["http-nio-8080"]
2025-08-07 10:44:23,633 INFO  [main] org.springframework.boot.web.embedded.tomcat.TomcatWebServer:start:220 - Tomcat started on port(s): 8080 (http) with context path ''
2025-08-07 10:44:23,640 INFO  [main] com.example.quiz_project.QuizProjectApplication:logStarted:61 - Started QuizProjectApplication in 2.28 seconds (JVM running for 2.63)
2025-08-07 10:44:25,541 INFO  [http-nio-8080-exec-1] org.apache.catalina.core.ContainerBase.[Tomcat].[localhost].[/]:log:173 - Initializing Spring DispatcherServlet 'dispatcherServlet'
2025-08-07 10:44:25,541 INFO  [http-nio-8080-exec-1] org.springframework.web.servlet.DispatcherServlet:initServletBean:525 - Initializing Servlet 'dispatcherServlet'
2025-08-07 10:44:25,542 INFO  [http-nio-8080-exec-1] org.springframework.web.servlet.DispatcherServlet:initServletBean:547 - Completed initialization in 1 ms
2025-08-07 10:45:08,541 INFO  [main] com.example.quiz_project.QuizProjectApplication:logStarting:55 - Starting QuizProjectApplication using Java 1.8.0_452 on Haneko with PID 4004 (D:\Code_projects\target\classes started by 40108 in D:\Code_projects)
2025-08-07 10:45:08,545 INFO  [main] com.example.quiz_project.QuizProjectApplication:logStartupProfileInfo:634 - No active profile set, falling back to 1 default profile: "default"
2025-08-07 10:45:09,021 INFO  [main] org.springframework.data.repository.config.RepositoryConfigurationDelegate:registerRepositoriesIn:132 - Bootstrapping Spring Data JDBC repositories in DEFAULT mode.
2025-08-07 10:45:09,033 INFO  [main] org.springframework.data.repository.config.RepositoryConfigurationDelegate:registerRepositoriesIn:201 - Finished Spring Data repository scanning in 9 ms. Found 0 JDBC repository interfaces.
2025-08-07 10:45:09,584 INFO  [main] org.springframework.boot.web.embedded.tomcat.TomcatWebServer:initialize:108 - Tomcat initialized with port(s): 8080 (http)
2025-08-07 10:45:09,591 INFO  [main] org.apache.coyote.http11.Http11NioProtocol:log:173 - Initializing ProtocolHandler ["http-nio-8080"]
2025-08-07 10:45:09,592 INFO  [main] org.apache.catalina.core.StandardService:log:173 - Starting service [Tomcat]
2025-08-07 10:45:09,592 INFO  [main] org.apache.catalina.core.StandardEngine:log:173 - Starting Servlet engine: [Apache Tomcat/9.0.65]
2025-08-07 10:45:09,768 INFO  [main] org.apache.jasper.servlet.TldScanner:log:173 - At least one JAR was scanned for TLDs yet contained no TLDs. Enable debug logging for this logger for a complete list of JARs that were scanned but no TLDs were found in them. Skipping unneeded JARs during scanning can improve startup time and JSP compilation time.
2025-08-07 10:45:09,773 INFO  [main] org.apache.catalina.core.ContainerBase.[Tomcat].[localhost].[/]:log:173 - Initializing Spring embedded WebApplicationContext
2025-08-07 10:45:09,773 INFO  [main] org.springframework.boot.web.servlet.context.ServletWebServerApplicationContext:prepareWebApplicationContext:292 - Root WebApplicationContext: initialization completed in 1186 ms
2025-08-07 10:45:10,462 INFO  [main] org.apache.coyote.http11.Http11NioProtocol:log:173 - Starting ProtocolHandler ["http-nio-8080"]
2025-08-07 10:45:10,482 INFO  [main] org.springframework.boot.web.embedded.tomcat.TomcatWebServer:start:220 - Tomcat started on port(s): 8080 (http) with context path ''
2025-08-07 10:45:10,489 INFO  [main] com.example.quiz_project.QuizProjectApplication:logStarted:61 - Started QuizProjectApplication in 2.287 seconds (JVM running for 2.614)
2025-08-07 10:45:21,077 INFO  [http-nio-8080-exec-1] org.apache.catalina.core.ContainerBase.[Tomcat].[localhost].[/]:log:173 - Initializing Spring DispatcherServlet 'dispatcherServlet'
2025-08-07 10:45:21,077 INFO  [http-nio-8080-exec-1] org.springframework.web.servlet.DispatcherServlet:initServletBean:525 - Initializing Servlet 'dispatcherServlet'
2025-08-07 10:45:21,078 INFO  [http-nio-8080-exec-1] org.springframework.web.servlet.DispatcherServlet:initServletBean:547 - Completed initialization in 1 ms
2025-08-07 15:00:43,646 INFO  [main] com.example.quiz_project.QuizProjectApplication:logStarting:55 - Starting QuizProjectApplication using Java 1.8.0_452 on Haneko with PID 2784 (D:\Code_projects\target\classes started by 40108 in D:\Code_projects)
2025-08-07 15:00:43,648 INFO  [main] com.example.quiz_project.QuizProjectApplication:logStartupProfileInfo:634 - No active profile set, falling back to 1 default profile: "default"
2025-08-07 15:00:44,086 INFO  [main] org.springframework.data.repository.config.RepositoryConfigurationDelegate:registerRepositoriesIn:132 - Bootstrapping Spring Data JDBC repositories in DEFAULT mode.
2025-08-07 15:00:44,097 INFO  [main] org.springframework.data.repository.config.RepositoryConfigurationDelegate:registerRepositoriesIn:201 - Finished Spring Data repository scanning in 8 ms. Found 0 JDBC repository interfaces.
2025-08-07 15:00:44,700 INFO  [main] org.springframework.boot.web.embedded.tomcat.TomcatWebServer:initialize:108 - Tomcat initialized with port(s): 8080 (http)
2025-08-07 15:00:44,710 INFO  [main] org.apache.coyote.http11.Http11NioProtocol:log:173 - Initializing ProtocolHandler ["http-nio-8080"]
2025-08-07 15:00:44,710 INFO  [main] org.apache.catalina.core.StandardService:log:173 - Starting service [Tomcat]
2025-08-07 15:00:44,711 INFO  [main] org.apache.catalina.core.StandardEngine:log:173 - Starting Servlet engine: [Apache Tomcat/9.0.65]
2025-08-07 15:00:44,895 INFO  [main] org.apache.jasper.servlet.TldScanner:log:173 - At least one JAR was scanned for TLDs yet contained no TLDs. Enable debug logging for this logger for a complete list of JARs that were scanned but no TLDs were found in them. Skipping unneeded JARs during scanning can improve startup time and JSP compilation time.
2025-08-07 15:00:44,900 INFO  [main] org.apache.catalina.core.ContainerBase.[Tomcat].[localhost].[/]:log:173 - Initializing Spring embedded WebApplicationContext
2025-08-07 15:00:44,901 INFO  [main] org.springframework.boot.web.servlet.context.ServletWebServerApplicationContext:prepareWebApplicationContext:292 - Root WebApplicationContext: initialization completed in 1208 ms
2025-08-07 15:00:45,689 INFO  [main] org.apache.coyote.http11.Http11NioProtocol:log:173 - Starting ProtocolHandler ["http-nio-8080"]
2025-08-07 15:00:45,716 INFO  [main] org.springframework.boot.web.embedded.tomcat.TomcatWebServer:start:220 - Tomcat started on port(s): 8080 (http) with context path ''
2025-08-07 15:00:45,725 INFO  [main] com.example.quiz_project.QuizProjectApplication:logStarted:61 - Started QuizProjectApplication in 2.459 seconds (JVM running for 2.855)
2025-08-07 15:00:48,770 INFO  [http-nio-8080-exec-1] org.apache.catalina.core.ContainerBase.[Tomcat].[localhost].[/]:log:173 - Initializing Spring DispatcherServlet 'dispatcherServlet'
2025-08-07 15:00:48,770 INFO  [http-nio-8080-exec-1] org.springframework.web.servlet.DispatcherServlet:initServletBean:525 - Initializing Servlet 'dispatcherServlet'
2025-08-07 15:00:48,771 INFO  [http-nio-8080-exec-1] org.springframework.web.servlet.DispatcherServlet:initServletBean:547 - Completed initialization in 1 ms
2025-08-07 15:02:15,474 INFO  [http-nio-8080-exec-2] com.example.quiz_project.controller.AdminQuizController:adminQuizIndex:71 - User Haneko logged in with role: Admin
2025-08-07 16:36:52,272 INFO  [main] com.example.quiz_project.QuizProjectApplication:logStarting:55 - Starting QuizProjectApplication using Java 1.8.0_452 on Haneko with PID 17964 (D:\Code_projects\target\classes started by 40108 in D:\Code_projects)
2025-08-07 16:36:52,274 INFO  [main] com.example.quiz_project.QuizProjectApplication:logStartupProfileInfo:634 - No active profile set, falling back to 1 default profile: "default"
2025-08-07 16:36:52,819 INFO  [main] org.springframework.data.repository.config.RepositoryConfigurationDelegate:registerRepositoriesIn:132 - Bootstrapping Spring Data JDBC repositories in DEFAULT mode.
2025-08-07 16:36:52,834 INFO  [main] org.springframework.data.repository.config.RepositoryConfigurationDelegate:registerRepositoriesIn:201 - Finished Spring Data repository scanning in 10 ms. Found 0 JDBC repository interfaces.
2025-08-07 16:36:53,493 INFO  [main] org.springframework.boot.web.embedded.tomcat.TomcatWebServer:initialize:108 - Tomcat initialized with port(s): 8080 (http)
2025-08-07 16:36:53,502 INFO  [main] org.apache.coyote.http11.Http11NioProtocol:log:173 - Initializing ProtocolHandler ["http-nio-8080"]
2025-08-07 16:36:53,503 INFO  [main] org.apache.catalina.core.StandardService:log:173 - Starting service [Tomcat]
2025-08-07 16:36:53,503 INFO  [main] org.apache.catalina.core.StandardEngine:log:173 - Starting Servlet engine: [Apache Tomcat/9.0.65]
2025-08-07 16:36:53,708 INFO  [main] org.apache.jasper.servlet.TldScanner:log:173 - At least one JAR was scanned for TLDs yet contained no TLDs. Enable debug logging for this logger for a complete list of JARs that were scanned but no TLDs were found in them. Skipping unneeded JARs during scanning can improve startup time and JSP compilation time.
2025-08-07 16:36:53,715 INFO  [main] org.apache.catalina.core.ContainerBase.[Tomcat].[localhost].[/]:log:173 - Initializing Spring embedded WebApplicationContext
2025-08-07 16:36:53,716 INFO  [main] org.springframework.boot.web.servlet.context.ServletWebServerApplicationContext:prepareWebApplicationContext:292 - Root WebApplicationContext: initialization completed in 1400 ms
2025-08-07 16:36:54,672 INFO  [main] org.apache.coyote.http11.Http11NioProtocol:log:173 - Starting ProtocolHandler ["http-nio-8080"]
2025-08-07 16:36:54,703 INFO  [main] org.springframework.boot.web.embedded.tomcat.TomcatWebServer:start:220 - Tomcat started on port(s): 8080 (http) with context path ''
2025-08-07 16:36:54,714 INFO  [main] com.example.quiz_project.QuizProjectApplication:logStarted:61 - Started QuizProjectApplication in 2.847 seconds (JVM running for 3.345)
2025-08-07 16:36:55,604 INFO  [http-nio-8080-exec-1] org.apache.catalina.core.ContainerBase.[Tomcat].[localhost].[/]:log:173 - Initializing Spring DispatcherServlet 'dispatcherServlet'
2025-08-07 16:36:55,604 INFO  [http-nio-8080-exec-1] org.springframework.web.servlet.DispatcherServlet:initServletBean:525 - Initializing Servlet 'dispatcherServlet'
2025-08-07 16:36:55,605 INFO  [http-nio-8080-exec-1] org.springframework.web.servlet.DispatcherServlet:initServletBean:547 - Completed initialization in 1 ms
2025-08-07 16:37:38,730 INFO  [main] com.example.quiz_project.QuizProjectApplication:logStarting:55 - Starting QuizProjectApplication using Java 1.8.0_452 on Haneko with PID 15616 (D:\Code_projects\target\classes started by 40108 in D:\Code_projects)
2025-08-07 16:37:38,733 INFO  [main] com.example.quiz_project.QuizProjectApplication:logStartupProfileInfo:634 - No active profile set, falling back to 1 default profile: "default"
2025-08-07 16:37:39,276 INFO  [main] org.springframework.data.repository.config.RepositoryConfigurationDelegate:registerRepositoriesIn:132 - Bootstrapping Spring Data JDBC repositories in DEFAULT mode.
2025-08-07 16:37:39,291 INFO  [main] org.springframework.data.repository.config.RepositoryConfigurationDelegate:registerRepositoriesIn:201 - Finished Spring Data repository scanning in 10 ms. Found 0 JDBC repository interfaces.
2025-08-07 16:37:39,902 INFO  [main] org.springframework.boot.web.embedded.tomcat.TomcatWebServer:initialize:108 - Tomcat initialized with port(s): 8080 (http)
2025-08-07 16:37:39,910 INFO  [main] org.apache.coyote.http11.Http11NioProtocol:log:173 - Initializing ProtocolHandler ["http-nio-8080"]
2025-08-07 16:37:39,910 INFO  [main] org.apache.catalina.core.StandardService:log:173 - Starting service [Tomcat]
2025-08-07 16:37:39,911 INFO  [main] org.apache.catalina.core.StandardEngine:log:173 - Starting Servlet engine: [Apache Tomcat/9.0.65]
2025-08-07 16:37:40,109 INFO  [main] org.apache.jasper.servlet.TldScanner:log:173 - At least one JAR was scanned for TLDs yet contained no TLDs. Enable debug logging for this logger for a complete list of JARs that were scanned but no TLDs were found in them. Skipping unneeded JARs during scanning can improve startup time and JSP compilation time.
2025-08-07 16:37:40,116 INFO  [main] org.apache.catalina.core.ContainerBase.[Tomcat].[localhost].[/]:log:173 - Initializing Spring embedded WebApplicationContext
2025-08-07 16:37:40,116 INFO  [main] org.springframework.boot.web.servlet.context.ServletWebServerApplicationContext:prepareWebApplicationContext:292 - Root WebApplicationContext: initialization completed in 1339 ms
2025-08-07 16:37:40,914 INFO  [main] org.apache.coyote.http11.Http11NioProtocol:log:173 - Starting ProtocolHandler ["http-nio-8080"]
2025-08-07 16:37:40,944 INFO  [main] org.springframework.boot.web.embedded.tomcat.TomcatWebServer:start:220 - Tomcat started on port(s): 8080 (http) with context path ''
2025-08-07 16:37:40,954 INFO  [main] com.example.quiz_project.QuizProjectApplication:logStarted:61 - Started QuizProjectApplication in 2.579 seconds (JVM running for 3.008)
2025-08-07 16:37:48,795 INFO  [http-nio-8080-exec-1] org.apache.catalina.core.ContainerBase.[Tomcat].[localhost].[/]:log:173 - Initializing Spring DispatcherServlet 'dispatcherServlet'
2025-08-07 16:37:48,795 INFO  [http-nio-8080-exec-1] org.springframework.web.servlet.DispatcherServlet:initServletBean:525 - Initializing Servlet 'dispatcherServlet'
2025-08-07 16:37:48,796 INFO  [http-nio-8080-exec-1] org.springframework.web.servlet.DispatcherServlet:initServletBean:547 - Completed initialization in 1 ms
2025-08-07 16:38:07,077 INFO  [http-nio-8080-exec-10] com.example.quiz_project.controller.AdminQuizController:adminQuizIndex:71 - User Haneko logged in with role: Admin
2025-08-07 16:39:28,298 INFO  [main] com.example.quiz_project.QuizProjectApplication:logStarting:55 - Starting QuizProjectApplication using Java 1.8.0_452 on Haneko with PID 20644 (D:\Code_projects\target\classes started by 40108 in D:\Code_projects)
2025-08-07 16:39:28,301 INFO  [main] com.example.quiz_project.QuizProjectApplication:logStartupProfileInfo:634 - No active profile set, falling back to 1 default profile: "default"
2025-08-07 16:39:28,828 INFO  [main] org.springframework.data.repository.config.RepositoryConfigurationDelegate:registerRepositoriesIn:132 - Bootstrapping Spring Data JDBC repositories in DEFAULT mode.
2025-08-07 16:39:28,842 INFO  [main] org.springframework.data.repository.config.RepositoryConfigurationDelegate:registerRepositoriesIn:201 - Finished Spring Data repository scanning in 9 ms. Found 0 JDBC repository interfaces.
2025-08-07 16:39:29,466 INFO  [main] org.springframework.boot.web.embedded.tomcat.TomcatWebServer:initialize:108 - Tomcat initialized with port(s): 8080 (http)
2025-08-07 16:39:29,476 INFO  [main] org.apache.coyote.http11.Http11NioProtocol:log:173 - Initializing ProtocolHandler ["http-nio-8080"]
2025-08-07 16:39:29,477 INFO  [main] org.apache.catalina.core.StandardService:log:173 - Starting service [Tomcat]
2025-08-07 16:39:29,477 INFO  [main] org.apache.catalina.core.StandardEngine:log:173 - Starting Servlet engine: [Apache Tomcat/9.0.65]
2025-08-07 16:39:29,673 INFO  [main] org.apache.jasper.servlet.TldScanner:log:173 - At least one JAR was scanned for TLDs yet contained no TLDs. Enable debug logging for this logger for a complete list of JARs that were scanned but no TLDs were found in them. Skipping unneeded JARs during scanning can improve startup time and JSP compilation time.
2025-08-07 16:39:29,679 INFO  [main] org.apache.catalina.core.ContainerBase.[Tomcat].[localhost].[/]:log:173 - Initializing Spring embedded WebApplicationContext
2025-08-07 16:39:29,680 INFO  [main] org.springframework.boot.web.servlet.context.ServletWebServerApplicationContext:prepareWebApplicationContext:292 - Root WebApplicationContext: initialization completed in 1337 ms
2025-08-07 16:39:30,501 INFO  [main] org.apache.coyote.http11.Http11NioProtocol:log:173 - Starting ProtocolHandler ["http-nio-8080"]
2025-08-07 16:39:30,529 INFO  [main] org.springframework.boot.web.embedded.tomcat.TomcatWebServer:start:220 - Tomcat started on port(s): 8080 (http) with context path ''
2025-08-07 16:39:30,538 INFO  [main] com.example.quiz_project.QuizProjectApplication:logStarted:61 - Started QuizProjectApplication in 2.604 seconds (JVM running for 2.993)
2025-08-07 16:39:35,767 INFO  [http-nio-8080-exec-1] org.apache.catalina.core.ContainerBase.[Tomcat].[localhost].[/]:log:173 - Initializing Spring DispatcherServlet 'dispatcherServlet'
2025-08-07 16:39:35,768 INFO  [http-nio-8080-exec-1] org.springframework.web.servlet.DispatcherServlet:initServletBean:525 - Initializing Servlet 'dispatcherServlet'
2025-08-07 16:39:35,769 INFO  [http-nio-8080-exec-1] org.springframework.web.servlet.DispatcherServlet:initServletBean:547 - Completed initialization in 1 ms
2025-08-07 16:39:38,707 INFO  [http-nio-8080-exec-5] com.example.quiz_project.controller.AdminQuizController:adminQuizIndex:71 - User Haneko logged in with role: Admin
2025-08-07 16:40:18,199 INFO  [http-nio-8080-exec-6] com.example.quiz_project.controller.AdminQuizController:adminQuizIndex:71 - User Haneko logged in with role: Admin
2025-08-07 16:41:11,149 INFO  [main] com.example.quiz_project.QuizProjectApplication:logStarting:55 - Starting QuizProjectApplication using Java 1.8.0_452 on Haneko with PID 18716 (D:\Code_projects\target\classes started by 40108 in D:\Code_projects)
2025-08-07 16:41:11,151 INFO  [main] com.example.quiz_project.QuizProjectApplication:logStartupProfileInfo:634 - No active profile set, falling back to 1 default profile: "default"
2025-08-07 16:41:11,680 INFO  [main] org.springframework.data.repository.config.RepositoryConfigurationDelegate:registerRepositoriesIn:132 - Bootstrapping Spring Data JDBC repositories in DEFAULT mode.
2025-08-07 16:41:11,694 INFO  [main] org.springframework.data.repository.config.RepositoryConfigurationDelegate:registerRepositoriesIn:201 - Finished Spring Data repository scanning in 9 ms. Found 0 JDBC repository interfaces.
2025-08-07 16:41:12,320 INFO  [main] org.springframework.boot.web.embedded.tomcat.TomcatWebServer:initialize:108 - Tomcat initialized with port(s): 8080 (http)
2025-08-07 16:41:12,330 INFO  [main] org.apache.coyote.http11.Http11NioProtocol:log:173 - Initializing ProtocolHandler ["http-nio-8080"]
2025-08-07 16:41:12,331 INFO  [main] org.apache.catalina.core.StandardService:log:173 - Starting service [Tomcat]
2025-08-07 16:41:12,331 INFO  [main] org.apache.catalina.core.StandardEngine:log:173 - Starting Servlet engine: [Apache Tomcat/9.0.65]
2025-08-07 16:41:12,549 INFO  [main] org.apache.jasper.servlet.TldScanner:log:173 - At least one JAR was scanned for TLDs yet contained no TLDs. Enable debug logging for this logger for a complete list of JARs that were scanned but no TLDs were found in them. Skipping unneeded JARs during scanning can improve startup time and JSP compilation time.
2025-08-07 16:41:12,556 INFO  [main] org.apache.catalina.core.ContainerBase.[Tomcat].[localhost].[/]:log:173 - Initializing Spring embedded WebApplicationContext
2025-08-07 16:41:12,556 INFO  [main] org.springframework.boot.web.servlet.context.ServletWebServerApplicationContext:prepareWebApplicationContext:292 - Root WebApplicationContext: initialization completed in 1361 ms
2025-08-07 16:41:13,423 INFO  [main] org.apache.coyote.http11.Http11NioProtocol:log:173 - Starting ProtocolHandler ["http-nio-8080"]
2025-08-07 16:41:13,449 INFO  [main] org.springframework.boot.web.embedded.tomcat.TomcatWebServer:start:220 - Tomcat started on port(s): 8080 (http) with context path ''
2025-08-07 16:41:13,458 INFO  [main] com.example.quiz_project.QuizProjectApplication:logStarted:61 - Started QuizProjectApplication in 2.697 seconds (JVM running for 3.116)
2025-08-07 16:41:13,628 INFO  [http-nio-8080-exec-1] org.apache.catalina.core.ContainerBase.[Tomcat].[localhost].[/]:log:173 - Initializing Spring DispatcherServlet 'dispatcherServlet'
2025-08-07 16:41:13,628 INFO  [http-nio-8080-exec-1] org.springframework.web.servlet.DispatcherServlet:initServletBean:525 - Initializing Servlet 'dispatcherServlet'
2025-08-07 16:41:13,629 INFO  [http-nio-8080-exec-1] org.springframework.web.servlet.DispatcherServlet:initServletBean:547 - Completed initialization in 1 ms
2025-08-07 16:41:32,230 INFO  [main] com.example.quiz_project.QuizProjectApplication:logStarting:55 - Starting QuizProjectApplication using Java 1.8.0_452 on Haneko with PID 9240 (D:\Code_projects\target\classes started by 40108 in D:\Code_projects)
2025-08-07 16:41:32,233 INFO  [main] com.example.quiz_project.QuizProjectApplication:logStartupProfileInfo:634 - No active profile set, falling back to 1 default profile: "default"
2025-08-07 16:41:32,786 INFO  [main] org.springframework.data.repository.config.RepositoryConfigurationDelegate:registerRepositoriesIn:132 - Bootstrapping Spring Data JDBC repositories in DEFAULT mode.
2025-08-07 16:41:32,798 INFO  [main] org.springframework.data.repository.config.RepositoryConfigurationDelegate:registerRepositoriesIn:201 - Finished Spring Data repository scanning in 9 ms. Found 0 JDBC repository interfaces.
2025-08-07 16:41:33,420 INFO  [main] org.springframework.boot.web.embedded.tomcat.TomcatWebServer:initialize:108 - Tomcat initialized with port(s): 8080 (http)
2025-08-07 16:41:33,427 INFO  [main] org.apache.coyote.http11.Http11NioProtocol:log:173 - Initializing ProtocolHandler ["http-nio-8080"]
2025-08-07 16:41:33,428 INFO  [main] org.apache.catalina.core.StandardService:log:173 - Starting service [Tomcat]
2025-08-07 16:41:33,428 INFO  [main] org.apache.catalina.core.StandardEngine:log:173 - Starting Servlet engine: [Apache Tomcat/9.0.65]
2025-08-07 16:41:33,624 INFO  [main] org.apache.jasper.servlet.TldScanner:log:173 - At least one JAR was scanned for TLDs yet contained no TLDs. Enable debug logging for this logger for a complete list of JARs that were scanned but no TLDs were found in them. Skipping unneeded JARs during scanning can improve startup time and JSP compilation time.
2025-08-07 16:41:33,630 INFO  [main] org.apache.catalina.core.ContainerBase.[Tomcat].[localhost].[/]:log:173 - Initializing Spring embedded WebApplicationContext
2025-08-07 16:41:33,631 INFO  [main] org.springframework.boot.web.servlet.context.ServletWebServerApplicationContext:prepareWebApplicationContext:292 - Root WebApplicationContext: initialization completed in 1355 ms
2025-08-07 16:41:34,484 INFO  [main] org.apache.coyote.http11.Http11NioProtocol:log:173 - Starting ProtocolHandler ["http-nio-8080"]
2025-08-07 16:41:34,510 INFO  [main] org.springframework.boot.web.embedded.tomcat.TomcatWebServer:start:220 - Tomcat started on port(s): 8080 (http) with context path ''
2025-08-07 16:41:34,520 INFO  [main] com.example.quiz_project.QuizProjectApplication:logStarted:61 - Started QuizProjectApplication in 2.68 seconds (JVM running for 3.088)
2025-08-07 16:41:34,557 INFO  [http-nio-8080-exec-3] org.apache.catalina.core.ContainerBase.[Tomcat].[localhost].[/]:log:173 - Initializing Spring DispatcherServlet 'dispatcherServlet'
2025-08-07 16:41:34,557 INFO  [http-nio-8080-exec-3] org.springframework.web.servlet.DispatcherServlet:initServletBean:525 - Initializing Servlet 'dispatcherServlet'
2025-08-07 16:41:34,558 INFO  [http-nio-8080-exec-3] org.springframework.web.servlet.DispatcherServlet:initServletBean:547 - Completed initialization in 1 ms
